[   293][I][esp32-hal-periman.c:141] perimanSetPinBus(): Pin 13 already has type USB_DM (38) with bus 0x4081cfec

[   293][I][esp32-hal-periman.c:141] perimanSetPinBus(): Pin 14 already has type USB_DP (39) with bus 0x4081cfec
[   293][I][main.cpp:90] setup(): [NaMa] Serial initialized
[   294][I][main.cpp:100] setup(): [NaMa] LED initialized
[ 11445][I][AdapterWLAN.cpp:82] identifyOptimalChannel(): [AW] WiFI Net Cnt: 38
[ 11446][D][AdapterWLAN.cpp:99] identifyOptimalChannel(): [AW] RSSI: -37
[ 11446][D][AdapterWLAN.cpp:114] identifyOptimalChannel(): [AW] Ch.: 116, RSSI: -37, iRSSI: 83
[ 11446][D][AdapterWLAN.cpp:154] identifyOptimalChannel(): [AW] Subtotals: C1: 0, C6: 0, C11: 0
[ 11447][D][AdapterWLAN.cpp:99] identifyOptimalChannel(): [AW] RSSI: -39
[ 11447][D][AdapterWLAN.cpp:114] identifyOptimalChannel(): [AW] Ch.: 1, RSSI: -39, iRSSI: 81
[ 11447][D][AdapterWLAN.cpp:154] identifyOptimalChannel(): [AW] Subtotals: C1: 81, C6: 0, C11: 0
[ 11447][D][AdapterWLAN.cpp:99] identifyOptimalChannel(): [AW] RSSI: -40
[ 11448][D][AdapterWLAN.cpp:114] identifyOptimalChannel(): [AW] Ch.: 1, RSSI: -40, iRSSI: 80
[ 11448][D][AdapterWLAN.cpp:154] identifyOptimalChannel(): [AW] Subtotals: C1: 161, C6: 0, C11: 0
[ 11448][D][AdapterWLAN.cpp:99] identifyOptimalChannel(): [AW] RSSI: -41
[ 11448][D][AdapterWLAN.cpp:114] identifyOptimalChannel(): [AW] Ch.: 1, RSSI: -41, iRSSI: 79
[ 11448][D][AdapterWLAN.cpp:154] identifyOptimalChannel(): [AW] Subtotals: C1: 240, C6: 0, C11: 0
[ 11449][D][AdapterWLAN.cpp:99] identifyOptimalChannel(): [AW] RSSI: -41
[ 11449][D][AdapterWLAN.cpp:114] identifyOptimalChannel(): [AW] Ch.: 116, RSSI: -41, iRSSI: 79
[ 11449][D][AdapterWLAN.cpp:154] identifyOptimalChannel(): [AW] Subtotals: C1: 240, C6: 0, C11: 0
[ 11450][D][AdapterWLAN.cpp:99] identifyOptimalChannel(): [AW] RSSI: -42
[ 11450][D][AdapterWLAN.cpp:114] identifyOptimalChannel(): [AW] Ch.: 116, RSSI: -42, iRSSI: 78
[ 11450][D][AdapterWLAN.cpp:154] identifyOptimalChannel(): [AW] Subtotals: C1: 240, C6: 0, C11: 0
[ 11450][D][AdapterWLAN.cpp:99] identifyOptimalChannel(): [AW] RSSI: -76
[ 11450][D][AdapterWLAN.cpp:114] identifyOptimalChannel(): [AW] Ch.: 6, RSSI: -76, iRSSI: 44
[ 11451][D][AdapterWLAN.cpp:154] identifyOptimalChannel(): [AW] Subtotals: C1: 240, C6: 44, C11: 0
[ 11451][D][AdapterWLAN.cpp:99] identifyOptimalChannel(): [AW] RSSI: -76
[ 11451][D][AdapterWLAN.cpp:114] identifyOptimalChannel(): [AW] Ch.: 6, RSSI: -76, iRSSI: 44
[ 11451][D][AdapterWLAN.cpp:154] identifyOptimalChannel(): [AW] Subtotals: C1: 240, C6: 88, C11: 0
[ 11452][D][AdapterWLAN.cpp:99] identifyOptimalChannel(): [AW] RSSI: -77
[ 11452][D][AdapterWLAN.cpp:114] identifyOptimalChannel(): [AW] Ch.: 1, RSSI: -77, iRSSI: 43
[ 11452][D][AdapterWLAN.cpp:154] identifyOptimalChannel(): [AW] Subtotals: C1: 283, C6: 88, C11: 0
[ 11453][D][AdapterWLAN.cpp:114] identifyOptimalChannel(): [AW] Ch.: 6, RSSI: -77, iRSSI: 43
[ 11453][D][AdapterWLAN.cpp:154] identifyOptimalChannel(): [AW] Subtotals: C1: 283, C6: 131, C11: 0
[ 11453][D][AdapterWLAN.cpp:99] identifyOptimalChannel(): [AW] RSSI: -77
[ 11453][D][AdapterWLAN.cpp:114] identifyOptimalChannel(): [AW] Ch.: 56, RSSI: -77, iRSSI: 43
[ 11454][D][AdapterWLAN.cpp:154] identifyOptimalChannel(): [AW] Subtotals: C1: 283, C6: 131, C11: 0
[ 11454][D][AdapterWLAN.cpp:99] identifyOptimalChannel(): [AW] RSSI: -77
[ 11454][D][AdapterWLAN.cpp:114] identifyOptimalChannel(): [AW] Ch.: 157, RSSI: -77, iRSSI: 43
[ 11455][D][AdapterWLAN.cpp:99] identifyOptimalChannel(): [AW] RSSI: -77
[ 11455][D][AdapterWLAN.cpp:114] identifyOptimalChannel(): [AW] Ch.: 157, RSSI: -77, iRSSI: 43
[ 11455][D][AdapterWLAN.cpp:154] identifyOptimalChannel(): [AW] Subtotals: C1: 283, C6: 131, C11: 0
[ 11456][D][AdapterWLAN.cpp:114] identifyOptimalChannel(): [AW] Ch.: 157, RSSI: -77, iRSSI: 43
[ 11456][D][AdapterWLAN.cpp:154] identifyOptimalChannel(): [AW] Subtotals: C1: 283, C6: 131, C11: 0
[ 11456][D][AdapterWLAN.cpp:99] identifyOptimalChannel(): [AW] RSSI: -78
[ 11456][D][AdapterWLAN.cpp:114] identifyOptimalChannel(): [AW] Ch.: 1, RSSI: -78, iRSSI: 42
[ 11457][D][AdapterWLAN.cpp:154] identifyOptimalChannel(): [AW] Subtotals: C1: 325, C6: 131, C11: 0
[ 11457][D][AdapterWLAN.cpp:99] identifyOptimalChannel(): [AW] RSSI: -78
[ 11457][D][AdapterWLAN.cpp:114] identifyOptimalChannel(): [AW] Ch.: 1, RSSI: -78, iRSSI: 42
[ 11457][D][AdapterWLAN.cpp:154] identifyOptimalChannel(): [AW] Subtotals: C1: 367, C6: 131, C11: 0
[ 11458][D][AdapterWLAN.cpp:99] identifyOptimalChannel(): [AW] RSSI: -79
[ 11458][D][AdapterWLAN.cpp:114] identifyOptimalChannel(): [AW] Ch.: 1, RSSI: -79, iRSSI: 41
[ 11458][D][AdapterWLAN.cpp:154] identifyOptimalChannel(): [AW] Subtotals: C1: 408, C6: 131, C11: 0
[ 11458][D][AdapterWLAN.cpp:99] identifyOptimalChannel(): [AW] RSSI: -80
[ 11459][D][AdapterWLAN.cpp:114] identifyOptimalChannel(): [AW] Ch.: 1, RSSI: -80, iRSSI: 40
[ 11459][D][AdapterWLAN.cpp:154] identifyOptimalChannel(): [AW] Subtotals: C1: 448, C6: 131, C11: 0
[ 11459][D][AdapterWLAN.cpp:99] identifyOptimalChannel(): [AW] RSSI: -80
[ 11460][D][AdapterWLAN.cpp:154] identifyOptimalChannel(): [AW] Subtotals: C1: 488, C6: 131, C11: 0
[ 11460][D][AdapterWLAN.cpp:99] identifyOptimalChannel(): [AW] RSSI: -80
[ 11460][D][AdapterWLAN.cpp:114] identifyOptimalChannel(): [AW] Ch.: 64, RSSI: -80, iRSSI: 40
[ 11461][D][AdapterWLAN.cpp:99] identifyOptimalChannel(): [AW] RSSI: -81
[ 11461][D][AdapterWLAN.cpp:114] identifyOptimalChannel(): [AW] Ch.: 11, RSSI: -81, iRSSI: 39
[ 11461][D][AdapterWLAN.cpp:154] identifyOptimalChannel(): [AW] Subtotals: C1: 488, C6: 131, C11: 39
[ 11462][D][AdapterWLAN.cpp:114] identifyOptimalChannel(): [AW] Ch.: 56, RSSI: -81, iRSSI: 39
[ 11462][D][AdapterWLAN.cpp:154] identifyOptimalChannel(): [AW] Subtotals: C1: 488, C6: 131, C11: 39
[ 11462][D][AdapterWLAN.cpp:99] identifyOptimalChannel(): [AW] RSSI: -81
[ 11463][D][AdapterWLAN.cpp:154] identifyOptimalChannel(): [AW] Subtotals: C1: 488, C6: 131, C11: 39
[ 11463][D][AdapterWLAN.cpp:99] identifyOptimalChannel(): [AW] RSSI: -82
[ 11463][D][AdapterWLAN.cpp:114] identifyOptimalChannel(): [AW] Ch.: 1, RSSI: -82, iRSSI: 38
[ 11463][D][AdapterWLAN.cpp:154] identifyOptimalChannel(): [AW] Subtotals: C1: 526, C6: 131, C11: 39
[ 11464][D][AdapterWLAN.cpp:99] identifyOptimalChannel(): [AW] RSSI: -82
[ 11464][D][AdapterWLAN.cpp:114] identifyOptimalChannel(): [AW] Ch.: 1, RSSI: -82, iRSSI: 38
[ 11464][D][AdapterWLAN.cpp:154] identifyOptimalChannel(): [AW] Subtotals: C1: 564, C6: 131, C11: 39
[ 11464][D][AdapterWLAN.cpp:99] identifyOptimalChannel(): [AW] RSSI: -83
[ 11465][D][AdapterWLAN.cpp:114] identifyOptimalChannel(): [AW] Ch.: 11, RSSI: -83, iRSSI: 37
[ 11465][D][AdapterWLAN.cpp:154] identifyOptimalChannel(): [AW] Subtotals: C1: 564, C6: 131, C11: 76
[ 11465][D][AdapterWLAN.cpp:99] identifyOptimalChannel(): [AW] RSSI: -83
[ 11465][D][AdapterWLAN.cpp:114] identifyOptimalChannel(): [AW] Ch.: 132, RSSI: -83, iRSSI: 37
[ 11466][D][AdapterWLAN.cpp:154] identifyOptimalChannel(): [AW] Subtotals: C1: 564, C6: 131, C11: 76
[ 11466][D][AdapterWLAN.cpp:99] identifyOptimalChannel(): [AW] RSSI: -85
[ 11466][D][AdapterWLAN.cpp:114] identifyOptimalChannel(): [AW] Ch.: 64, RSSI: -85, iRSSI: 35
[ 11467][D][AdapterWLAN.cpp:99] identifyOptimalChannel(): [AW] RSSI: -85
[ 11467][D][AdapterWLAN.cpp:114] identifyOptimalChannel(): [AW] Ch.: 64, RSSI: -85, iRSSI: 35
[ 11467][D][AdapterWLAN.cpp:154] identifyOptimalChannel(): [AW] Subtotals: C1: 564, C6: 131, C11: 76
[ 11467][D][AdapterWLAN.cpp:99] identifyOptimalChannel(): [AW] RSSI: -86
[ 11468][D][AdapterWLAN.cpp:114] identifyOptimalChannel(): [AW] Ch.: 40, RSSI: -86, iRSSI: 34
[ 11468][D][AdapterWLAN.cpp:154] identifyOptimalChannel(): [AW] Subtotals: C1: 564, C6: 131, C11: 76
[ 11468][D][AdapterWLAN.cpp:99] identifyOptimalChannel(): [AW] RSSI: -86
[ 11469][D][AdapterWLAN.cpp:154] identifyOptimalChannel(): [AW] Subtotals: C1: 564, C6: 131, C11: 76
[ 11469][D][AdapterWLAN.cpp:99] identifyOptimalChannel(): [AW] RSSI: -86
[ 11469][D][AdapterWLAN.cpp:114] identifyOptimalChannel(): [AW] Ch.: 40, RSSI: -86, iRSSI: 34
[ 11470][D][AdapterWLAN.cpp:99] identifyOptimalChannel(): [AW] RSSI: -87
[ 11470][D][AdapterWLAN.cpp:114] identifyOptimalChannel(): [AW] Ch.: 132, RSSI: -87, iRSSI: 33
[ 11470][D][AdapterWLAN.cpp:154] identifyOptimalChannel(): [AW] Subtotals: C1: 564, C6: 131, C11: 76
[ 11471][D][AdapterWLAN.cpp:99] identifyOptimalChannel(): [AW] RSSI: -88
[ 11471][D][AdapterWLAN.cpp:114] identifyOptimalChannel(): [AW] Ch.: 132, RSSI: -88, iRSSI: 32
[ 11471][D][AdapterWLAN.cpp:154] identifyOptimalChannel(): [AW] Subtotals: C1: 564, C6: 131, C11: 76
[ 11471][D][AdapterWLAN.cpp:99] identifyOptimalChannel(): [AW] RSSI: -89
[ 11471][D][AdapterWLAN.cpp:114] identifyOptimalChannel(): [AW] Ch.: 36, RSSI: -89, iRSSI: 31
[ 11472][D][AdapterWLAN.cpp:154] identifyOptimalChannel(): [AW] Subtotals: C1: 564, C6: 131, C11: 76
[ 11472][D][AdapterWLAN.cpp:99] identifyOptimalChannel(): [AW] RSSI: -92
[ 11472][D][AdapterWLAN.cpp:114] identifyOptimalChannel(): [AW] Ch.: 11, RSSI: -92, iRSSI: 28
[ 11472][D][AdapterWLAN.cpp:154] identifyOptimalChannel(): [AW] Subtotals: C1: 564, C6: 131, C11: 104
[ 11473][D][AdapterWLAN.cpp:99] identifyOptimalChannel(): [AW] RSSI: -92
[ 11473][D][AdapterWLAN.cpp:114] identifyOptimalChannel(): [AW] Ch.: 11, RSSI: -92, iRSSI: 28
[ 11473][D][AdapterWLAN.cpp:154] identifyOptimalChannel(): [AW] Subtotals: C1: 564, C6: 131, C11: 132
[ 11473][D][AdapterWLAN.cpp:99] identifyOptimalChannel(): [AW] RSSI: -94
[ 11474][D][AdapterWLAN.cpp:114] identifyOptimalChannel(): [AW] Ch.: 161, RSSI: -94, iRSSI: 26
[ 11474][D][AdapterWLAN.cpp:154] identifyOptimalChannel(): [AW] Subtotals: C1: 564, C6: 131, C11: 132
[ 11474][I][AdapterWLAN.cpp:163] identifyOptimalChannel(): [AW] Optimal Ch.: 6
[ 11475][I][main.cpp:113] setup(): [NaMa] Optimal WiFi Channel: 6
[ 11475][D][AdapterESPNow.cpp:42] begin(): [AE] ESP-NOW init. success
[ 11475][I][main.cpp:127] setup(): [NaMa] ESP-NOW initialized.
[ 11476][D][AdapterESPNow.cpp:182] registerPeer(): [AE] Peer registered: 
[ 11476][I][main.cpp:139] setup(): [NaMa] Registered peer
[ 11476][W][AdapterWLAN.cpp:234] getMACAddress(): [AW] Starting WiFi4
E (11938) wifi:can not set wifi Bandwidth under WiFi band mode WIFI_BAND_MODE_AUTO, please use esp_wifi_set_bandwidths instead
[ 11477][E][STA.cpp:261] bandwidth(): Could not set STA bandwidth! 0x106: ESP_ERR_NOT_SUPPORTED
[ 11477][D][WiFiGeneric.cpp:730] setBandMode(): Switching Band Mode from 3 to 1
[ 11582][D][AdapterWLAN.cpp:252] getMACAddress(): [AW] Queried MACAddr
[ 11582][D][AdapterWLAN.cpp:314] getMACAddress(): [AW] MACAddrFormatted: MACADDR: 
[ 11476][I][main.cpp:160] setup(): [NaMa] MAC Address: 30:ed:a0:e0:6b:78
WRN: PC: Not enabled!
[ 11583][I][main.cpp:224] vTaskPitch(): [NaMa] Pitch PID Output: -1.000000
[ 11583][D][main.cpp:345] vINF: PC: Enabling PID controller...
[ 11584][I][main.cpp:198] setup(): [NaMa] Setup complete!
=========== After Setup Start ============
INTERNAL Memory Info:
------------------------------------------
  Total Size        :   257072 B ( 251.0 KB)
  Free Bytes        :   143000 B ( 139.6 KB)
  Allocated Bytes   :   108000 B ( 105.5 KB)TaskLogData(): [NaMa] Logging Data:
[ 11585][I][main.cpp:347] vTaskLogData(): [NaMa] Num tasks reported by FreeRTOS: 15
[ 11586][I][main.cpp:367] vTaskLogData(): [NaMa] Task Run Time Stats:
Log            	181	
  Minimum Free Bytes:   143000 B ( 139.6 KB)
  Largest Free Block:   122868 B ( 120.0 KB)
GPIO Info:
  GPIO : BUS_TYPE[bus/unit][chan]
  --------------------------------------  
    11 : UART_TX[0]
    12 : UART_RX[0]
    13 : USB_DM
    14 : USB	<1%
loopTask       	44843		<1%
IDLE           	10865546		93%
Ptch           	539		<1%
tiT            	2606		<1%
LED            	11		<1%
Cfg            	5		<1%
Poll           	10		<1%
esp_timer      	44617		<1%
sys_evt        	1218		<1%
arduino_events 	359		<1%
wifi           	620195		5%
Recv           	4		<1%
Send           	8		<1%
Tmr Svc        	6		<1%
_DP
    15 : GPIO
============ After Setup End =============
[ 11593][I][main.cpp:224] vTaskPitch(): [NaMa] Pitch PID Output: 1499.917725
[ 11603][I][main.cpp:224] vTaskPitch(): [NaMa] Pitch PID Output: 1499.837402
[ 11613][I][main.cpp:224] vTaskPitch(): [NaMa] Pitch PID Output: 1499.756836
[ 11623][I][main.cpp:224] vTaskPitch(): [NaMa] Pitch PID Output: 1499.676025
[ 11633][I][main.cpp:224] vTaskPitch(): [NaMa] Pitch PID Output: 1499.595093
[ 11643][I][main.cpp:224] vTaskPitch(): [NaMa] Pitch PID Output: 1499.513916
[ 11653][I][main.cpp:224] vTaskPitch(): [NaMa] Pitch PID Output: 1499.432495
[ 11663][I][main.cpp:224] vTaskPitch(): [NaMa] Pitch PID Output: 1499.350952
[ 11673][I][main.cpp:224] vTaskPitch(): [NaMa] Pitch PID Output: 1499.269165
[ 11683][I][main.cpp:224] vTaskPitch(): [NaMa] Pitch PID Output: 1499.187134
[ 11693][I][main.cpp:224] vTaskPitch(): [NaMa] Pitch PID Output: 1499.104980
[ 11703][I][main.cpp:224] vTaskPitch(): [NaMa] Pitch PID Output: 1499.022583
[ 11713][I][main.cpp:224] vTaskPitch(): [NaMa] Pitch PID Output: 1498.940063
[ 11723][I][main.cpp:224] vTaskPitch(): [NaMa] Pitch PID Output: 1498.857300
[ 11733][I][main.cpp:224] vTaskPitch(): [NaMa] Pitch PID Output: 1498.774292
[ 11743][I][main.cpp:224] vTaskPitch(): [NaMa] Pitch PID Output: 1498.691162
[ 11753][I][main.cpp:224] vTaskPitch(): [NaMa] Pitch PID Output: 1498.607788
[ 11763][I][main.cpp:224] vTaskPitch(): [NaMa] Pitch PID Output: 1498.524170
[ 11773][I][main.cpp:224] vTaskPitch(): [NaMa] Pitch PID Output: 1498.440430
[ 11783][I][main.cpp:224] vTaskPitch(): [NaMa] Pitch PID Output: 1498.356445
[ 11793][I][main.cpp:224] vTaskPitch(): [NaMa] Pitch PID Output: 1498.272217
[ 11803][I][main.cpp:224] vTaskPitch(): [NaMa] Pitch PID Output: 1498.187866
[ 11813][I][main.cpp:224] vTaskPitch(): [NaMa] Pitch PID Output: 1498.103271
[ 11823][I][main.cpp:224] vTaskPitch(): [NaMa] Pitch PID Output: 1498.018555
[ 11833][I][main.cpp:224] vTaskPitch(): [NaMa] Pitch PID Output: 1497.933594
[ 11843][I][main.cpp:224] vTaskPitch(): [NaMa] Pitch PID Output: 1497.848389
[ 11853][I][main.cpp:224] vTaskPitch(): [NaMa] Pitch PID Output: 1497.763062
[ 11863][I][main.cpp:224] vTaskPitch(): [NaMa] Pitch PID Output: 1497.677490
[ 11873][I][main.cpp:224] vTaskPitch(): [NaMa] Pitch PID Output: 1497.591675
[ 11883][I][main.cpp:224] vTaskPitch(): [NaMa] Pitch PID Output: 1497.505737
[ 11893][I][main.cpp:224] vTaskPitch(): [NaMa] Pitch PID Output: 1497.419556
[ 11903][I][main.cpp:224] vTaskPitch(): [NaMa] Pitch PID Output: 1497.333130
[ 11913][I][main.cpp:224] vTaskPitch(): [NaMa] Pitch PID Output: 1497.246582
[ 11923][I][main.cpp:224] vTaskPitch(): [NaMa] Pitch PID Output: 1497.159790
[ 11933][I][main.cpp:224] vTaskPitch(): [NaMa] Pitch PID Output: 1497.072876
[ 11943][I][main.cpp:224] vTaskPitch(): [NaMa] Pitch PID Output: 1496.985718
[ 11953][I][main.cpp:224] vTaskPitch(): [NaMa] Pitch PID Output: 1496.898315
[ 11963][I][main.cpp:224] vTaskPitch(): [NaMa] Pitch PID Output: 1496.810791
[ 11973][I][main.cpp:224] vTaskPitch(): [NaMa] Pitch PID Output: 1496.723022
[ 11983][I][main.cpp:224] vTaskPitch(): [NaMa] Pitch PID Output: 1496.635010
[ 11993][I][main.cpp:224] vTaskPitch(): [NaMa] Pitch PID Output: 1496.546875
[ 12003][I][main.cpp:224] vTaskPitch(): [NaMa] Pitch PID Output: 1496.458496
[ 12013][I][main.cpp:224] vTaskPitch(): [NaMa] Pitch PID Output: 1496.369873
[ 12023][I][main.cpp:224] vTaskPitch(): [NaMa] Pitch PID Output: 1496.281128
[ 12033][I][main.cpp:224] vTaskPitch(): [NaMa] Pitch PID Output: 1496.192139
[ 12043][I][main.cpp:224] vTaskPitch(): [NaMa] Pitch PID Output: 1496.102905
[ 12053][I][main.cpp:224] vTaskPitch(): [NaMa] Pitch PID Output: 1496.013550
[ 12063][I][main.cpp:224] vTaskPitch(): [NaMa] Pitch PID Output: 1495.923950
[ 12073][I][main.cpp:224] vTaskPitch(): [NaMa] Pitch PID Output: 1495.834229
[ 12083][I][main.cpp:224] vTaskPitch(): [NaMa] Pitch PID Output: 1495.744263
[ 12093][I][main.cpp:224] vTaskPitch(): [NaMa] Pitch PID Output: 1495.654053
[ 12103][I][main.cpp:224] vTaskPitch(): [NaMa] Pitch PID Output: 1495.563721
[ 12113][I][main.cpp:224] vTaskPitch(): [NaMa] Pitch PID Output: 1495.473145
[ 12123][I][main.cpp:224] vTaskPitch(): [NaMa] Pitch PID Output: 1495.382324
[ 12133][I][main.cpp:224] vTaskPitch(): [NaMa] Pitch PID Output: 1495.291382
[ 12143][I][main.cpp:224] vTaskPitch(): [NaMa] Pitch PID Output: 1495.200195
[ 12153][I][main.cpp:224] vTaskPitch(): [NaMa] Pitch PID Output: 1495.108765
[ 12163][I][main.cpp:224] vTaskPitch(): [NaMa] Pitch PID Output: 1495.017212
[ 12173][I][main.cpp:224] vTaskPitch(): [NaMa] Pitch PID Output: 1494.925415
[ 12183][I][main.cpp:224] vTaskPitch(): [NaMa] Pitch PID Output: 1494.833496
[ 12193][I][main.cpp:224] vTaskPitch(): [NaMa] Pitch PID Output: 1494.741333
[ 12203][I][main.cpp:224] vTaskPitch(): [NaMa] Pitch PID Output: 1494.648926
[ 12213][I][main.cpp:224] vTaskPitch(): [NaMa] Pitch PID Output: 1494.556396
[ 12223][I][main.cpp:224] vTaskPitch(): [NaMa] Pitch PID Output: 1494.463623
[ 12233][I][main.cpp:224] vTaskPitch(): [NaMa] Pitch PID Output: 1494.370605
[ 12243][I][main.cpp:224] vTaskPitch(): [NaMa] Pitch PID Output: 1494.277466
[ 12253][I][main.cpp:224] vTaskPitch(): [NaMa] Pitch PID Output: 1494.184082
[ 12263][I][main.cpp:224] vTaskPitch(): [NaMa] Pitch PID Output: 1494.090454
[ 12273][I][main.cpp:224] vTaskPitch(): [NaMa] Pitch PID Output: 1493.996704
[ 12283][I][main.cpp:224] vTaskPitch(): [NaMa] Pitch PID Output: 1493.902710
[ 12293][I][main.cpp:224] vTaskPitch(): [NaMa] Pitch PID Output: 1493.808594
[ 12303][I][main.cpp:224] vTaskPitch(): [NaMa] Pitch PID Output: 1493.714233
[ 12313][I][main.cpp:224] vTaskPitch(): [NaMa] Pitch PID Output: 1493.619629
[ 12323][I][main.cpp:224] vTaskPitch(): [NaMa] Pitch PID Output: 1493.524902
[ 12333][I][main.cpp:224] vTaskPitch(): [NaMa] Pitch PID Output: 1493.429932
[ 12343][I][main.cpp:224] vTaskPitch(): [NaMa] Pitch PID Output: 1493.334717
[ 12353][I][main.cpp:224] vTaskPitch(): [NaMa] Pitch PID Output: 1493.239380
[ 12363][I][main.cpp:224] vTaskPitch(): [NaMa] Pitch PID Output: 1493.143799
[ 12373][I][main.cpp:224] vTaskPitch(): [NaMa] Pitch PID Output: 1493.047974
[ 12383][I][main.cpp:224] vTaskPitch(): [NaMa] Pitch PID Output: 1492.952026
[ 12393][I][main.cpp:224] vTaskPitch(): [NaMa] Pitch PID Output: 1492.855835
[ 12403][I][main.cpp:224] vTaskPitch(): [NaMa] Pitch PID Output: 1492.759399
[ 12413][I][main.cpp:224] vTaskPitch(): [NaMa] Pitch PID Output: 1492.662842
[ 12423][I][main.cpp:224] vTaskPitch(): [NaMa] Pitch PID Output: 1492.566040
[ 12433][I][main.cpp:224] vTaskPitch(): [NaMa] Pitch PID Output: 1492.469116
[ 12443][I][main.cpp:224] vTaskPitch(): [NaMa] Pitch PID Output: 1492.371948
[ 12453][I][main.cpp:224] vTaskPitch(): [NaMa] Pitch PID Output: 1492.274536
[ 12463][I][main.cpp:224] vTaskPitch(): [NaMa] Pitch PID Output: 1492.177002
[ 12473][I][main.cpp:224] vTaskPitch(): [NaMa] Pitch PID Output: 1492.079224
[ 12483][I][main.cpp:224] vTaskPitch(): [NaMa] Pitch PID Output: 1491.981201
[ 12493][I][main.cpp:224] vTaskPitch(): [NaMa] Pitch PID Output: 1491.883057
[ 12503][I][main.cpp:224] vTaskPitch(): [NaMa] Pitch PID Output: 1491.784668
[ 12513][I][main.cpp:224] vTaskPitch(): [NaMa] Pitch PID Output: 1491.686035
[ 12523][I][main.cpp:224] vTaskPitch(): [NaMa] Pitch PID Output: 1491.587280
[ 12533][I][main.cpp:224] vTaskPitch(): [NaMa] Pitch PID Output: 1491.488281
[ 12543][I][main.cpp:224] vTaskPitch(): [NaMa] Pitch PID Output: 1491.389160
[ 12553][I][main.cpp:224] vTaskPitch(): [NaMa] Pitch PID Output: 1491.289795
[ 12563][I][main.cpp:224] vTaskPitch(): [NaMa] Pitch PID Output: 1491.190186
[ 12573][I][main.cpp:224] vTaskPitch(): [NaMa] Pitch PID Output: 1491.090454
[ 12583][I][main.cpp:224] vTaskPitch(): [NaMa] Pitch PID Output: 1490.990479
[ 12588][I][main.cpp:373] vTaskLogData(): [NaMa] T: Poll, U: 276, F: 1772
[ 12588][I][main.cpp:373] vTaskLogData(): [NaMa] T: Ptch, U: 2188, F: 1908
[ 12588][I][main.cpp:373] vTaskLogData(): [NaMa] T: Recv, U: 204, F: 1844
[ 12589][I][main.cpp:373] vTaskLogData(): [NaMa] T: Send, U: 204, F: 1844
[ 12589][I][main.cpp:373] vTaskLogData(): [NaMa] T: Cfg, U: 232, F: 280
[ 12589][I][main.cpp:373] vTaskLogData(): [NaMa] T: LED, U: 216, F: 40
[ 12589][I][main.cpp:373] vTaskLogData(): [NaMa] T: Log, U: 2292, F: 1804
[ 12593][I][main.cpp:224] vTaskPitch(): [NaMa] Pitch PID Output: 1490.890259
[ 12603][I][main.cpp:224] vTaskPitch(): [NaMa] Pitch PID Output: 1490.789917
[ 12613][I][main.cpp:224] vTaskPitch(): [NaMa] Pitch PID Output: 1490.689331
[ 12623][I][main.cpp:224] vTaskPitch(): [NaMa] Pitch PID Output: 1490.588501
[ 12633][I][main.cpp:224] vTaskPitch(): [NaMa] Pitch PID Output: 1490.487549
[ 12643][I][main.cpp:224] vTaskPitch(): [NaMa] Pitch PID Output: 1490.386353
[ 12653][I][main.cpp:224] vTaskPitch(): [NaMa] Pitch PID Output: 1490.285034
[ 12663][I][main.cpp:224] vTaskPitch(): [NaMa] Pitch PID Output: 1490.183472
[ 12673][I][main.cpp:224] vTaskPitch(): [NaMa] Pitch PID Output: 1490.081665
[ 12683][I][main.cpp:224] vTaskPitch(): [NaMa] Pitch PID Output: 1489.979736
[ 12693][I][main.cpp:224] vTaskPitch(): [NaMa] Pitch PID Output: 1489.877563
[ 12703][I][main.cpp:224] vTaskPitch(): [NaMa] Pitch PID Output: 1489.775146
[ 12713][I][main.cpp:224] vTaskPitch(): [NaMa] Pitch PID Output: 1489.672607
[ 12723][I][main.cpp:224] vTaskPitch(): [NaMa] Pitch PID Output: 1489.569824
[ 12733][I][main.cpp:224] vTaskPitch(): [NaMa] Pitch PID Output: 1489.466797
[ 12743][I][main.cpp:224] vTaskPitch(): [NaMa] Pitch PID Output: 1489.363647
[ 12753][I][main.cpp:224] vTaskPitch(): [NaMa] Pitch PID Output: 1489.260254
[ 12763][I][main.cpp:224] vTaskPitch(): [NaMa] Pitch PID Output: 1489.156738
[ 12773][I][main.cpp:224] vTaskPitch(): [NaMa] Pitch PID Output: 1489.052979
[ 12783][I][main.cpp:224] vTaskPitch(): [NaMa] Pitch PID Output: 1488.948975
[ 12793][I][main.cpp:224] vTaskPitch(): [NaMa] Pitch PID Output: 1488.844849
[ 12803][I][main.cpp:224] vTaskPitch(): [NaMa] Pitch PID Output: 1488.740479
[ 12813][I][main.cpp:224] vTaskPitch(): [NaMa] Pitch PID Output: 1488.635864
[ 12823][I][main.cpp:224] vTaskPitch(): [NaMa] Pitch PID Output: 1488.531128
[ 12833][I][main.cpp:224] vTaskPitch(): [NaMa] Pitch PID Output: 1488.426147
[ 12843][I][main.cpp:224] vTaskPitch(): [NaMa] Pitch PID Output: 1488.320923
[ 12853][I][main.cpp:224] vTaskPitch(): [NaMa] Pitch PID Output: 1488.215576
[ 12863][I][main.cpp:224] vTaskPitch(): [NaMa] Pitch PID Output: 1488.109985
[ 12873][I][main.cpp:224] vTaskPitch(): [NaMa] Pitch PID Output: 1488.004150
[ 12883][I][main.cpp:224] vTaskPitch(): [NaMa] Pitch PID Output: 1487.898193
[ 12893][I][main.cpp:224] vTaskPitch(): [NaMa] Pitch PID Output: 1487.791992
[ 12903][I][main.cpp:224] vTaskPitch(): [NaMa] Pitch PID Output: 1487.685669
[ 12913][I][main.cpp:224] vTaskPitch(): [NaMa] Pitch PID Output: 1487.579102
[ 12923][I][main.cpp:224] vTaskPitch(): [NaMa] Pitch PID Output: 1487.472290
[ 12933][I][main.cpp:224] vTaskPitch(): [NaMa] Pitch PID Output: 1487.365356
[ 12943][I][main.cpp:224] vTaskPitch(): [NaMa] Pitch PID Output: 1487.258179
[ 12953][I][main.cpp:224] vTaskPitch(): [NaMa] Pitch PID Output: 1487.150757
[ 12963][I][main.cpp:224] vTaskPitch(): [NaMa] Pitch PID Output: 1487.043213
[ 12973][I][main.cpp:224] vTaskPitch(): [NaMa] Pitch PID Output: 1486.935425
[ 12983][I][main.cpp:224] vTaskPitch(): [NaMa] Pitch PID Output: 1486.827393
[ 12993][I][main.cpp:224] vTaskPitch(): [NaMa] Pitch PID Output: 1486.719238
[ 13003][I][main.cpp:224] vTaskPitch(): [NaMa] Pitch PID Output: 1486.610840
[ 13013][I][main.cpp:224] vTaskPitch(): [NaMa] Pitch PID Output: 1486.502319
[ 13023][I][main.cpp:224] vTaskPitch(): [NaMa] Pitch PID Output: 1486.393555
[ 13033][I][main.cpp:224] vTaskPitch(): [NaMa] Pitch PID Output: 1486.284546
[ 13043][I][main.cpp:224] vTaskPitch(): [NaMa] Pitch PID Output: 1486.175415
[ 13053][I][main.cpp:224] vTaskPitch(): [NaMa] Pitch PID Output: 1486.066040
[ 13063][I][main.cpp:224] vTaskPitch(): [NaMa] Pitch PID Output: 1485.956421
[ 13073][I][main.cpp:224] vTaskPitch(): [NaMa] Pitch PID Output: 1485.846680
[ 13083][I][main.cpp:224] vTaskPitch(): [NaMa] Pitch PID Output: 1485.736694
[ 13093][I][main.cpp:224] vTaskPitch(): [NaMa] Pitch PID Output: 1485.626465
[ 13103][I][main.cpp:224] vTaskPitch(): [NaMa] Pitch PID Output: 1485.516113
[ 13113][I][main.cpp:224] vTaskPitch(): [NaMa] Pitch PID Output: 1485.405518
[ 13123][I][main.cpp:224] vTaskPitch(): [NaMa] Pitch PID Output: 1485.294800
[ 13133][I][main.cpp:224] vTaskPitch(): [NaMa] Pitch PID Output: 1485.183838
[ 13143][I][main.cpp:224] vTaskPitch(): [NaMa] Pitch PID Output: 1485.072632
[ 13153][I][main.cpp:224] vTaskPitch(): [NaMa] Pitch PID Output: 1484.961304
[ 13163][I][main.cpp:224] vTaskPitch(): [NaMa] Pitch PID Output: 1484.849731
[ 13173][I][main.cpp:224] vTaskPitch(): [NaMa] Pitch PID Output: 1484.737915
[ 13183][I][main.cpp:224] vTaskPitch(): [NaMa] Pitch PID Output: 1484.625977
[ 13193][I][main.cpp:224] vTaskPitch(): [NaMa] Pitch PID Output: 1484.513794
[ 13203][I][main.cpp:224] vTaskPitch(): [NaMa] Pitch PID Output: 1484.401367
[ 13213][I][main.cpp:224] vTaskPitch(): [NaMa] Pitch PID Output: 1484.288818
[ 13223][I][main.cpp:224] vTaskPitch(): [NaMa] Pitch PID Output: 1484.176025
[ 13233][I][main.cpp:224] vTaskPitch(): [NaMa] Pitch PID Output: 1484.063110
[ 13243][I][main.cpp:224] vTaskPitch(): [NaMa] Pitch PID Output: 1483.949951
[ 13253][I][main.cpp:224] vTaskPitch(): [NaMa] Pitch PID Output: 1483.836548
[ 13263][I][main.cpp:224] vTaskPitch(): [NaMa] Pitch PID Output: 1483.723022
[ 13273][I][main.cpp:224] vTaskPitch(): [NaMa] Pitch PID Output: 1483.609253
[ 13283][I][main.cpp:224] vTaskPitch(): [NaMa] Pitch PID Output: 1483.495239
[ 13293][I][main.cpp:224] vTaskPitch(): [NaMa] Pitch PID Output: 1483.381104
[ 13303][I][main.cpp:224] vTaskPitch(): [NaMa] Pitch PID Output: 1483.266724
[ 13313][I][main.cpp:224] vTaskPitch(): [NaMa] Pitch PID Output: 1483.152100
[ 13323][I][main.cpp:224] vTaskPitch(): [NaMa] Pitch PID Output: 1483.037354
[ 13333][I][main.cpp:224] vTaskPitch(): [NaMa] Pitch PID Output: 1482.922363
[ 13343][I][main.cpp:224] vTaskPitch(): [NaMa] Pitch PID Output: 1482.807129
[ 13353][I][main.cpp:224] vTaskPitch(): [NaMa] Pitch PID Output: 1482.691772
[ 13363][I][main.cpp:224] vTaskPitch(): [NaMa] Pitch PID Output: 1482.576172
[ 13373][I][main.cpp:224] vTaskPitch(): [NaMa] Pitch PID Output: 1482.460449
[ 13383][I][main.cpp:224] vTaskPitch(): [NaMa] Pitch PID Output: 1482.344482
[ 13393][I][main.cpp:224] vTaskPitch(): [NaMa] Pitch PID Output: 1482.228271
[ 13403][I][main.cpp:224] vTaskPitch(): [NaMa] Pitch PID Output: 1482.111938
[ 13413][I][main.cpp:224] vTaskPitch(): [NaMa] Pitch PID Output: 1481.995361
[ 13423][I][main.cpp:224] vTaskPitch(): [NaMa] Pitch PID Output: 1481.878540
[ 13433][I][main.cpp:224] vTaskPitch(): [NaMa] Pitch PID Output: 1481.761597
[ 13443][I][main.cpp:224] vTaskPitch(): [NaMa] Pitch PID Output: 1481.644409
[ 13453][I][main.cpp:224] vTaskPitch(): [NaMa] Pitch PID Output: 1481.526978
[ 13463][I][main.cpp:224] vTaskPitch(): [NaMa] Pitch PID Output: 1481.409424
[ 13473][I][main.cpp:224] vTaskPitch(): [NaMa] Pitch PID Output: 1481.291626
[ 13483][I][main.cpp:224] vTaskPitch(): [NaMa] Pitch PID Output: 1481.173706
[ 13493][I][main.cpp:224] vTaskPitch(): [NaMa] Pitch PID Output: 1481.055542
[ 13503][I][main.cpp:224] vTaskPitch(): [NaMa] Pitch PID Output: 1480.937134
[ 13513][I][main.cpp:224] vTaskPitch(): [NaMa] Pitch PID Output: 1480.818604
[ 13523][I][main.cpp:224] vTaskPitch(): [NaMa] Pitch PID Output: 1480.699829
[ 13533][I][main.cpp:224] vTaskPitch(): [NaMa] Pitch PID Output: 1480.580811
[ 13543][I][main.cpp:224] vTaskPitch(): [NaMa] Pitch PID Output: 1480.461670
[ 13553][I][main.cpp:224] vTaskPitch(): [NaMa] Pitch PID Output: 1480.342285
[ 13563][I][main.cpp:224] vTaskPitch(): [NaMa] Pitch PID Output: 1480.222656
[ 13573][I][main.cpp:224] vTaskPitch(): [NaMa] Pitch PID Output: 1480.102905
[ 13583][I][main.cpp:224] vTaskPitch(): [NaMa] Pitch PID Output: 1479.982910
[ 13589][I][main.cpp:380] vTaskLogData(): [NaMa] Minimum free heap: 142468 bytes
[ 13593][I][main.cpp:224] vTaskPitch(): [NaMa] Pitch PID Output: 1479.862793
[ 13603][I][main.cpp:224] vTaskPitch(): [NaMa] Pitch PID Output: 1479.742432
[ 13613][I][main.cpp:224] vTaskPitch(): [NaMa] Pitch PID Output: 1479.621826
[ 13623][I][main.cpp:224] vTaskPitch(): [NaMa] Pitch PID Output: 1479.501099
[ 13633][I][main.cpp:224] vTaskPitch(): [NaMa] Pitch PID Output: 1479.380127
[ 13643][I][main.cpp:224] vTaskPitch(): [NaMa] Pitch PID Output: 1479.258911
[ 13653][I][main.cpp:224] vTaskPitch(): [NaMa] Pitch PID Output: 1479.137573
[ 13663][I][main.cpp:224] vTaskPitch(): [NaMa] Pitch PID Output: 1479.015991
[ 13673][I][main.cpp:224] vTaskPitch(): [NaMa] Pitch PID Output: 1478.894165
[ 13683][I][main.cpp:224] vTaskPitch(): [NaMa] Pitch PID Output: 1478.772217
[ 13693][I][main.cpp:224] vTaskPitch(): [NaMa] Pitch PID Output: 1478.650024
[ 13703][I][main.cpp:224] vTaskPitch(): [NaMa] Pitch PID Output: 1478.527588
[ 13713][I][main.cpp:224] vTaskPitch(): [NaMa] Pitch PID Output: 1478.405029
[ 13723][I][main.cpp:224] vTaskPitch(): [NaMa] Pitch PID Output: 1478.282227
[ 13733][I][main.cpp:224] vTaskPitch(): [NaMa] Pitch PID Output: 1478.159302
[ 13743][I][main.cpp:224] vTaskPitch(): [NaMa] Pitch PID Output: 1478.036133
[ 13753][I][main.cpp:224] vTaskPitch(): [NaMa] Pitch PID Output: 1477.912720
[ 13763][I][main.cpp:224] vTaskPitch(): [NaMa] Pitch PID Output: 1477.789185
[ 13773][I][main.cpp:224] vTaskPitch(): [NaMa] Pitch PID Output: 1477.665405
[ 13783][I][main.cpp:224] vTaskPitch(): [NaMa] Pitch PID Output: 1477.541382
[ 13793][I][main.cpp:224] vTaskPitch(): [NaMa] Pitch PID Output: 1477.417236
[ 13803][I][main.cpp:224] vTaskPitch(): [NaMa] Pitch PID Output: 1477.292847
[ 13813][I][main.cpp:224] vTaskPitch(): [NaMa] Pitch PID Output: 1477.168213
[ 13823][I][main.cpp:224] vTaskPitch(): [NaMa] Pitch PID Output: 1477.043457
[ 13833][I][main.cpp:224] vTaskPitch(): [NaMa] Pitch PID Output: 1476.918457
[ 13843][I][main.cpp:224] vTaskPitch(): [NaMa] Pitch PID Output: 1476.793335
[ 13853][I][main.cpp:224] vTaskPitch(): [NaMa] Pitch PID Output: 1476.667969
[ 13863][I][main.cpp:224] vTaskPitch(): [NaMa] Pitch PID Output: 1476.542358
[ 13873][I][main.cpp:224] vTaskPitch(): [NaMa] Pitch PID Output: 1476.416626
[ 13883][I][main.cpp:224] vTaskPitch(): [NaMa] Pitch PID Output: 1476.290649
[ 13893][I][main.cpp:224] vTaskPitch(): [NaMa] Pitch PID Output: 1476.164429
[ 13903][I][main.cpp:224] vTaskPitch(): [NaMa] Pitch PID Output: 1476.038086
[ 13913][I][main.cpp:224] vTaskPitch(): [NaMa] Pitch PID Output: 1475.911499
[ 13923][I][main.cpp:224] vTaskPitch(): [NaMa] Pitch PID Output: 1475.784668
[ 13933][I][main.cpp:224] vTaskPitch(): [NaMa] Pitch PID Output: 1475.657715
[ 13943][I][main.cpp:224] vTaskPitch(): [NaMa] Pitch PID Output: 1475.530518
[ 13953][I][main.cpp:224] vTaskPitch(): [NaMa] Pitch PID Output: 1475.403198
[ 13963][I][main.cpp:224] vTaskPitch(): [NaMa] Pitch PID Output: 1475.275635
[ 13973][I][main.cpp:224] vTaskPitch(): [NaMa] Pitch PID Output: 1475.147827
[ 13983][I][main.cpp:224] vTaskPitch(): [NaMa] Pitch PID Output: 1475.019897
[ 13993][I][main.cpp:224] vTaskPitch(): [NaMa] Pitch PID Output: 1474.891724
[ 14003][I][main.cpp:224] vTaskPitch(): [NaMa] Pitch PID Output: 1474.763306
[ 14013][I][main.cpp:224] vTaskPitch(): [NaMa] Pitch PID Output: 1474.634766
[ 14023][I][main.cpp:224] vTaskPitch(): [NaMa] Pitch PID Output: 1474.505981
[ 14033][I][main.cpp:224] vTaskPitch(): [NaMa] Pitch PID Output: 1474.376953
[ 14043][I][main.cpp:224] vTaskPitch(): [NaMa] Pitch PID Output: 1474.247803
[ 14053][I][main.cpp:224] vTaskPitch(): [NaMa] Pitch PID Output: 1474.118408
[ 14063][I][main.cpp:224] vTaskPitch(): [NaMa] Pitch PID Output: 1473.988892
[ 14073][I][main.cpp:224] vTaskPitch(): [NaMa] Pitch PID Output: 1473.859131
[ 14083][I][main.cpp:224] vTaskPitch(): [NaMa] Pitch PID Output: 1473.729126
[ 14093][I][main.cpp:224] vTaskPitch(): [NaMa] Pitch PID Output: 1473.598999
[ 14103][I][main.cpp:224] vTaskPitch(): [NaMa] Pitch PID Output: 1473.468628
[ 14113][I][main.cpp:224] vTaskPitch(): [NaMa] Pitch PID Output: 1473.338013
[ 14123][I][main.cpp:224] vTaskPitch(): [NaMa] Pitch PID Output: 1473.207275
[ 14133][I][main.cpp:224] vTaskPitch(): [NaMa] Pitch PID Output: 1473.076294
[ 14143][I][main.cpp:224] vTaskPitch(): [NaMa] Pitch PID Output: 1472.945068
[ 14153][I][main.cpp:224] vTaskPitch(): [NaMa] Pitch PID Output: 1472.813721
[ 14163][I][main.cpp:224] vTaskPitch(): [NaMa] Pitch PID Output: 1472.682129
[ 14173][I][main.cpp:224] vTaskPitch(): [NaMa] Pitch PID Output: 1472.550293
[ 14183][I][main.cpp:224] vTaskPitch(): [NaMa] Pitch PID Output: 1472.418335
[ 14193][I][main.cpp:224] vTaskPitch(): [NaMa] Pitch PID Output: 1472.286133
[ 14203][I][main.cpp:224] vTaskPitch(): [NaMa] Pitch PID Output: 1472.153809
[ 14213][I][main.cpp:224] vTaskPitch(): [NaMa] Pitch PID Output: 1472.021240
[ 14223][I][main.cpp:224] vTaskPitch(): [NaMa] Pitch PID Output: 1471.888428
[ 14233][I][main.cpp:224] vTaskPitch(): [NaMa] Pitch PID Output: 1471.755493
[ 14243][I][main.cpp:224] vTaskPitch(): [NaMa] Pitch PID Output: 1471.622314
[ 14253][I][main.cpp:224] vTaskPitch(): [NaMa] Pitch PID Output: 1471.488892
[ 14263][I][main.cpp:224] vTaskPitch(): [NaMa] Pitch PID Output: 1471.355347
[ 14273][I][main.cpp:224] vTaskPitch(): [NaMa] Pitch PID Output: 1471.221558
[ 14283][I][main.cpp:224] vTaskPitch(): [NaMa] Pitch PID Output: 1471.087524
[ 14293][I][main.cpp:224] vTaskPitch(): [NaMa] Pitch PID Output: 1470.953369
[ 14303][I][main.cpp:224] vTaskPitch(): [NaMa] Pitch PID Output: 1470.818970
[ 14313][I][main.cpp:224] vTaskPitch(): [NaMa] Pitch PID Output: 1470.684448
[ 14323][I][main.cpp:224] vTaskPitch(): [NaMa] Pitch PID Output: 1470.549683
[ 14333][I][main.cpp:224] vTaskPitch(): [NaMa] Pitch PID Output: 1470.414673
[ 14343][I][main.cpp:224] vTaskPitch(): [NaMa] Pitch PID Output: 1470.279541
[ 14353][I][main.cpp:224] vTaskPitch(): [NaMa] Pitch PID Output: 1470.144165
[ 14363][I][main.cpp:224] vTaskPitch(): [NaMa] Pitch PID Output: 1470.008545
[ 14373][I][main.cpp:224] vTaskPitch(): [NaMa] Pitch PID Output: 1469.872803
[ 14383][I][main.cpp:224] vTaskPitch(): [NaMa] Pitch PID Output: 1469.736816
[ 14393][I][main.cpp:224] vTaskPitch(): [NaMa] Pitch PID Output: 1469.600586
[ 14403][I][main.cpp:224] vTaskPitch(): [NaMa] Pitch PID Output: 1469.464233
[ 14413][I][main.cpp:224] vTaskPitch(): [NaMa] Pitch PID Output: 1469.327637
[ 14423][I][main.cpp:224] vTaskPitch(): [NaMa] Pitch PID Output: 1469.190918
[ 14433][I][main.cpp:224] vTaskPitch(): [NaMa] Pitch PID Output: 1469.053955
[ 14443][I][main.cpp:224] vTaskPitch(): [NaMa] Pitch PID Output: 1468.916748
[ 14453][I][main.cpp:224] vTaskPitch(): [NaMa] Pitch PID Output: 1468.779419
[ 14463][I][main.cpp:224] vTaskPitch(): [NaMa] Pitch PID Output: 1468.641846
[ 14473][I][main.cpp:224] vTaskPitch(): [NaMa] Pitch PID Output: 1468.504028
[ 14483][I][main.cpp:224] vTaskPitch(): [NaMa] Pitch PID Output: 1468.366089
[ 14493][I][main.cpp:224] vTaskPitch(): [NaMa] Pitch PID Output: 1468.227905
[ 14503][I][main.cpp:224] vTaskPitch(): [NaMa] Pitch PID Output: 1468.089478
[ 14513][I][main.cpp:224] vTaskPitch(): [NaMa] Pitch PID Output: 1467.950928
[ 14523][I][main.cpp:224] vTaskPitch(): [NaMa] Pitch PID Output: 1467.812134
[ 14533][I][main.cpp:224] vTaskPitch(): [NaMa] Pitch PID Output: 1467.673218
[ 14543][I][main.cpp:224] vTaskPitch(): [NaMa] Pitch PID Output: 1467.534058
[ 14553][I][main.cpp:224] vTaskPitch(): [NaMa] Pitch PID Output: 1467.394653
[ 14563][I][main.cpp:224] vTaskPitch(): [NaMa] Pitch PID Output: 1467.255127
[ 14573][I][main.cpp:224] vTaskPitch(): [NaMa] Pitch PID Output: 1467.115356
[ 14583][I][main.cpp:224] vTaskPitch(): [NaMa] Pitch PID Output: 1466.975342
[ 14589][I][main.cpp:396] vTaskLogData(): [NaMa] Temperature: 29 dC
[ 14593][I][main.cpp:224] vTaskPitch(): [NaMa] Pitch PID Output: 1466.835205
[ 14603][I][main.cpp:224] vTaskPitch(): [NaMa] Pitch PID Output: 1466.694824
[ 14613][I][main.cpp:224] vTaskPitch(): [NaMa] Pitch PID Output: 1466.554199
[ 14623][I][main.cpp:224] vTaskPitch(): [NaMa] Pitch PID Output: 1466.413452
[ 14633][I][main.cpp:224] vTaskPitch(): [NaMa] Pitch PID Output: 1466.272461
[ 14643][I][main.cpp:224] vTaskPitch(): [NaMa] Pitch PID Output: 1466.131226
[ 14653][I][main.cpp:224] vTaskPitch(): [NaMa] Pitch PID Output: 1465.989868
[ 14663][I][main.cpp:224] vTaskPitch(): [NaMa] Pitch PID Output: 1465.848267
[ 14673][I][main.cpp:224] vTaskPitch(): [NaMa] Pitch PID Output: 1465.706543
[ 14683][I][main.cpp:224] vTaskPitch(): [NaMa] Pitch PID Output: 1465.564575
[ 14693][I][main.cpp:224] vTaskPitch(): [NaMa] Pitch PID Output: 1465.422363
[ 14703][I][main.cpp:224] vTaskPitch(): [NaMa] Pitch PID Output: 1465.280029
[ 14713][I][main.cpp:224] vTaskPitch(): [NaMa] Pitch PID Output: 1465.137451
[ 14723][I][main.cpp:224] vTaskPitch(): [NaMa] Pitch PID Output: 1464.994629
[ 14733][I][main.cpp:224] vTaskPitch(): [NaMa] Pitch PID Output: 1464.851685
[ 14743][I][main.cpp:224] vTaskPitch(): [NaMa] Pitch PID Output: 1464.708496
[ 14753][I][main.cpp:224] vTaskPitch(): [NaMa] Pitch PID Output: 1464.565063
[ 14763][I][main.cpp:224] vTaskPitch(): [NaMa] Pitch PID Output: 1464.421509
[ 14773][I][main.cpp:224] vTaskPitch(): [NaMa] Pitch PID Output: 1464.277710
[ 14783][I][main.cpp:224] vTaskPitch(): [NaMa] Pitch PID Output: 1464.133789
[ 14793][I][main.cpp:224] vTaskPitch(): [NaMa] Pitch PID Output: 1463.989624
[ 14803][I][main.cpp:224] vTaskPitch(): [NaMa] Pitch PID Output: 1463.845215
[ 14813][I][main.cpp:224] vTaskPitch(): [NaMa] Pitch PID Output: 1463.700684
[ 14823][I][main.cpp:224] vTaskPitch(): [NaMa] Pitch PID Output: 1463.555908
[ 14833][I][main.cpp:224] vTaskPitch(): [NaMa] Pitch PID Output: 1463.410889
[ 14843][I][main.cpp:224] vTaskPitch(): [NaMa] Pitch PID Output: 1463.265747
[ 14853][I][main.cpp:224] vTaskPitch(): [NaMa] Pitch PID Output: 1463.120361
[ 14863][I][main.cpp:224] vTaskPitch(): [NaMa] Pitch PID Output: 1462.974731
[ 14873][I][main.cpp:224] vTaskPitch(): [NaMa] Pitch PID Output: 1462.828979
[ 14883][I][main.cpp:224] vTaskPitch(): [NaMa] Pitch PID Output: 1462.682983
[ 14893][I][main.cpp:224] vTaskPitch(): [NaMa] Pitch PID Output: 1462.536865
[ 14903][I][main.cpp:224] vTaskPitch(): [NaMa] Pitch PID Output: 1462.390503
[ 14913][I][main.cpp:224] vTaskPitch(): [NaMa] Pitch PID Output: 1462.243896
[ 14923][I][main.cpp:224] vTaskPitch(): [NaMa] Pitch PID Output: 1462.097168
[ 14933][I][main.cpp:224] vTaskPitch(): [NaMa] Pitch PID Output: 1461.950195
[ 14943][I][main.cpp:224] vTaskPitch(): [NaMa] Pitch PID Output: 1461.802979
[ 14953][I][main.cpp:224] vTaskPitch(): [NaMa] Pitch PID Output: 1461.655640
[ 14963][I][main.cpp:224] vTaskPitch(): [NaMa] Pitch PID Output: 1461.508057
[ 14973][I][main.cpp:224] vTaskPitch(): [NaMa] Pitch PID Output: 1461.360229
[ 14983][I][main.cpp:224] vTaskPitch(): [NaMa] Pitch PID Output: 1461.212280
[ 14993][I][main.cpp:224] vTaskPitch(): [NaMa] Pitch PID Output: 1461.064087
[ 15003][I][main.cpp:224] vTaskPitch(): [NaMa] Pitch PID Output: 1460.915771
[ 15013][I][main.cpp:224] vTaskPitch(): [NaMa] Pitch PID Output: 1460.767212
[ 15023][I][main.cpp:224] vTaskPitch(): [NaMa] Pitch PID Output: 1460.618408
[ 15033][I][main.cpp:224] vTaskPitch(): [NaMa] Pitch PID Output: 1460.469482
[ 15043][I][main.cpp:224] vTaskPitch(): [NaMa] Pitch PID Output: 1460.320312
[ 15053][I][main.cpp:224] vTaskPitch(): [NaMa] Pitch PID Output: 1460.170898
[ 15063][I][main.cpp:224] vTaskPitch(): [NaMa] Pitch PID Output: 1460.021362
[ 15073][I][main.cpp:224] vTaskPitch(): [NaMa] Pitch PID Output: 1459.871582
[ 15083][I][main.cpp:224] vTaskPitch(): [NaMa] Pitch PID Output: 1459.721558
[ 15093][I][main.cpp:224] vTaskPitch(): [NaMa] Pitch PID Output: 1459.571411
[ 15103][I][main.cpp:224] vTaskPitch(): [NaMa] Pitch PID Output: 1459.421021
[ 15113][I][main.cpp:224] vTaskPitch(): [NaMa] Pitch PID Output: 1459.270386
[ 15123][I][main.cpp:224] vTaskPitch(): [NaMa] Pitch PID Output: 1459.119629
[ 15133][I][main.cpp:224] vTaskPitch(): [NaMa] Pitch PID Output: 1458.968628
[ 15143][I][main.cpp:224] vTaskPitch(): [NaMa] Pitch PID Output: 1458.817505
[ 15153][I][main.cpp:224] vTaskPitch(): [NaMa] Pitch PID Output: 1458.666138
[ 15163][I][main.cpp:224] vTaskPitch(): [NaMa] Pitch PID Output: 1458.514526
[ 15173][I][main.cpp:224] vTaskPitch(): [NaMa] Pitch PID Output: 1458.362793
[ 15183][I][main.cpp:224] vTaskPitch(): [NaMa] Pitch PID Output: 1458.210815
[ 15193][I][main.cpp:224] vTaskPitch(): [NaMa] Pitch PID Output: 1458.058594
[ 15203][I][main.cpp:224] vTaskPitch(): [NaMa] Pitch PID Output: 1457.906250
[ 15213][I][main.cpp:224] vTaskPitch(): [NaMa] Pitch PID Output: 1457.753662
[ 15223][I][main.cpp:224] vTaskPitch(): [NaMa] Pitch PID Output: 1457.600830
[ 15233][I][main.cpp:224] vTaskPitch(): [NaMa] Pitch PID Output: 1457.447876
[ 15243][I][main.cpp:224] vTaskPitch(): [NaMa] Pitch PID Output: 1457.294678
[ 15253][I][main.cpp:224] vTaskPitch(): [NaMa] Pitch PID Output: 1457.141357
[ 15263][I][main.cpp:224] vTaskPitch(): [NaMa] Pitch PID Output: 1456.987793
[ 15273][I][main.cpp:224] vTaskPitch(): [NaMa] Pitch PID Output: 1456.833984
[ 15283][I][main.cpp:224] vTaskPitch(): [NaMa] Pitch PID Output: 1456.680054
[ 15293][I][main.cpp:224] vTaskPitch(): [NaMa] Pitch PID Output: 1456.525879
[ 15303][I][main.cpp:224] vTaskPitch(): [NaMa] Pitch PID Output: 1456.371460
[ 15313][I][main.cpp:224] vTaskPitch(): [NaMa] Pitch PID Output: 1456.216919
[ 15323][I][main.cpp:224] vTaskPitch(): [NaMa] Pitch PID Output: 1456.062134
[ 15333][I][main.cpp:224] vTaskPitch(): [NaMa] Pitch PID Output: 1455.907104
[ 15343][I][main.cpp:224] vTaskPitch(): [NaMa] Pitch PID Output: 1455.751953
[ 15353][I][main.cpp:224] vTaskPitch(): [NaMa] Pitch PID Output: 1455.596558
[ 15363][I][main.cpp:224] vTaskPitch(): [NaMa] Pitch PID Output: 1455.441040
[ 15373][I][main.cpp:224] vTaskPitch(): [NaMa] Pitch PID Output: 1455.285278
[ 15383][I][main.cpp:224] vTaskPitch(): [NaMa] Pitch PID Output: 1455.129272
[ 15393][I][main.cpp:224] vTaskPitch(): [NaMa] Pitch PID Output: 1454.973145
[ 15403][I][main.cpp:224] vTaskPitch(): [NaMa] Pitch PID Output: 1454.816772
[ 15413][I][main.cpp:224] vTaskPitch(): [NaMa] Pitch PID Output: 1454.660156
[ 15423][I][main.cpp:224] vTaskPitch(): [NaMa] Pitch PID Output: 1454.503418
[ 15433][I][main.cpp:224] vTaskPitch(): [NaMa] Pitch PID Output: 1454.346436
[ 15443][I][main.cpp:224] vTaskPitch(): [NaMa] Pitch PID Output: 1454.189209
[ 15453][I][main.cpp:224] vTaskPitch(): [NaMa] Pitch PID Output: 1454.031860
[ 15463][I][main.cpp:224] vTaskPitch(): [NaMa] Pitch PID Output: 1453.874268
[ 15473][I][main.cpp:224] vTaskPitch(): [NaMa] Pitch PID Output: 1453.716553
[ 15483][I][main.cpp:224] vTaskPitch(): [NaMa] Pitch PID Output: 1453.558594
[ 15493][I][main.cpp:224] vTaskPitch(): [NaMa] Pitch PID Output: 1453.400391
[ 15503][I][main.cpp:224] vTaskPitch(): [NaMa] Pitch PID Output: 1453.242065
[ 15513][I][main.cpp:224] vTaskPitch(): [NaMa] Pitch PID Output: 1453.083496
[ 15523][I][main.cpp:224] vTaskPitch(): [NaMa] Pitch PID Output: 1452.924683
[ 15533][I][main.cpp:224] vTaskPitch(): [NaMa] Pitch PID Output: 1452.765747
[ 15543][I][main.cpp:224] vTaskPitch(): [NaMa] Pitch PID Output: 1452.606567
[ 15553][I][main.cpp:224] vTaskPitch(): [NaMa] Pitch PID Output: 1452.447144
[ 15563][I][main.cpp:224] vTaskPitch(): [NaMa] Pitch PID Output: 1452.287598
[ 15573][I][main.cpp:224] vTaskPitch(): [NaMa] Pitch PID Output: 1452.127808
[ 15583][I][main.cpp:224] vTaskPitch(): [NaMa] Pitch PID Output: 1451.967773
[ 15589][D][main.cpp:345] vTaskLogData(): [NaMa] Logging Data:
[ 15589][I][main.cpp:347] vTaskLogData(): [NaMa] Num tasks reported by FreeRTOS: 15
[ 15590][I][main.cpp:367] vTaskLogData(): [NaMa] Task Run Time Stats:
Log            	5571		<1%
IDLE           	14744508		94%
Ptch           	109572		<1%
loopTask       	46098		<1%
LED            	34		<1%
tiT            	3115		<1%
Cfg            	32		<1%
Poll           	8621		<1%
wifi           	620259		3%
esp_timer      	44742		<1%
[ 15593][I][main.cpp:224] vTaskPitch(): [NaMa] Pitch PID Output: 1451.807617
[ 15603][I][main.cpp:224] vTaskPitch(): [NaMa] Pitch PID Output: 1451.647217
[ 15613][I][main.cpp:224] vTaskPitch(): [NaMa] Pitch PID Output: 1451.486694
[ 15623][I][main.cpp:224] vTaskPitch(): [NaMa] Pitch PID Output: 1451.325928
[ 15633][I][main.cpp:224] vTaskPitch(): [NaMa] Pitch PID Output: 1451.164917
[ 15643][I][main.cpp:224] vTaskPitch(): [NaMa] Pitch PID Output: 1451.003784
[ 15653][I][main.cpp:224] vTaskPitch(): [NaMa] Pitch PID Output: 1450.842407
[ 15663][I][main.cpp:224] vTaskPitch(): [NaMa] Pitch PID Output: 1450.680786
[ 15673][I][main.cpp:224] vTaskPitch(): [NaMa] Pitch PID Output: 1450.519043
[ 15683][I][main.cpp:224] vTaskPitch(): [NaMa] Pitch PID Output: 1450.357056
[ 15693][I][main.cpp:224] vTaskPitch(): [NaMa] Pitch PID Output: 1450.194824
[ 15703][I][main.cpp:224] vTaskPitch(): [NaMa] Pitch PID Output: 1450.032471
[ 15713][I][main.cpp:224] vTaskPitch(): [NaMa] Pitch PID Output: 1449.869873
[ 15723][I][main.cpp:224] vTaskPitch(): [NaMa] Pitch PID Output: 1449.707153
[ 15733][I][main.cpp:224] vTaskPitch(): [NaMa] Pitch PID Output: 1449.544189
[ 15743][I][main.cpp:224] vTaskPitch(): [NaMa] Pitch PID Output: 1449.380981
[ 15753][I][main.cpp:224] vTaskPitch(): [NaMa] Pitch PID Output: 1449.217651
[ 15763][I][main.cpp:224] vTaskPitch(): [NaMa] Pitch PID Output: 1449.054077
[ 15773][I][main.cpp:224] vTaskPitch(): [NaMa] Pitch PID Output: 1448.890259
[ 15783][I][main.cpp:224] vTaskPitch(): [NaMa] Pitch PID Output: 1448.726318
[ 15793][I][main.cpp:224] vTaskPitch(): [NaMa] Pitch PID Output: 1448.562134
[ 15803][I][main.cpp:224] vTaskPitch(): [NaMa] Pitch PID Output: 1448.397705
[ 15813][I][main.cpp:224] vTaskPitch(): [NaMa] Pitch PID Output: 1448.233154
[ 15823][I][main.cpp:224] vTaskPitch(): [NaMa] Pitch PID Output: 1448.068359
[ 15833][I][main.cpp:224] vTaskPitch(): [NaMa] Pitch PID Output: 1447.903442
[ 15843][I][main.cpp:224] vTaskPitch(): [NaMa] Pitch PID Output: 1447.738281
[ 15853][I][main.cpp:224] vTaskPitch(): [NaMa] Pitch PID Output: 1447.572876
[ 15863][I][main.cpp:224] vTaskPitch(): [NaMa] Pitch PID Output: 1447.407349
[ 15873][I][main.cpp:224] vTaskPitch(): [NaMa] Pitch PID Output: 1447.241577
[ 15883][I][main.cpp:224] vTaskPitch(): [NaMa] Pitch PID Output: 1447.075562
[ 15893][I][main.cpp:224] vTaskPitch(): [NaMa] Pitch PID Output: 1446.909424
[ 15903][I][main.cpp:224] vTaskPitch(): [NaMa] Pitch PID Output: 1446.743042
[ 15913][I][main.cpp:224] vTaskPitch(): [NaMa] Pitch PID Output: 1446.576416
[ 15923][I][main.cpp:224] vTaskPitch(): [NaMa] Pitch PID Output: 1446.409668
[ 15933][I][main.cpp:224] vTaskPitch(): [NaMa] Pitch PID Output: 1446.242676
[ 15943][I][main.cpp:224] vTaskPitch(): [NaMa] Pitch PID Output: 1446.075439
[ 15953][I][main.cpp:224] vTaskPitch(): [NaMa] Pitch PID Output: 1445.908081
[ 15963][I][main.cpp:224] vTaskPitch(): [NaMa] Pitch PID Output: 1445.740479
[ 15973][I][main.cpp:224] vTaskPitch(): [NaMa] Pitch PID Output: 1445.572754
[ 15983][I][main.cpp:224] vTaskPitch(): [NaMa] Pitch PID Output: 1445.404785
[ 15993][I][main.cpp:224] vTaskPitch(): [NaMa] Pitch PID Output: 1445.236572
[ 16003][I][main.cpp:224] vTaskPitch(): [NaMa] Pitch PID Output: 1445.068237
[ 16013][I][main.cpp:224] vTaskPitch(): [NaMa] Pitch PID Output: 1444.899658
[ 16023][I][main.cpp:224] vTaskPitch(): [NaMa] Pitch PID Output: 1444.730835
[ 16033][I][main.cpp:224] vTaskPitch(): [NaMa] Pitch PID Output: 1444.561890
[ 16043][I][main.cpp:224] vTaskPitch(): [NaMa] Pitch PID Output: 1444.392700
[ 16053][I][main.cpp:224] vTaskPitch(): [NaMa] Pitch PID Output: 1444.223267
[ 16063][I][main.cpp:224] vTaskPitch(): [NaMa] Pitch PID Output: 1444.053711
[ 16073][I][main.cpp:224] vTaskPitch(): [NaMa] Pitch PID Output: 1443.883911
[ 16083][I][main.cpp:224] vTaskPitch(): [NaMa] Pitch PID Output: 1443.713989
[ 16093][I][main.cpp:224] vTaskPitch(): [NaMa] Pitch PID Output: 1443.543823
[ 16103][I][main.cpp:224] vTaskPitch(): [NaMa] Pitch PID Output: 1443.373413
[ 16113][I][main.cpp:224] vTaskPitch(): [NaMa] Pitch PID Output: 1443.202881
[ 16123][I][main.cpp:224] vTaskPitch(): [NaMa] Pitch PID Output: 1443.032104
[ 16133][I][main.cpp:224] vTaskPitch(): [NaMa] Pitch PID Output: 1442.861084
[ 16143][I][main.cpp:224] vTaskPitch(): [NaMa] Pitch PID Output: 1442.689941
[ 16153][I][main.cpp:224] vTaskPitch(): [NaMa] Pitch PID Output: 1442.518555
[ 16163][I][main.cpp:224] vTaskPitch(): [NaMa] Pitch PID Output: 1442.346924
[ 16173][I][main.cpp:224] vTaskPitch(): [NaMa] Pitch PID Output: 1442.175171
[ 16183][I][main.cpp:224] vTaskPitch(): [NaMa] Pitch PID Output: 1442.003174
[ 16193][I][main.cpp:224] vTaskPitch(): [NaMa] Pitch PID Output: 1441.831055
[ 16203][I][main.cpp:224] vTaskPitch(): [NaMa] Pitch PID Output: 1441.658691
[ 16213][I][main.cpp:224] vTaskPitch(): [NaMa] Pitch PID Output: 1441.486084
[ 16223][I][main.cpp:224] vTaskPitch(): [NaMa] Pitch PID Output: 1441.313354
[ 16233][I][main.cpp:224] vTaskPitch(): [NaMa] Pitch PID Output: 1441.140381
[ 16243][I][main.cpp:224] vTaskPitch(): [NaMa] Pitch PID Output: 1440.967163
[ 16253][I][main.cpp:224] vTaskPitch(): [NaMa] Pitch PID Output: 1440.793823
[ 16263][I][main.cpp:224] vTaskPitch(): [NaMa] Pitch PID Output: 1440.620239
[ 16273][I][main.cpp:224] vTaskPitch(): [NaMa] Pitch PID Output: 1440.446411
[ 16283][I][main.cpp:224] vTaskPitch(): [NaMa] Pitch PID Output: 1440.272461
[ 16293][I][main.cpp:224] vTaskPitch(): [NaMa] Pitch PID Output: 1440.098267
[ 16303][I][main.cpp:224] vTaskPitch(): [NaMa] Pitch PID Output: 1439.923950
[ 16313][I][main.cpp:224] vTaskPitch(): [NaMa] Pitch PID Output: 1439.749390
[ 16323][I][main.cpp:224] vTaskPitch(): [NaMa] Pitch PID Output: 1439.574585
[ 16333][I][main.cpp:224] vTaskPitch(): [NaMa] Pitch PID Output: 1439.399658
[ 16343][I][main.cpp:224] vTaskPitch(): [NaMa] Pitch PID Output: 1439.224487
[ 16353][I][main.cpp:224] vTaskPitch(): [NaMa] Pitch PID Output: 1439.049072
[ 16363][I][main.cpp:224] vTaskPitch(): [NaMa] Pitch PID Output: 1438.873535
[ 16373][I][main.cpp:224] vTaskPitch(): [NaMa] Pitch PID Output: 1438.697754
[ 16383][I][main.cpp:224] vTaskPitch(): [NaMa] Pitch PID Output: 1438.521729
[ 16393][I][main.cpp:224] vTaskPitch(): [NaMa] Pitch PID Output: 1438.345581
[ 16403][I][main.cpp:224] vTaskPitch(): [NaMa] Pitch PID Output: 1438.169189
[ 16413][I][main.cpp:224] vTaskPitch(): [NaMa] Pitch PID Output: 1437.992554
[ 16423][I][main.cpp:224] vTaskPitch(): [NaMa] Pitch PID Output: 1437.815796
[ 16433][I][main.cpp:224] vTaskPitch(): [NaMa] Pitch PID Output: 1437.638794
[ 16443][I][main.cpp:224] vTaskPitch(): [NaMa] Pitch PID Output: 1437.461670
[ 16453][I][main.cpp:224] vTaskPitch(): [NaMa] Pitch PID Output: 1437.284302
[ 16463][I][main.cpp:224] vTaskPitch(): [NaMa] Pitch PID Output: 1437.106689
[ 16473][I][main.cpp:224] vTaskPitch(): [NaMa] Pitch PID Output: 1436.928955
[ 16483][I][main.cpp:224] vTaskPitch(): [NaMa] Pitch PID Output: 1436.750977
[ 16493][I][main.cpp:224] vTaskPitch(): [NaMa] Pitch PID Output: 1436.572754
[ 16503][I][main.cpp:224] vTaskPitch(): [NaMa] Pitch PID Output: 1436.394409
[ 16513][I][main.cpp:224] vTaskPitch(): [NaMa] Pitch PID Output: 1436.215820
[ 16523][I][main.cpp:224] vTaskPitch(): [NaMa] Pitch PID Output: 1436.036987
[ 16533][I][main.cpp:224] vTaskPitch(): [NaMa] Pitch PID Output: 1435.858032
[ 16543][I][main.cpp:224] vTaskPitch(): [NaMa] Pitch PID Output: 1435.678833
[ 16553][I][main.cpp:224] vTaskPitch(): [NaMa] Pitch PID Output: 1435.499512
[ 16563][I][main.cpp:224] vTaskPitch(): [NaMa] Pitch PID Output: 1435.319946
[ 16573][I][main.cpp:224] vTaskPitch(): [NaMa] Pitch PID Output: 1435.140137
[ 16583][I][main.cpp:224] vTaskPitch(): [NaMa] Pitch PID Output: 1434.960205
[ 16591][I][main.cpp:373] vTaskLogData(): [NaMa] T: Poll, U: 276, F: 1772
[ 16591][I][main.cpp:373] vTaskLogData(): [NaMa] T: Ptch, U: 2188, F: 1908
[ 16591][I][main.cpp:373] vTaskLogData(): [NaMa] T: Recv, U: 204, F: 1844
[ 16591][I][main.cpp:373] vTaskLogData(): [NaMa] T: Send, U: 204, F: 1844
[ 16592][I][main.cpp:373] vTaskLogData(): [NaMa] T: Cfg, U: 232, F: 280
[ 16592][I][main.cpp:373] vTaskLogData(): [NaMa] T: LED, U: 216, F: 40
[ 16592][I][main.cpp:373] vTaskLogData(): [NaMa] T: Log, U: 2292, F: 1804
[ 16593][I][main.cpp:224] vTaskPitch(): [NaMa] Pitch PID Output: 1434.780029
[ 16603][I][main.cpp:224] vTaskPitch(): [NaMa] Pitch PID Output: 1434.599609
[ 16613][I][main.cpp:224] vTaskPitch(): [NaMa] Pitch PID Output: 1434.419067
[ 16623][I][main.cpp:224] vTaskPitch(): [NaMa] Pitch PID Output: 1434.238281
[ 16633][I][main.cpp:224] vTaskPitch(): [NaMa] Pitch PID Output: 1434.057251
[ 16643][I][main.cpp:224] vTaskPitch(): [NaMa] Pitch PID Output: 1433.876099
[ 16653][I][main.cpp:224] vTaskPitch(): [NaMa] Pitch PID Output: 1433.694702
[ 16663][I][main.cpp:224] vTaskPitch(): [NaMa] Pitch PID Output: 1433.513184
[ 16673][I][main.cpp:224] vTaskPitch(): [NaMa] Pitch PID Output: 1433.331421
[ 16683][I][main.cpp:224] vTaskPitch(): [NaMa] Pitch PID Output: 1433.149414
[ 16693][I][main.cpp:224] vTaskPitch(): [NaMa] Pitch PID Output: 1432.967285
[ 16703][I][main.cpp:224] vTaskPitch(): [NaMa] Pitch PID Output: 1432.784912
[ 16713][I][main.cpp:224] vTaskPitch(): [NaMa] Pitch PID Output: 1432.602295
[ 16723][I][main.cpp:224] vTaskPitch(): [NaMa] Pitch PID Output: 1432.419556
[ 16733][I][main.cpp:224] vTaskPitch(): [NaMa] Pitch PID Output: 1432.236572
[ 16743][I][main.cpp:224] vTaskPitch(): [NaMa] Pitch PID Output: 1432.053345
[ 16753][I][main.cpp:224] vTaskPitch(): [NaMa] Pitch PID Output: 1431.869995
[ 16763][I][main.cpp:224] vTaskPitch(): [NaMa] Pitch PID Output: 1431.686401
[ 16773][I][main.cpp:224] vTaskPitch(): [NaMa] Pitch PID Output: 1431.502686
[ 16783][I][main.cpp:224] vTaskPitch(): [NaMa] Pitch PID Output: 1431.318726
[ 16793][I][main.cpp:224] vTaskPitch(): [NaMa] Pitch PID Output: 1431.134521
[ 16803][I][main.cpp:224] vTaskPitch(): [NaMa] Pitch PID Output: 1430.950195
[ 16813][I][main.cpp:224] vTaskPitch(): [NaMa] Pitch PID Output: 1430.765625
[ 16823][I][main.cpp:224] vTaskPitch(): [NaMa] Pitch PID Output: 1430.580811
[ 16833][I][main.cpp:224] vTaskPitch(): [NaMa] Pitch PID Output: 1430.395874
[ 16843][I][main.cpp:224] vTaskPitch(): [NaMa] Pitch PID Output: 1430.210693
[ 16853][I][main.cpp:224] vTaskPitch(): [NaMa] Pitch PID Output: 1430.025269
[ 16863][I][main.cpp:224] vTaskPitch(): [NaMa] Pitch PID Output: 1429.839722
[ 16873][I][main.cpp:224] vTaskPitch(): [NaMa] Pitch PID Output: 1429.653931
[ 16883][I][main.cpp:224] vTaskPitch(): [NaMa] Pitch PID Output: 1429.467896
[ 16893][I][main.cpp:224] vTaskPitch(): [NaMa] Pitch PID Output: 1429.281738
[ 16903][I][main.cpp:224] vTaskPitch(): [NaMa] Pitch PID Output: 1429.095337
[ 16913][I][main.cpp:224] vTaskPitch(): [NaMa] Pitch PID Output: 1428.908813
[ 16923][I][main.cpp:224] vTaskPitch(): [NaMa] Pitch PID Output: 1428.722046
[ 16933][I][main.cpp:224] vTaskPitch(): [NaMa] Pitch PID Output: 1428.535034
[ 16943][I][main.cpp:224] vTaskPitch(): [NaMa] Pitch PID Output: 1428.347900
[ 16953][I][main.cpp:224] vTaskPitch(): [NaMa] Pitch PID Output: 1428.160522
[ 16963][I][main.cpp:224] vTaskPitch(): [NaMa] Pitch PID Output: 1427.972900
[ 16973][I][main.cpp:224] vTaskPitch(): [NaMa] Pitch PID Output: 1427.785156
[ 16983][I][main.cpp:224] vTaskPitch(): [NaMa] Pitch PID Output: 1427.597168
[ 16993][I][main.cpp:224] vTaskPitch(): [NaMa] Pitch PID Output: 1427.408936
[ 17003][I][main.cpp:224] vTaskPitch(): [NaMa] Pitch PID Output: 1427.220581
[ 17013][I][main.cpp:224] vTaskPitch(): [NaMa] Pitch PID Output: 1427.031982
[ 17023][I][main.cpp:224] vTaskPitch(): [NaMa] Pitch PID Output: 1426.843262
[ 17033][I][main.cpp:224] vTaskPitch(): [NaMa] Pitch PID Output: 1426.654297
[ 17043][I][main.cpp:224] vTaskPitch(): [NaMa] Pitch PID Output: 1426.465088
[ 17053][I][main.cpp:224] vTaskPitch(): [NaMa] Pitch PID Output: 1426.275757
[ 17063][I][main.cpp:224] vTaskPitch(): [NaMa] Pitch PID Output: 1426.086182
[ 17073][I][main.cpp:224] vTaskPitch(): [NaMa] Pitch PID Output: 1425.896362
[ 17083][I][main.cpp:224] vTaskPitch(): [NaMa] Pitch PID Output: 1425.706421
[ 17093][I][main.cpp:224] vTaskPitch(): [NaMa] Pitch PID Output: 1425.516235
[ 17103][I][main.cpp:224] vTaskPitch(): [NaMa] Pitch PID Output: 1425.325806
[ 17113][I][main.cpp:224] vTaskPitch(): [NaMa] Pitch PID Output: 1425.135254
[ 17123][I][main.cpp:224] vTaskPitch(): [NaMa] Pitch PID Output: 1424.944458
[ 17133][I][main.cpp:224] vTaskPitch(): [NaMa] Pitch PID Output: 1424.753540
[ 17143][I][main.cpp:224] vTaskPitch(): [NaMa] Pitch PID Output: 1424.562378
[ 17153][I][main.cpp:224] vTaskPitch(): [NaMa] Pitch PID Output: 1424.370972
[ 17163][I][main.cpp:224] vTaskPitch(): [NaMa] Pitch PID Output: 1424.179443
[ 17173][I][main.cpp:224] vTaskPitch(): [NaMa] Pitch PID Output: 1423.987671
[ 17183][I][main.cpp:224] vTaskPitch(): [NaMa] Pitch PID Output: 1423.795654
[ 17193][I][main.cpp:224] vTaskPitch(): [NaMa] Pitch PID Output: 1423.603516
[ 17203][I][main.cpp:224] vTaskPitch(): [NaMa] Pitch PID Output: 1423.411133
[ 17213][I][main.cpp:224] vTaskPitch(): [NaMa] Pitch PID Output: 1423.218506
[ 17223][I][main.cpp:224] vTaskPitch(): [NaMa] Pitch PID Output: 1423.025757
[ 17233][I][main.cpp:224] vTaskPitch(): [NaMa] Pitch PID Output: 1422.832764
[ 17243][I][main.cpp:224] vTaskPitch(): [NaMa] Pitch PID Output: 1422.639648
[ 17253][I][main.cpp:224] vTaskPitch(): [NaMa] Pitch PID Output: 1422.446289
[ 17263][I][main.cpp:224] vTaskPitch(): [NaMa] Pitch PID Output: 1422.252686
[ 17273][I][main.cpp:224] vTaskPitch(): [NaMa] Pitch PID Output: 1422.058960
[ 17283][I][main.cpp:224] vTaskPitch(): [NaMa] Pitch PID Output: 1421.864990
[ 17293][I][main.cpp:224] vTaskPitch(): [NaMa] Pitch PID Output: 1421.670776
[ 17303][I][main.cpp:224] vTaskPitch(): [NaMa] Pitch PID Output: 1421.476440
[ 17313][I][main.cpp:224] vTaskPitch(): [NaMa] Pitch PID Output: 1421.281860
[ 17323][I][main.cpp:224] vTaskPitch(): [NaMa] Pitch PID Output: 1421.087036
[ 17333][I][main.cpp:224] vTaskPitch(): [NaMa] Pitch PID Output: 1420.892090
[ 17343][I][main.cpp:224] vTaskPitch(): [NaMa] Pitch PID Output: 1420.696899
[ 17353][I][main.cpp:224] vTaskPitch(): [NaMa] Pitch PID Output: 1420.501465
[ 17363][I][main.cpp:224] vTaskPitch(): [NaMa] Pitch PID Output: 1420.305908
[ 17373][I][main.cpp:224] vTaskPitch(): [NaMa] Pitch PID Output: 1420.110107
[ 17383][I][main.cpp:224] vTaskPitch(): [NaMa] Pitch PID Output: 1419.914185
[ 17393][I][main.cpp:224] vTaskPitch(): [NaMa] Pitch PID Output: 1419.718018
[ 17403][I][main.cpp:224] vTaskPitch(): [NaMa] Pitch PID Output: 1419.521606
[ 17413][I][main.cpp:224] vTaskPitch(): [NaMa] Pitch PID Output: 1419.325073
[ 17423][I][main.cpp:224] vTaskPitch(): [NaMa] Pitch PID Output: 1419.128296
[ 17433][I][main.cpp:224] vTaskPitch(): [NaMa] Pitch PID Output: 1418.931274
[ 17443][I][main.cpp:224] vTaskPitch(): [NaMa] Pitch PID Output: 1418.734131
[ 17453][I][main.cpp:224] vTaskPitch(): [NaMa] Pitch PID Output: 1418.536743
[ 17463][I][main.cpp:224] vTaskPitch(): [NaMa] Pitch PID Output: 1418.339111
[ 17473][I][main.cpp:224] vTaskPitch(): [NaMa] Pitch PID Output: 1418.141357
[ 17483][I][main.cpp:224] vTaskPitch(): [NaMa] Pitch PID Output: 1417.943359
[ 17493][I][main.cpp:224] vTaskPitch(): [NaMa] Pitch PID Output: 1417.745239
[ 17503][I][main.cpp:224] vTaskPitch(): [NaMa] Pitch PID Output: 1417.546875
[ 17513][I][main.cpp:224] vTaskPitch(): [NaMa] Pitch PID Output: 1417.348267
[ 17523][I][main.cpp:224] vTaskPitch(): [NaMa] Pitch PID Output: 1417.149536
[ 17533][I][main.cpp:224] vTaskPitch(): [NaMa] Pitch PID Output: 1416.950562
[ 17543][I][main.cpp:224] vTaskPitch(): [NaMa] Pitch PID Output: 1416.751343
[ 17553][I][main.cpp:224] vTaskPitch(): [NaMa] Pitch PID Output: 1416.552002
[ 17563][I][main.cpp:224] vTaskPitch(): [NaMa] Pitch PID Output: 1416.352417
[ 17573][I][main.cpp:224] vTaskPitch(): [NaMa] Pitch PID Output: 1416.152588
[ 17583][I][main.cpp:224] vTaskPitch(): [NaMa] Pitch PID Output: 1415.952637
[ 17592][I][main.cpp:380] vTaskLogData(): [NaMa] Minimum free heap: 142376 bytes
[ 17593][I][main.cpp:224] vTaskPitch(): [NaMa] Pitch PID Output: 1415.752441
[ 17603][I][main.cpp:224] vTaskPitch(): [NaMa] Pitch PID Output: 1415.552124
[ 17613][I][main.cpp:224] vTaskPitch(): [NaMa] Pitch PID Output: 1415.351562
[ 17623][I][main.cpp:224] vTaskPitch(): [NaMa] Pitch PID Output: 1415.150757
[ 17633][I][main.cpp:224] vTaskPitch(): [NaMa] Pitch PID Output: 1414.949829
[ 17643][I][main.cpp:224] vTaskPitch(): [NaMa] Pitch PID Output: 1414.748657
[ 17653][I][main.cpp:224] vTaskPitch(): [NaMa] Pitch PID Output: 1414.547241
[ 17663][I][main.cpp:224] vTaskPitch(): [NaMa] Pitch PID Output: 1414.345703
[ 17673][I][main.cpp:224] vTaskPitch(): [NaMa] Pitch PID Output: 1414.143921
[ 17683][I][main.cpp:224] vTaskPitch(): [NaMa] Pitch PID Output: 1413.941895
[ 17693][I][main.cpp:224] vTaskPitch(): [NaMa] Pitch PID Output: 1413.739746
[ 17703][I][main.cpp:224] vTaskPitch(): [NaMa] Pitch PID Output: 1413.537354
[ 17713][I][main.cpp:224] vTaskPitch(): [NaMa] Pitch PID Output: 1413.334839
[ 17723][I][main.cpp:224] vTaskPitch(): [NaMa] Pitch PID Output: 1413.132080
[ 17733][I][main.cpp:224] vTaskPitch(): [NaMa] Pitch PID Output: 1412.929077
[ 17743][I][main.cpp:224] vTaskPitch(): [NaMa] Pitch PID Output: 1412.725952
[ 17753][I][main.cpp:224] vTaskPitch(): [NaMa] Pitch PID Output: 1412.522583
[ 17763][I][main.cpp:224] vTaskPitch(): [NaMa] Pitch PID Output: 1412.318970
[ 17773][I][main.cpp:224] vTaskPitch(): [NaMa] Pitch PID Output: 1412.115234
[ 17783][I][main.cpp:224] vTaskPitch(): [NaMa] Pitch PID Output: 1411.911255
[ 17793][I][main.cpp:224] vTaskPitch(): [NaMa] Pitch PID Output: 1411.707031
[ 17803][I][main.cpp:224] vTaskPitch(): [NaMa] Pitch PID Output: 1411.502686
[ 17813][I][main.cpp:224] vTaskPitch(): [NaMa] Pitch PID Output: 1411.298096
[ 17823][I][main.cpp:224] vTaskPitch(): [NaMa] Pitch PID Output: 1411.093262
[ 17833][I][main.cpp:224] vTaskPitch(): [NaMa] Pitch PID Output: 1410.888306
[ 17843][I][main.cpp:224] vTaskPitch(): [NaMa] Pitch PID Output: 1410.683105
[ 17853][I][main.cpp:224] vTaskPitch(): [NaMa] Pitch PID Output: 1410.477783
[ 17863][I][main.cpp:224] vTaskPitch(): [NaMa] Pitch PID Output: 1410.272217
[ 17873][I][main.cpp:224] vTaskPitch(): [NaMa] Pitch PID Output: 1410.066406
[ 17883][I][main.cpp:224] vTaskPitch(): [NaMa] Pitch PID Output: 1409.860474
[ 17893][I][main.cpp:224] vTaskPitch(): [NaMa] Pitch PID Output: 1409.654297
[ 17903][I][main.cpp:224] vTaskPitch(): [NaMa] Pitch PID Output: 1409.447876
[ 17913][I][main.cpp:224] vTaskPitch(): [NaMa] Pitch PID Output: 1409.241333
[ 17923][I][main.cpp:224] vTaskPitch(): [NaMa] Pitch PID Output: 1409.034546
[ 17933][I][main.cpp:224] vTaskPitch(): [NaMa] Pitch PID Output: 1408.827515
[ 17943][I][main.cpp:224] vTaskPitch(): [NaMa] Pitch PID Output: 1408.620361
[ 17953][I][main.cpp:224] vTaskPitch(): [NaMa] Pitch PID Output: 1408.412964
[ 17963][I][main.cpp:224] vTaskPitch(): [NaMa] Pitch PID Output: 1408.205444
[ 17973][I][main.cpp:224] vTaskPitch(): [NaMa] Pitch PID Output: 1407.997681
[ 17983][I][main.cpp:224] vTaskPitch(): [NaMa] Pitch PID Output: 1407.789673
[ 17993][I][main.cpp:224] vTaskPitch(): [NaMa] Pitch PID Output: 1407.581543
[ 18003][I][main.cpp:224] vTaskPitch(): [NaMa] Pitch PID Output: 1407.373169
[ 18013][I][main.cpp:224] vTaskPitch(): [NaMa] Pitch PID Output: 1407.164551
[ 18023][I][main.cpp:224] vTaskPitch(): [NaMa] Pitch PID Output: 1406.955811
[ 18033][I][main.cpp:224] vTaskPitch(): [NaMa] Pitch PID Output: 1406.746826
[ 18043][I][main.cpp:224] vTaskPitch(): [NaMa] Pitch PID Output: 1406.537598
[ 18053][I][main.cpp:224] vTaskPitch(): [NaMa] Pitch PID Output: 1406.328247
[ 18063][I][main.cpp:224] vTaskPitch(): [NaMa] Pitch PID Output: 1406.118652
[ 18073][I][main.cpp:224] vTaskPitch(): [NaMa] Pitch PID Output: 1405.908936
[ 18083][I][main.cpp:224] vTaskPitch(): [NaMa] Pitch PID Output: 1405.698975
[ 18093][I][main.cpp:224] vTaskPitch(): [NaMa] Pitch PID Output: 1405.488770
[ 18103][I][main.cpp:224] vTaskPitch(): [NaMa] Pitch PID Output: 1405.278442
[ 18113][I][main.cpp:224] vTaskPitch(): [NaMa] Pitch PID Output: 1405.067871
[ 18123][I][main.cpp:224] vTaskPitch(): [NaMa] Pitch PID Output: 1404.857056
[ 18133][I][main.cpp:224] vTaskPitch(): [NaMa] Pitch PID Output: 1404.646118
[ 18143][I][main.cpp:224] vTaskPitch(): [NaMa] Pitch PID Output: 1404.434937
[ 18153][I][main.cpp:224] vTaskPitch(): [NaMa] Pitch PID Output: 1404.223511
[ 18163][I][main.cpp:224] vTaskPitch(): [NaMa] Pitch PID Output: 1404.011963
[ 18173][I][main.cpp:224] vTaskPitch(): [NaMa] Pitch PID Output: 1403.800171
[ 18183][I][main.cpp:224] vTaskPitch(): [NaMa] Pitch PID Output: 1403.588135
[ 18193][I][main.cpp:224] vTaskPitch(): [NaMa] Pitch PID Output: 1403.375977
[ 18203][I][main.cpp:224] vTaskPitch(): [NaMa] Pitch PID Output: 1403.163574
[ 18213][I][main.cpp:224] vTaskPitch(): [NaMa] Pitch PID Output: 1402.951050
[ 18223][I][main.cpp:224] vTaskPitch(): [NaMa] Pitch PID Output: 1402.738281
[ 18233][I][main.cpp:224] vTaskPitch(): [NaMa] Pitch PID Output: 1402.525269
[ 18243][I][main.cpp:224] vTaskPitch(): [NaMa] Pitch PID Output: 1402.312134
[ 18253][I][main.cpp:224] vTaskPitch(): [NaMa] Pitch PID Output: 1402.098755
[ 18263][I][main.cpp:224] vTaskPitch(): [NaMa] Pitch PID Output: 1401.885132
[ 18273][I][main.cpp:224] vTaskPitch(): [NaMa] Pitch PID Output: 1401.671387
[ 18283][I][main.cpp:224] vTaskPitch(): [NaMa] Pitch PID Output: 1401.457397
[ 18293][I][main.cpp:224] vTaskPitch(): [NaMa] Pitch PID Output: 1401.243164
[ 18303][I][main.cpp:224] vTaskPitch(): [NaMa] Pitch PID Output: 1401.028809
[ 18313][I][main.cpp:224] vTaskPitch(): [NaMa] Pitch PID Output: 1400.814209
[ 18323][I][main.cpp:224] vTaskPitch(): [NaMa] Pitch PID Output: 1400.599487
[ 18333][I][main.cpp:224] vTaskPitch(): [NaMa] Pitch PID Output: 1400.384521
[ 18343][I][main.cpp:224] vTaskPitch(): [NaMa] Pitch PID Output: 1400.169312
[ 18353][I][main.cpp:224] vTaskPitch(): [NaMa] Pitch PID Output: 1399.953979
[ 18363][I][main.cpp:224] vTaskPitch(): [NaMa] Pitch PID Output: 1399.738403
[ 18373][I][main.cpp:224] vTaskPitch(): [NaMa] Pitch PID Output: 1399.522583
[ 18383][I][main.cpp:224] vTaskPitch(): [NaMa] Pitch PID Output: 1399.306641
[ 18393][I][main.cpp:224] vTaskPitch(): [NaMa] Pitch PID Output: 1399.090454
[ 18403][I][main.cpp:224] vTaskPitch(): [NaMa] Pitch PID Output: 1398.874023
[ 18413][I][main.cpp:224] vTaskPitch(): [NaMa] Pitch PID Output: 1398.657471
[ 18423][I][main.cpp:224] vTaskPitch(): [NaMa] Pitch PID Output: 1398.440674
[ 18433][I][main.cpp:224] vTaskPitch(): [NaMa] Pitch PID Output: 1398.223755
[ 18443][I][main.cpp:224] vTaskPitch(): [NaMa] Pitch PID Output: 1398.006592
[ 18453][I][main.cpp:224] vTaskPitch(): [NaMa] Pitch PID Output: 1397.789185
[ 18463][I][main.cpp:224] vTaskPitch(): [NaMa] Pitch PID Output: 1397.571655
[ 18473][I][main.cpp:224] vTaskPitch(): [NaMa] Pitch PID Output: 1397.353882
[ 18483][I][main.cpp:224] vTaskPitch(): [NaMa] Pitch PID Output: 1397.135864
[ 18493][I][main.cpp:224] vTaskPitch(): [NaMa] Pitch PID Output: 1396.917725
[ 18503][I][main.cpp:224] vTaskPitch(): [NaMa] Pitch PID Output: 1396.699341
[ 18513][I][main.cpp:224] vTaskPitch(): [NaMa] Pitch PID Output: 1396.480713
[ 18523][I][main.cpp:224] vTaskPitch(): [NaMa] Pitch PID Output: 1396.261963
[ 18533][I][main.cpp:224] vTaskPitch(): [NaMa] Pitch PID Output: 1396.042969
[ 18543][I][main.cpp:224] vTaskPitch(): [NaMa] Pitch PID Output: 1395.823853
[ 18553][I][main.cpp:224] vTaskPitch(): [NaMa] Pitch PID Output: 1395.604492
[ 18563][I][main.cpp:224] vTaskPitch(): [NaMa] Pitch PID Output: 1395.384888
[ 18573][I][main.cpp:224] vTaskPitch(): [NaMa] Pitch PID Output: 1395.165161
[ 18583][I][main.cpp:224] vTaskPitch(): [NaMa] Pitch PID Output: 1394.945190
[ 18592][I][main.cpp:396] vTaskLogData(): [NaMa] Temperature: 29 dC
[ 18593][I][main.cpp:224] vTaskPitch(): [NaMa] Pitch PID Output: 1394.724976
[ 18603][I][main.cpp:224] vTaskPitch(): [NaMa] Pitch PID Output: 1394.504639
[ 18613][I][main.cpp:224] vTaskPitch(): [NaMa] Pitch PID Output: 1394.284058
[ 18623][I][main.cpp:224] vTaskPitch(): [NaMa] Pitch PID Output: 1394.063232
[ 18633][I][main.cpp:224] vTaskPitch(): [NaMa] Pitch PID Output: 1393.842285
[ 18643][I][main.cpp:224] vTaskPitch(): [NaMa] Pitch PID Output: 1393.621094
[ 18653][I][main.cpp:224] vTaskPitch(): [NaMa] Pitch PID Output: 1393.399658
[ 18663][I][main.cpp:224] vTaskPitch(): [NaMa] Pitch PID Output: 1393.178101
[ 18673][I][main.cpp:224] vTaskPitch(): [NaMa] Pitch PID Output: 1392.956299
[ 18683][I][main.cpp:224] vTaskPitch(): [NaMa] Pitch PID Output: 1392.734375
[ 18693][I][main.cpp:224] vTaskPitch(): [NaMa] Pitch PID Output: 1392.512207
[ 18703][I][main.cpp:224] vTaskPitch(): [NaMa] Pitch PID Output: 1392.289795
[ 18713][I][main.cpp:224] vTaskPitch(): [NaMa] Pitch PID Output: 1392.067261
[ 18723][I][main.cpp:224] vTaskPitch(): [NaMa] Pitch PID Output: 1391.844482
[ 18733][I][main.cpp:224] vTaskPitch(): [NaMa] Pitch PID Output: 1391.621460
[ 18743][I][main.cpp:224] vTaskPitch(): [NaMa] Pitch PID Output: 1391.398315
[ 18753][I][main.cpp:224] vTaskPitch(): [NaMa] Pitch PID Output: 1391.174927
[ 18763][I][main.cpp:224] vTaskPitch(): [NaMa] Pitch PID Output: 1390.951294
[ 18773][I][main.cpp:224] vTaskPitch(): [NaMa] Pitch PID Output: 1390.727539
[ 18783][I][main.cpp:224] vTaskPitch(): [NaMa] Pitch PID Output: 1390.503540
[ 18793][I][main.cpp:224] vTaskPitch(): [NaMa] Pitch PID Output: 1390.279419
[ 18803][I][main.cpp:224] vTaskPitch(): [NaMa] Pitch PID Output: 1390.055054
[ 18813][I][main.cpp:224] vTaskPitch(): [NaMa] Pitch PID Output: 1389.830444
[ 18823][I][main.cpp:224] vTaskPitch(): [NaMa] Pitch PID Output: 1389.605713
[ 18833][I][main.cpp:224] vTaskPitch(): [NaMa] Pitch PID Output: 1389.380737
[ 18843][I][main.cpp:224] vTaskPitch(): [NaMa] Pitch PID Output: 1389.155518
[ 18853][I][main.cpp:224] vTaskPitch(): [NaMa] Pitch PID Output: 1388.930176
[ 18863][I][main.cpp:224] vTaskPitch(): [NaMa] Pitch PID Output: 1388.704590
[ 18873][I][main.cpp:224] vTaskPitch(): [NaMa] Pitch PID Output: 1388.478760
[ 18883][I][main.cpp:224] vTaskPitch(): [NaMa] Pitch PID Output: 1388.252808
[ 18893][I][main.cpp:224] vTaskPitch(): [NaMa] Pitch PID Output: 1388.026611
[ 18903][I][main.cpp:224] vTaskPitch(): [NaMa] Pitch PID Output: 1387.800293
[ 18913][I][main.cpp:224] vTaskPitch(): [NaMa] Pitch PID Output: 1387.573730
[ 18923][I][main.cpp:224] vTaskPitch(): [NaMa] Pitch PID Output: 1387.346924
[ 18933][I][main.cpp:224] vTaskPitch(): [NaMa] Pitch PID Output: 1387.119995
[ 18943][I][main.cpp:224] vTaskPitch(): [NaMa] Pitch PID Output: 1386.892822
[ 18953][I][main.cpp:224] vTaskPitch(): [NaMa] Pitch PID Output: 1386.665405
[ 18963][I][main.cpp:224] vTaskPitch(): [NaMa] Pitch PID Output: 1386.437866
[ 18973][I][main.cpp:224] vTaskPitch(): [NaMa] Pitch PID Output: 1386.210083
[ 18983][I][main.cpp:224] vTaskPitch(): [NaMa] Pitch PID Output: 1385.982056
[ 18993][I][main.cpp:224] vTaskPitch(): [NaMa] Pitch PID Output: 1385.753906
[ 19003][I][main.cpp:224] vTaskPitch(): [NaMa] Pitch PID Output: 1385.525513
[ 19013][I][main.cpp:224] vTaskPitch(): [NaMa] Pitch PID Output: 1385.296997
[ 19023][I][main.cpp:224] vTaskPitch(): [NaMa] Pitch PID Output: 1385.068237
[ 19033][I][main.cpp:224] vTaskPitch(): [NaMa] Pitch PID Output: 1384.839233
[ 19043][I][main.cpp:224] vTaskPitch(): [NaMa] Pitch PID Output: 1384.610107
[ 19053][I][main.cpp:224] vTaskPitch(): [NaMa] Pitch PID Output: 1384.380737
[ 19063][I][main.cpp:224] vTaskPitch(): [NaMa] Pitch PID Output: 1384.151123
[ 19073][I][main.cpp:224] vTaskPitch(): [NaMa] Pitch PID Output: 1383.921387
[ 19083][I][main.cpp:224] vTaskPitch(): [NaMa] Pitch PID Output: 1383.691406
[ 19093][I][main.cpp:224] vTaskPitch(): [NaMa] Pitch PID Output: 1383.461182
[ 19103][I][main.cpp:224] vTaskPitch(): [NaMa] Pitch PID Output: 1383.230835
[ 19113][I][main.cpp:224] vTaskPitch(): [NaMa] Pitch PID Output: 1383.000244
[ 19123][I][main.cpp:224] vTaskPitch(): [NaMa] Pitch PID Output: 1382.769409
[ 19133][I][main.cpp:224] vTaskPitch(): [NaMa] Pitch PID Output: 1382.538452
[ 19143][I][main.cpp:224] vTaskPitch(): [NaMa] Pitch PID Output: 1382.307251
[ 19153][I][main.cpp:224] vTaskPitch(): [NaMa] Pitch PID Output: 1382.075928
[ 19163][I][main.cpp:224] vTaskPitch(): [NaMa] Pitch PID Output: 1381.844360
[ 19173][I][main.cpp:224] vTaskPitch(): [NaMa] Pitch PID Output: 1381.612549
[ 19183][I][main.cpp:224] vTaskPitch(): [NaMa] Pitch PID Output: 1381.380615
[ 19193][I][main.cpp:224] vTaskPitch(): [NaMa] Pitch PID Output: 1381.148438
[ 19203][I][main.cpp:224] vTaskPitch(): [NaMa] Pitch PID Output: 1380.916016
[ 19213][I][main.cpp:224] vTaskPitch(): [NaMa] Pitch PID Output: 1380.683472
[ 19223][I][main.cpp:224] vTaskPitch(): [NaMa] Pitch PID Output: 1380.450684
[ 19233][I][main.cpp:224] vTaskPitch(): [NaMa] Pitch PID Output: 1380.217651
[ 19243][I][main.cpp:224] vTaskPitch(): [NaMa] Pitch PID Output: 1379.984497
[ 19253][I][main.cpp:224] vTaskPitch(): [NaMa] Pitch PID Output: 1379.751099
[ 19263][I][main.cpp:224] vTaskPitch(): [NaMa] Pitch PID Output: 1379.517578
[ 19273][I][main.cpp:224] vTaskPitch(): [NaMa] Pitch PID Output: 1379.283813
[ 19283][I][main.cpp:224] vTaskPitch(): [NaMa] Pitch PID Output: 1379.049805
[ 19293][I][main.cpp:224] vTaskPitch(): [NaMa] Pitch PID Output: 1378.815674
[ 19303][I][main.cpp:224] vTaskPitch(): [NaMa] Pitch PID Output: 1378.581299
[ 19313][I][main.cpp:224] vTaskPitch(): [NaMa] Pitch PID Output: 1378.346680
[ 19323][I][main.cpp:224] vTaskPitch(): [NaMa] Pitch PID Output: 1378.111938
[ 19333][I][main.cpp:224] vTaskPitch(): [NaMa] Pitch PID Output: 1377.876953
[ 19343][I][main.cpp:224] vTaskPitch(): [NaMa] Pitch PID Output: 1377.641724
[ 19353][I][main.cpp:224] vTaskPitch(): [NaMa] Pitch PID Output: 1377.406372
[ 19363][I][main.cpp:224] vTaskPitch(): [NaMa] Pitch PID Output: 1377.170776
[ 19373][I][main.cpp:224] vTaskPitch(): [NaMa] Pitch PID Output: 1376.935059
[ 19383][I][main.cpp:224] vTaskPitch(): [NaMa] Pitch PID Output: 1376.699097
[ 19393][I][main.cpp:224] vTaskPitch(): [NaMa] Pitch PID Output: 1376.462891
[ 19403][I][main.cpp:224] vTaskPitch(): [NaMa] Pitch PID Output: 1376.226562
[ 19413][I][main.cpp:224] vTaskPitch(): [NaMa] Pitch PID Output: 1375.989990
[ 19423][I][main.cpp:224] vTaskPitch(): [NaMa] Pitch PID Output: 1375.753174
[ 19433][I][main.cpp:224] vTaskPitch(): [NaMa] Pitch PID Output: 1375.516235
[ 19443][I][main.cpp:224] vTaskPitch(): [NaMa] Pitch PID Output: 1375.279053
[ 19453][I][main.cpp:224] vTaskPitch(): [NaMa] Pitch PID Output: 1375.041626
[ 19463][I][main.cpp:224] vTaskPitch(): [NaMa] Pitch PID Output: 1374.804077
[ 19473][I][main.cpp:224] vTaskPitch(): [NaMa] Pitch PID Output: 1374.566284
[ 19483][I][main.cpp:224] vTaskPitch(): [NaMa] Pitch PID Output: 1374.328369
[ 19493][I][main.cpp:224] vTaskPitch(): [NaMa] Pitch PID Output: 1374.090210
[ 19503][I][main.cpp:224] vTaskPitch(): [NaMa] Pitch PID Output: 1373.851807
[ 19513][I][main.cpp:224] vTaskPitch(): [NaMa] Pitch PID Output: 1373.613281
[ 19523][I][main.cpp:224] vTaskPitch(): [NaMa] Pitch PID Output: 1373.374512
[ 19533][I][main.cpp:224] vTaskPitch(): [NaMa] Pitch PID Output: 1373.135498
[ 19543][I][main.cpp:224] vTaskPitch(): [NaMa] Pitch PID Output: 1372.896362
[ 19553][I][main.cpp:224] vTaskPitch(): [NaMa] Pitch PID Output: 1372.656982
[ 19563][I][main.cpp:224] vTaskPitch(): [NaMa] Pitch PID Output: 1372.417358
[ 19573][I][main.cpp:224] vTaskPitch(): [NaMa] Pitch PID Output: 1372.177612
[ 19583][I][main.cpp:224] vTaskPitch(): [NaMa] Pitch PID Output: 1371.937622
[ 19592][D][main.cpp:345] vTaskLogData(): [NaMa] Logging Data:
[ 19592][I][main.cpp:347] vTaskLogData(): [NaMa] Num tasks reported by FreeRTOS: 15
[ 19593][I][main.cpp:224] vTaskPitch(): [NaMa] Pitch PID Output: 1371.687622
[ 19594][I][main.cpp:367] vTaskLogData(): [NaMa] Task Run Time Stats:
Log            	10937		<1%
IDLE           	18623935		95%
Poll           	17219		<1%
loopTask       	46135		<1%
tiT            	3525		<1%
Cfg            	50		<1%
LED            	69		<1%
Ptch           	218507		1%
wifi           	620343		3%
esp_timer      	44828		<1%
[ 19603][I][main.cpp:224] vTaskPitch(): [NaMa] Pitch PID Output: 1371.457153
[ 19613][I][main.cpp:224] vTaskPitch(): [NaMa] Pitch PID Output: 1371.216553
[ 19623][I][main.cpp:224] vTaskPitch(): [NaMa] Pitch PID Output: 1370.975830
[ 19633][I][main.cpp:224] vTaskPitch(): [NaMa] Pitch PID Output: 1370.734863
[ 19643][I][main.cpp:224] vTaskPitch(): [NaMa] Pitch PID Output: 1370.493652
[ 19653][I][main.cpp:224] vTaskPitch(): [NaMa] Pitch PID Output: 1370.252319
[ 19663][I][main.cpp:224] vTaskPitch(): [NaMa] Pitch PID Output: 1370.010742
[ 19673][I][main.cpp:224] vTaskPitch(): [NaMa] Pitch PID Output: 1369.768921
[ 19683][I][main.cpp:224] vTaskPitch(): [NaMa] Pitch PID Output: 1369.526978
[ 19693][I][main.cpp:224] vTaskPitch(): [NaMa] Pitch PID Output: 1369.284790
[ 19703][I][main.cpp:224] vTaskPitch(): [NaMa] Pitch PID Output: 1369.042358
[ 19713][I][main.cpp:224] vTaskPitch(): [NaMa] Pitch PID Output: 1368.799805
[ 19723][I][main.cpp:224] vTaskPitch(): [NaMa] Pitch PID Output: 1368.557007
[ 19733][I][main.cpp:224] vTaskPitch(): [NaMa] Pitch PID Output: 1368.314087
[ 19743][I][main.cpp:224] vTaskPitch(): [NaMa] Pitch PID Output: 1368.070923
[ 19753][I][main.cpp:224] vTaskPitch(): [NaMa] Pitch PID Output: 1367.827515
[ 19763][I][main.cpp:224] vTaskPitch(): [NaMa] Pitch PID Output: 1367.583984
[ 19773][I][main.cpp:224] vTaskPitch(): [NaMa] Pitch PID Output: 1367.340210
[ 19783][I][main.cpp:224] vTaskPitch(): [NaMa] Pitch PID Output: 1367.096191
[ 19793][I][main.cpp:224] vTaskPitch(): [NaMa] Pitch PID Output: 1366.852051
[ 19803][I][main.cpp:224] vTaskPitch(): [NaMa] Pitch PID Output: 1366.607666
[ 19813][I][main.cpp:224] vTaskPitch(): [NaMa] Pitch PID Output: 1366.363037
[ 19823][I][main.cpp:224] vTaskPitch(): [NaMa] Pitch PID Output: 1366.118286
[ 19833][I][main.cpp:224] vTaskPitch(): [NaMa] Pitch PID Output: 1365.873291
[ 19843][I][main.cpp:224] vTaskPitch(): [NaMa] Pitch PID Output: 1365.628174
[ 19853][I][main.cpp:224] vTaskPitch(): [NaMa] Pitch PID Output: 1365.382812
[ 19863][I][main.cpp:224] vTaskPitch(): [NaMa] Pitch PID Output: 1365.137207
[ 19873][I][main.cpp:224] vTaskPitch(): [NaMa] Pitch PID Output: 1364.891479
[ 19883][I][main.cpp:224] vTaskPitch(): [NaMa] Pitch PID Output: 1364.645508
[ 19893][I][main.cpp:224] vTaskPitch(): [NaMa] Pitch PID Output: 1364.399292
[ 19903][I][main.cpp:224] vTaskPitch(): [NaMa] Pitch PID Output: 1364.152954
[ 19913][I][main.cpp:224] vTaskPitch(): [NaMa] Pitch PID Output: 1363.906372
[ 19923][I][main.cpp:224] vTaskPitch(): [NaMa] Pitch PID Output: 1363.659546
[ 19933][I][main.cpp:224] vTaskPitch(): [NaMa] Pitch PID Output: 1363.412598
[ 19943][I][main.cpp:224] vTaskPitch(): [NaMa] Pitch PID Output: 1363.165405
[ 19953][I][main.cpp:224] vTaskPitch(): [NaMa] Pitch PID Output: 1362.917969
[ 19963][I][main.cpp:224] vTaskPitch(): [NaMa] Pitch PID Output: 1362.670410
[ 19973][I][main.cpp:224] vTaskPitch(): [NaMa] Pitch PID Output: 1362.422607
[ 19983][I][main.cpp:224] vTaskPitch(): [NaMa] Pitch PID Output: 1362.174683
[ 19993][I][main.cpp:224] vTaskPitch(): [NaMa] Pitch PID Output: 1361.926514
[ 20003][I][main.cpp:224] vTaskPitch(): [NaMa] Pitch PID Output: 1361.678101
[ 20013][I][main.cpp:224] vTaskPitch(): [NaMa] Pitch PID Output: 1361.429565
[ 20023][I][main.cpp:224] vTaskPitch(): [NaMa] Pitch PID Output: 1361.180786
[ 20033][I][main.cpp:224] vTaskPitch(): [NaMa] Pitch PID Output: 1360.931763
[ 20043][I][main.cpp:224] vTaskPitch(): [NaMa] Pitch PID Output: 1360.682617
[ 20053][I][main.cpp:224] vTaskPitch(): [NaMa] Pitch PID Output: 1360.433228
[ 20063][I][main.cpp:224] vTaskPitch(): [NaMa] Pitch PID Output: 1360.183594
[ 20073][I][main.cpp:224] vTaskPitch(): [NaMa] Pitch PID Output: 1359.933838
[ 20083][I][main.cpp:224] vTaskPitch(): [NaMa] Pitch PID Output: 1359.683838
[ 20093][I][main.cpp:224] vTaskPitch(): [NaMa] Pitch PID Output: 1359.433716
[ 20103][I][main.cpp:224] vTaskPitch(): [NaMa] Pitch PID Output: 1359.183350
[ 20113][I][main.cpp:224] vTaskPitch(): [NaMa] Pitch PID Output: 1358.932739
[ 20123][I][main.cpp:224] vTaskPitch(): [NaMa] Pitch PID Output: 1358.682007
[ 20133][I][main.cpp:224] vTaskPitch(): [NaMa] Pitch PID Output: 1358.431030
[ 20143][I][main.cpp:224] vTaskPitch(): [NaMa] Pitch PID Output: 1358.179810
[ 20153][I][main.cpp:224] vTaskPitch(): [NaMa] Pitch PID Output: 1357.928467
[ 20163][I][main.cpp:224] vTaskPitch(): [NaMa] Pitch PID Output: 1357.676880
[ 20173][I][main.cpp:224] vTaskPitch(): [NaMa] Pitch PID Output: 1357.425049
[ 20183][I][main.cpp:224] vTaskPitch(): [NaMa] Pitch PID Output: 1357.173096
[ 20193][I][main.cpp:224] vTaskPitch(): [NaMa] Pitch PID Output: 1356.920898
[ 20203][I][main.cpp:224] vTaskPitch(): [NaMa] Pitch PID Output: 1356.668579
[ 20213][I][main.cpp:224] vTaskPitch(): [NaMa] Pitch PID Output: 1356.416016
[ 20223][I][main.cpp:224] vTaskPitch(): [NaMa] Pitch PID Output: 1356.163208
[ 20233][I][main.cpp:224] vTaskPitch(): [NaMa] Pitch PID Output: 1355.910278
[ 20243][I][main.cpp:224] vTaskPitch(): [NaMa] Pitch PID Output: 1355.657104
[ 20253][I][main.cpp:224] vTaskPitch(): [NaMa] Pitch PID Output: 1355.403687
[ 20263][I][main.cpp:224] vTaskPitch(): [NaMa] Pitch PID Output: 1355.150146
[ 20273][I][main.cpp:224] vTaskPitch(): [NaMa] Pitch PID Output: 1354.896362
[ 20283][I][main.cpp:224] vTaskPitch(): [NaMa] Pitch PID Output: 1354.642334
[ 20293][I][main.cpp:224] vTaskPitch(): [NaMa] Pitch PID Output: 1354.388184
[ 20303][I][main.cpp:224] vTaskPitch(): [NaMa] Pitch PID Output: 1354.133789
[ 20313][I][main.cpp:224] vTaskPitch(): [NaMa] Pitch PID Output: 1353.879272
[ 20323][I][main.cpp:224] vTaskPitch(): [NaMa] Pitch PID Output: 1353.624512
[ 20333][I][main.cpp:224] vTaskPitch(): [NaMa] Pitch PID Output: 1353.369507
[ 20343][I][main.cpp:224] vTaskPitch(): [NaMa] Pitch PID Output: 1353.114380
[ 20353][I][main.cpp:224] vTaskPitch(): [NaMa] Pitch PID Output: 1352.859009
[ 20363][I][main.cpp:224] vTaskPitch(): [NaMa] Pitch PID Output: 1352.603394
[ 20373][I][main.cpp:224] vTaskPitch(): [NaMa] Pitch PID Output: 1352.347656
[ 20383][I][main.cpp:224] vTaskPitch(): [NaMa] Pitch PID Output: 1352.091675
[ 20393][I][main.cpp:224] vTaskPitch(): [NaMa] Pitch PID Output: 1351.835449
[ 20403][I][main.cpp:224] vTaskPitch(): [NaMa] Pitch PID Output: 1351.579102
[ 20413][I][main.cpp:224] vTaskPitch(): [NaMa] Pitch PID Output: 1351.322510
[ 20423][I][main.cpp:224] vTaskPitch(): [NaMa] Pitch PID Output: 1351.065674
[ 20433][I][main.cpp:224] vTaskPitch(): [NaMa] Pitch PID Output: 1350.808716
[ 20443][I][main.cpp:224] vTaskPitch(): [NaMa] Pitch PID Output: 1350.551514
[ 20453][I][main.cpp:224] vTaskPitch(): [NaMa] Pitch PID Output: 1350.294189
[ 20463][I][main.cpp:224] vTaskPitch(): [NaMa] Pitch PID Output: 1350.036621
[ 20473][I][main.cpp:224] vTaskPitch(): [NaMa] Pitch PID Output: 1349.778809
[ 20483][I][main.cpp:224] vTaskPitch(): [NaMa] Pitch PID Output: 1349.520874
[ 20493][I][main.cpp:224] vTaskPitch(): [NaMa] Pitch PID Output: 1349.262695
[ 20503][I][main.cpp:224] vTaskPitch(): [NaMa] Pitch PID Output: 1349.004272
[ 20513][I][main.cpp:224] vTaskPitch(): [NaMa] Pitch PID Output: 1348.745728
[ 20523][I][main.cpp:224] vTaskPitch(): [NaMa] Pitch PID Output: 1348.486938
[ 20533][I][main.cpp:224] vTaskPitch(): [NaMa] Pitch PID Output: 1348.227905
[ 20543][I][main.cpp:224] vTaskPitch(): [NaMa] Pitch PID Output: 1347.968750
[ 20553][I][main.cpp:224] vTaskPitch(): [NaMa] Pitch PID Output: 1347.709351
[ 20563][I][main.cpp:224] vTaskPitch(): [NaMa] Pitch PID Output: 1347.449829
[ 20573][I][main.cpp:224] vTaskPitch(): [NaMa] Pitch PID Output: 1347.190063
[ 20583][I][main.cpp:224] vTaskPitch(): [NaMa] Pitch PID Output: 1346.930054
[ 20593][I][main.cpp:224] vTaskPitch(): [NaMa] Pitch PID Output: 1346.669922
[ 20595][I][main.cpp:373] vTaskLogData(): [NaMa] T: Poll, U: 276, F: 1772
[ 20595][I][main.cpp:373] vTaskLogData(): [NaMa] T: Ptch, U: 2188, F: 1908
[ 20595][I][main.cpp:373] vTaskLogData(): [NaMa] T: Recv, U: 204, F: 1844
[ 20596][I][main.cpp:373] vTaskLogData(): [NaMa] T: Send, U: 204, F: 1844
[ 20596][I][main.cpp:373] vTaskLogData(): [NaMa] T: Cfg, U: 232, F: 280
[ 20596][I][main.cpp:373] vTaskLogData(): [NaMa] T: LED, U: 216, F: 40
[ 20596][I][main.cpp:373] vTaskLogData(): [NaMa] T: Log, U: 2340, F: 1756
[ 20603][I][main.cpp:224] vTaskPitch(): [NaMa] Pitch PID Output: 1346.409546
[ 20613][I][main.cpp:224] vTaskPitch(): [NaMa] Pitch PID Output: 1346.148926
[ 20623][I][main.cpp:224] vTaskPitch(): [NaMa] Pitch PID Output: 1345.888184
[ 20633][I][main.cpp:224] vTaskPitch(): [NaMa] Pitch PID Output: 1345.627197
[ 20643][I][main.cpp:224] vTaskPitch(): [NaMa] Pitch PID Output: 1345.365967
[ 20653][I][main.cpp:224] vTaskPitch(): [NaMa] Pitch PID Output: 1345.104614
[ 20663][I][main.cpp:224] vTaskPitch(): [NaMa] Pitch PID Output: 1344.843018
[ 20673][I][main.cpp:224] vTaskPitch(): [NaMa] Pitch PID Output: 1344.581299
[ 20683][I][main.cpp:224] vTaskPitch(): [NaMa] Pitch PID Output: 1344.319336
[ 20693][I][main.cpp:224] vTaskPitch(): [NaMa] Pitch PID Output: 1344.057129
[ 20703][I][main.cpp:224] vTaskPitch(): [NaMa] Pitch PID Output: 1343.794800
[ 20713][I][main.cpp:224] vTaskPitch(): [NaMa] Pitch PID Output: 1343.532227
[ 20723][I][main.cpp:224] vTaskPitch(): [NaMa] Pitch PID Output: 1343.269409
[ 20733][I][main.cpp:224] vTaskPitch(): [NaMa] Pitch PID Output: 1343.006470
[ 20743][I][main.cpp:224] vTaskPitch(): [NaMa] Pitch PID Output: 1342.743286
[ 20753][I][main.cpp:224] vTaskPitch(): [NaMa] Pitch PID Output: 1342.479858
[ 20763][I][main.cpp:224] vTaskPitch(): [NaMa] Pitch PID Output: 1342.216309
[ 20773][I][main.cpp:224] vTaskPitch(): [NaMa] Pitch PID Output: 1341.952515
[ 20783][I][main.cpp:224] vTaskPitch(): [NaMa] Pitch PID Output: 1341.688599
[ 20793][I][main.cpp:224] vTaskPitch(): [NaMa] Pitch PID Output: 1341.424438
[ 20803][I][main.cpp:224] vTaskPitch(): [NaMa] Pitch PID Output: 1341.160034
[ 20813][I][main.cpp:224] vTaskPitch(): [NaMa] Pitch PID Output: 1340.895508
[ 20823][I][main.cpp:224] vTaskPitch(): [NaMa] Pitch PID Output: 1340.630737
[ 20833][I][main.cpp:224] vTaskPitch(): [NaMa] Pitch PID Output: 1340.365723
[ 20843][I][main.cpp:224] vTaskPitch(): [NaMa] Pitch PID Output: 1340.100586
[ 20853][I][main.cpp:224] vTaskPitch(): [NaMa] Pitch PID Output: 1339.835205
[ 20863][I][main.cpp:224] vTaskPitch(): [NaMa] Pitch PID Output: 1339.569580
[ 20873][I][main.cpp:224] vTaskPitch(): [NaMa] Pitch PID Output: 1339.303833
[ 20883][I][main.cpp:224] vTaskPitch(): [NaMa] Pitch PID Output: 1339.037842
[ 20893][I][main.cpp:224] vTaskPitch(): [NaMa] Pitch PID Output: 1338.771606
[ 20903][I][main.cpp:224] vTaskPitch(): [NaMa] Pitch PID Output: 1338.505249
[ 20913][I][main.cpp:224] vTaskPitch(): [NaMa] Pitch PID Output: 1338.238647
[ 20923][I][main.cpp:224] vTaskPitch(): [NaMa] Pitch PID Output: 1337.971924
[ 20933][I][main.cpp:224] vTaskPitch(): [NaMa] Pitch PID Output: 1337.704956
[ 20943][I][main.cpp:224] vTaskPitch(): [NaMa] Pitch PID Output: 1337.437744
[ 20953][I][main.cpp:224] vTaskPitch(): [NaMa] Pitch PID Output: 1337.170410
[ 20963][I][main.cpp:224] vTaskPitch(): [NaMa] Pitch PID Output: 1336.902832
[ 20973][I][main.cpp:224] vTaskPitch(): [NaMa] Pitch PID Output: 1336.635010
[ 20983][I][main.cpp:224] vTaskPitch(): [NaMa] Pitch PID Output: 1336.367065
[ 20993][I][main.cpp:224] vTaskPitch(): [NaMa] Pitch PID Output: 1336.098877
[ 21003][I][main.cpp:224] vTaskPitch(): [NaMa] Pitch PID Output: 1335.830444
[ 21013][I][main.cpp:224] vTaskPitch(): [NaMa] Pitch PID Output: 1335.561890
[ 21023][I][main.cpp:224] vTaskPitch(): [NaMa] Pitch PID Output: 1335.293091
[ 21033][I][main.cpp:224] vTaskPitch(): [NaMa] Pitch PID Output: 1335.024170
[ 21043][I][main.cpp:224] vTaskPitch(): [NaMa] Pitch PID Output: 1334.755005
[ 21053][I][main.cpp:224] vTaskPitch(): [NaMa] Pitch PID Output: 1334.485596
[ 21063][I][main.cpp:224] vTaskPitch(): [NaMa] Pitch PID Output: 1334.216064
[ 21073][I][main.cpp:224] vTaskPitch(): [NaMa] Pitch PID Output: 1333.946289
[ 21083][I][main.cpp:224] vTaskPitch(): [NaMa] Pitch PID Output: 1333.676270
[ 21093][I][main.cpp:224] vTaskPitch(): [NaMa] Pitch PID Output: 1333.406128
[ 21103][I][main.cpp:224] vTaskPitch(): [NaMa] Pitch PID Output: 1333.135742
[ 21113][I][main.cpp:224] vTaskPitch(): [NaMa] Pitch PID Output: 1332.865112
[ 21123][I][main.cpp:224] vTaskPitch(): [NaMa] Pitch PID Output: 1332.594360
[ 21133][I][main.cpp:224] vTaskPitch(): [NaMa] Pitch PID Output: 1332.323364
[ 21143][I][main.cpp:224] vTaskPitch(): [NaMa] Pitch PID Output: 1332.052246
[ 21153][I][main.cpp:224] vTaskPitch(): [NaMa] Pitch PID Output: 1331.780884
[ 21163][I][main.cpp:224] vTaskPitch(): [NaMa] Pitch PID Output: 1331.509277
[ 21173][I][main.cpp:224] vTaskPitch(): [NaMa] Pitch PID Output: 1331.237549
[ 21183][I][main.cpp:224] vTaskPitch(): [NaMa] Pitch PID Output: 1330.965576
[ 21193][I][main.cpp:224] vTaskPitch(): [NaMa] Pitch PID Output: 1330.693359
[ 21203][I][main.cpp:224] vTaskPitch(): [NaMa] Pitch PID Output: 1330.421021
[ 21213][I][main.cpp:224] vTaskPitch(): [NaMa] Pitch PID Output: 1330.148438
[ 21223][I][main.cpp:224] vTaskPitch(): [NaMa] Pitch PID Output: 1329.875610
[ 21233][I][main.cpp:224] vTaskPitch(): [NaMa] Pitch PID Output: 1329.602661
[ 21243][I][main.cpp:224] vTaskPitch(): [NaMa] Pitch PID Output: 1329.329468
[ 21253][I][main.cpp:224] vTaskPitch(): [NaMa] Pitch PID Output: 1329.056152
[ 21263][I][main.cpp:224] vTaskPitch(): [NaMa] Pitch PID Output: 1328.782593
[ 21273][I][main.cpp:224] vTaskPitch(): [NaMa] Pitch PID Output: 1328.508789
[ 21283][I][main.cpp:224] vTaskPitch(): [NaMa] Pitch PID Output: 1328.234863
[ 21293][I][main.cpp:224] vTaskPitch(): [NaMa] Pitch PID Output: 1327.960693
[ 21303][I][main.cpp:224] vTaskPitch(): [NaMa] Pitch PID Output: 1327.686279
[ 21313][I][main.cpp:224] vTaskPitch(): [NaMa] Pitch PID Output: 1327.411743
[ 21323][I][main.cpp:224] vTaskPitch(): [NaMa] Pitch PID Output: 1327.136963
[ 21333][I][main.cpp:224] vTaskPitch(): [NaMa] Pitch PID Output: 1326.861938
[ 21343][I][main.cpp:224] vTaskPitch(): [NaMa] Pitch PID Output: 1326.586792
[ 21353][I][main.cpp:224] vTaskPitch(): [NaMa] Pitch PID Output: 1326.311401
[ 21363][I][main.cpp:224] vTaskPitch(): [NaMa] Pitch PID Output: 1326.035767
[ 21373][I][main.cpp:224] vTaskPitch(): [NaMa] Pitch PID Output: 1325.760010
[ 21383][I][main.cpp:224] vTaskPitch(): [NaMa] Pitch PID Output: 1325.484009
[ 21393][I][main.cpp:224] vTaskPitch(): [NaMa] Pitch PID Output: 1325.207886
[ 21403][I][main.cpp:224] vTaskPitch(): [NaMa] Pitch PID Output: 1324.931519
[ 21413][I][main.cpp:224] vTaskPitch(): [NaMa] Pitch PID Output: 1324.654907
[ 21423][I][main.cpp:224] vTaskPitch(): [NaMa] Pitch PID Output: 1324.378174
[ 21433][I][main.cpp:224] vTaskPitch(): [NaMa] Pitch PID Output: 1324.101196
[ 21443][I][main.cpp:224] vTaskPitch(): [NaMa] Pitch PID Output: 1323.823975
[ 21453][I][main.cpp:224] vTaskPitch(): [NaMa] Pitch PID Output: 1323.546631
[ 21463][I][main.cpp:224] vTaskPitch(): [NaMa] Pitch PID Output: 1323.269043
[ 21473][I][main.cpp:224] vTaskPitch(): [NaMa] Pitch PID Output: 1322.991211
[ 21483][I][main.cpp:224] vTaskPitch(): [NaMa] Pitch PID Output: 1322.713257
[ 21493][I][main.cpp:224] vTaskPitch(): [NaMa] Pitch PID Output: 1322.435059
[ 21503][I][main.cpp:224] vTaskPitch(): [NaMa] Pitch PID Output: 1322.156738
[ 21513][I][main.cpp:224] vTaskPitch(): [NaMa] Pitch PID Output: 1321.878174
[ 21523][I][main.cpp:224] vTaskPitch(): [NaMa] Pitch PID Output: 1321.599365
[ 21533][I][main.cpp:224] vTaskPitch(): [NaMa] Pitch PID Output: 1321.320435
[ 21543][I][main.cpp:224] vTaskPitch(): [NaMa] Pitch PID Output: 1321.041260
[ 21553][I][main.cpp:224] vTaskPitch(): [NaMa] Pitch PID Output: 1320.761841
[ 21563][I][main.cpp:224] vTaskPitch(): [NaMa] Pitch PID Output: 1320.482300
[ 21573][I][main.cpp:224] vTaskPitch(): [NaMa] Pitch PID Output: 1320.202515
[ 21583][I][main.cpp:224] vTaskPitch(): [NaMa] Pitch PID Output: 1319.922485
[ 21593][I][main.cpp:224] vTaskPitch(): [NaMa] Pitch PID Output: 1319.642334
[ 21596][I][main.cpp:380] vTaskLogData(): [NaMa] Minimum free heap: 142280 bytes
[ 21603][I][main.cpp:224] vTaskPitch(): [NaMa] Pitch PID Output: 1319.361938
[ 21613][I][main.cpp:224] vTaskPitch(): [NaMa] Pitch PID Output: 1319.081421
[ 21623][I][main.cpp:224] vTaskPitch(): [NaMa] Pitch PID Output: 1318.800659
[ 21633][I][main.cpp:224] vTaskPitch(): [NaMa] Pitch PID Output: 1318.519653
[ 21643][I][main.cpp:224] vTaskPitch(): [NaMa] Pitch PID Output: 1318.238525
[ 21653][I][main.cpp:224] vTaskPitch(): [NaMa] Pitch PID Output: 1317.957153
[ 21663][I][main.cpp:224] vTaskPitch(): [NaMa] Pitch PID Output: 1317.675537
[ 21673][I][main.cpp:224] vTaskPitch(): [NaMa] Pitch PID Output: 1317.393799
[ 21683][I][main.cpp:224] vTaskPitch(): [NaMa] Pitch PID Output: 1317.111816
[ 21693][I][main.cpp:224] vTaskPitch(): [NaMa] Pitch PID Output: 1316.829590
[ 21703][I][main.cpp:224] vTaskPitch(): [NaMa] Pitch PID Output: 1316.547241
[ 21713][I][main.cpp:224] vTaskPitch(): [NaMa] Pitch PID Output: 1316.264648
[ 21723][I][main.cpp:224] vTaskPitch(): [NaMa] Pitch PID Output: 1315.981934
[ 21733][I][main.cpp:224] vTaskPitch(): [NaMa] Pitch PID Output: 1315.698975
[ 21743][I][main.cpp:224] vTaskPitch(): [NaMa] Pitch PID Output: 1315.415771
[ 21753][I][main.cpp:224] vTaskPitch(): [NaMa] Pitch PID Output: 1315.132446
[ 21763][I][main.cpp:224] vTaskPitch(): [NaMa] Pitch PID Output: 1314.848877
[ 21773][I][main.cpp:224] vTaskPitch(): [NaMa] Pitch PID Output: 1314.565063
[ 21783][I][main.cpp:224] vTaskPitch(): [NaMa] Pitch PID Output: 1314.281128
[ 21793][I][main.cpp:224] vTaskPitch(): [NaMa] Pitch PID Output: 1313.996948
[ 21803][I][main.cpp:224] vTaskPitch(): [NaMa] Pitch PID Output: 1313.712524
[ 21813][I][main.cpp:224] vTaskPitch(): [NaMa] Pitch PID Output: 1313.427979
[ 21823][I][main.cpp:224] vTaskPitch(): [NaMa] Pitch PID Output: 1313.143188
[ 21833][I][main.cpp:224] vTaskPitch(): [NaMa] Pitch PID Output: 1312.858154
[ 21843][I][main.cpp:224] vTaskPitch(): [NaMa] Pitch PID Output: 1312.572998
[ 21853][I][main.cpp:224] vTaskPitch(): [NaMa] Pitch PID Output: 1312.287598
[ 21863][I][main.cpp:224] vTaskPitch(): [NaMa] Pitch PID Output: 1312.002075
[ 21873][I][main.cpp:224] vTaskPitch(): [NaMa] Pitch PID Output: 1311.716309
[ 21883][I][main.cpp:224] vTaskPitch(): [NaMa] Pitch PID Output: 1311.430298
[ 21893][I][main.cpp:224] vTaskPitch(): [NaMa] Pitch PID Output: 1311.144165
[ 21903][I][main.cpp:224] vTaskPitch(): [NaMa] Pitch PID Output: 1310.857788
[ 21913][I][main.cpp:224] vTaskPitch(): [NaMa] Pitch PID Output: 1310.571167
[ 21923][I][main.cpp:224] vTaskPitch(): [NaMa] Pitch PID Output: 1310.284424
[ 21933][I][main.cpp:224] vTaskPitch(): [NaMa] Pitch PID Output: 1309.997437
[ 21943][I][main.cpp:224] vTaskPitch(): [NaMa] Pitch PID Output: 1309.710205
[ 21953][I][main.cpp:224] vTaskPitch(): [NaMa] Pitch PID Output: 1309.422852
[ 21963][I][main.cpp:224] vTaskPitch(): [NaMa] Pitch PID Output: 1309.135254
[ 21973][I][main.cpp:224] vTaskPitch(): [NaMa] Pitch PID Output: 1308.847534
[ 21983][I][main.cpp:224] vTaskPitch(): [NaMa] Pitch PID Output: 1308.559570
[ 21993][I][main.cpp:224] vTaskPitch(): [NaMa] Pitch PID Output: 1308.271362
[ 22003][I][main.cpp:224] vTaskPitch(): [NaMa] Pitch PID Output: 1307.983032
[ 22013][I][main.cpp:224] vTaskPitch(): [NaMa] Pitch PID Output: 1307.694458
[ 22023][I][main.cpp:224] vTaskPitch(): [NaMa] Pitch PID Output: 1307.405640
[ 22033][I][main.cpp:224] vTaskPitch(): [NaMa] Pitch PID Output: 1307.116699
[ 22043][I][main.cpp:224] vTaskPitch(): [NaMa] Pitch PID Output: 1306.827515
[ 22053][I][main.cpp:224] vTaskPitch(): [NaMa] Pitch PID Output: 1306.538086
[ 22063][I][main.cpp:224] vTaskPitch(): [NaMa] Pitch PID Output: 1306.248535
[ 22073][I][main.cpp:224] vTaskPitch(): [NaMa] Pitch PID Output: 1305.958740
[ 22083][I][main.cpp:224] vTaskPitch(): [NaMa] Pitch PID Output: 1305.668823
[ 22093][I][main.cpp:224] vTaskPitch(): [NaMa] Pitch PID Output: 1305.378662
[ 22103][I][main.cpp:224] vTaskPitch(): [NaMa] Pitch PID Output: 1305.088257
[ 22113][I][main.cpp:224] vTaskPitch(): [NaMa] Pitch PID Output: 1304.797729
[ 22123][I][main.cpp:224] vTaskPitch(): [NaMa] Pitch PID Output: 1304.506958
[ 22133][I][main.cpp:224] vTaskPitch(): [NaMa] Pitch PID Output: 1304.215942
[ 22143][I][main.cpp:224] vTaskPitch(): [NaMa] Pitch PID Output: 1303.924805
[ 22153][I][main.cpp:224] vTaskPitch(): [NaMa] Pitch PID Output: 1303.633423
[ 22163][I][main.cpp:224] vTaskPitch(): [NaMa] Pitch PID Output: 1303.341797
[ 22173][I][main.cpp:224] vTaskPitch(): [NaMa] Pitch PID Output: 1303.050049
[ 22183][I][main.cpp:224] vTaskPitch(): [NaMa] Pitch PID Output: 1302.758057
[ 22193][I][main.cpp:224] vTaskPitch(): [NaMa] Pitch PID Output: 1302.465820
[ 22203][I][main.cpp:224] vTaskPitch(): [NaMa] Pitch PID Output: 1302.173462
[ 22213][I][main.cpp:224] vTaskPitch(): [NaMa] Pitch PID Output: 1301.880859
[ 22223][I][main.cpp:224] vTaskPitch(): [NaMa] Pitch PID Output: 1301.588135
[ 22233][I][main.cpp:224] vTaskPitch(): [NaMa] Pitch PID Output: 1301.295166
[ 22243][I][main.cpp:224] vTaskPitch(): [NaMa] Pitch PID Output: 1301.001953
[ 22253][I][main.cpp:224] vTaskPitch(): [NaMa] Pitch PID Output: 1300.708618
[ 22263][I][main.cpp:224] vTaskPitch(): [NaMa] Pitch PID Output: 1300.415039
[ 22273][I][main.cpp:224] vTaskPitch(): [NaMa] Pitch PID Output: 1300.121216
[ 22283][I][main.cpp:224] vTaskPitch(): [NaMa] Pitch PID Output: 1299.827271
[ 22293][I][main.cpp:224] vTaskPitch(): [NaMa] Pitch PID Output: 1299.533081
[ 22303][I][main.cpp:224] vTaskPitch(): [NaMa] Pitch PID Output: 1299.238647
[ 22313][I][main.cpp:224] vTaskPitch(): [NaMa] Pitch PID Output: 1298.944092
[ 22323][I][main.cpp:224] vTaskPitch(): [NaMa] Pitch PID Output: 1298.649292
[ 22333][I][main.cpp:224] vTaskPitch(): [NaMa] Pitch PID Output: 1298.354370
[ 22343][I][main.cpp:224] vTaskPitch(): [NaMa] Pitch PID Output: 1298.059204
[ 22353][I][main.cpp:224] vTaskPitch(): [NaMa] Pitch PID Output: 1297.763794
[ 22363][I][main.cpp:224] vTaskPitch(): [NaMa] Pitch PID Output: 1297.468262
[ 22373][I][main.cpp:224] vTaskPitch(): [NaMa] Pitch PID Output: 1297.172485
[ 22383][I][main.cpp:224] vTaskPitch(): [NaMa] Pitch PID Output: 1296.876465
[ 22393][I][main.cpp:224] vTaskPitch(): [NaMa] Pitch PID Output: 1296.580322
[ 22403][I][main.cpp:224] vTaskPitch(): [NaMa] Pitch PID Output: 1296.283936
[ 22413][I][main.cpp:224] vTaskPitch(): [NaMa] Pitch PID Output: 1295.987305
[ 22423][I][main.cpp:224] vTaskPitch(): [NaMa] Pitch PID Output: 1295.690552
[ 22433][I][main.cpp:224] vTaskPitch(): [NaMa] Pitch PID Output: 1295.393555
[ 22443][I][main.cpp:224] vTaskPitch(): [NaMa] Pitch PID Output: 1295.096436
[ 22453][I][main.cpp:224] vTaskPitch(): [NaMa] Pitch PID Output: 1294.799072
[ 22463][I][main.cpp:224] vTaskPitch(): [NaMa] Pitch PID Output: 1294.501465
[ 22473][I][main.cpp:224] vTaskPitch(): [NaMa] Pitch PID Output: 1294.203735
[ 22483][I][main.cpp:224] vTaskPitch(): [NaMa] Pitch PID Output: 1293.905762
[ 22493][I][main.cpp:224] vTaskPitch(): [NaMa] Pitch PID Output: 1293.607544
[ 22503][I][main.cpp:224] vTaskPitch(): [NaMa] Pitch PID Output: 1293.309204
[ 22513][I][main.cpp:224] vTaskPitch(): [NaMa] Pitch PID Output: 1293.010620
[ 22523][I][main.cpp:224] vTaskPitch(): [NaMa] Pitch PID Output: 1292.711792
[ 22533][I][main.cpp:224] vTaskPitch(): [NaMa] Pitch PID Output: 1292.412842
[ 22543][I][main.cpp:224] vTaskPitch(): [NaMa] Pitch PID Output: 1292.113647
[ 22553][I][main.cpp:224] vTaskPitch(): [NaMa] Pitch PID Output: 1291.814331
[ 22563][I][main.cpp:224] vTaskPitch(): [NaMa] Pitch PID Output: 1291.514771
[ 22573][I][main.cpp:224] vTaskPitch(): [NaMa] Pitch PID Output: 1291.214966
[ 22583][I][main.cpp:224] vTaskPitch(): [NaMa] Pitch PID Output: 1290.915039
[ 22593][I][main.cpp:224] vTaskPitch(): [NaMa] Pitch PID Output: 1290.614868
[ 22596][I][main.cpp:396] vTaskLogData(): [NaMa] Temperature: 29 dC
[ 22603][I][main.cpp:224] vTaskPitch(): [NaMa] Pitch PID Output: 1290.314453
[ 22613][I][main.cpp:224] vTaskPitch(): [NaMa] Pitch PID Output: 1290.013916
[ 22623][I][main.cpp:224] vTaskPitch(): [NaMa] Pitch PID Output: 1289.713135
[ 22633][I][main.cpp:224] vTaskPitch(): [NaMa] Pitch PID Output: 1289.412109
[ 22643][I][main.cpp:224] vTaskPitch(): [NaMa] Pitch PID Output: 1289.110962
[ 22653][I][main.cpp:224] vTaskPitch(): [NaMa] Pitch PID Output: 1288.809570
[ 22663][I][main.cpp:224] vTaskPitch(): [NaMa] Pitch PID Output: 1288.507935
[ 22673][I][main.cpp:224] vTaskPitch(): [NaMa] Pitch PID Output: 1288.206177
[ 22683][I][main.cpp:224] vTaskPitch(): [NaMa] Pitch PID Output: 1287.904175
[ 22693][I][main.cpp:224] vTaskPitch(): [NaMa] Pitch PID Output: 1287.602051
[ 22703][I][main.cpp:224] vTaskPitch(): [NaMa] Pitch PID Output: 1287.299683
[ 22713][I][main.cpp:224] vTaskPitch(): [NaMa] Pitch PID Output: 1286.997070
[ 22723][I][main.cpp:224] vTaskPitch(): [NaMa] Pitch PID Output: 1286.694336
[ 22733][I][main.cpp:224] vTaskPitch(): [NaMa] Pitch PID Output: 1286.391357
[ 22743][I][main.cpp:224] vTaskPitch(): [NaMa] Pitch PID Output: 1286.088135
[ 22753][I][main.cpp:224] vTaskPitch(): [NaMa] Pitch PID Output: 1285.784790
[ 22763][I][main.cpp:224] vTaskPitch(): [NaMa] Pitch PID Output: 1285.481201
[ 22773][I][main.cpp:224] vTaskPitch(): [NaMa] Pitch PID Output: 1285.177368
[ 22783][I][main.cpp:224] vTaskPitch(): [NaMa] Pitch PID Output: 1284.873413
[ 22793][I][main.cpp:224] vTaskPitch(): [NaMa] Pitch PID Output: 1284.569214
[ 22803][I][main.cpp:224] vTaskPitch(): [NaMa] Pitch PID Output: 1284.264893
[ 22813][I][main.cpp:224] vTaskPitch(): [NaMa] Pitch PID Output: 1283.960327
[ 22823][I][main.cpp:224] vTaskPitch(): [NaMa] Pitch PID Output: 1283.655518
[ 22833][I][main.cpp:224] vTaskPitch(): [NaMa] Pitch PID Output: 1283.350586
[ 22843][I][main.cpp:224] vTaskPitch(): [NaMa] Pitch PID Output: 1283.045410
[ 22853][I][main.cpp:224] vTaskPitch(): [NaMa] Pitch PID Output: 1282.739990
[ 22863][I][main.cpp:224] vTaskPitch(): [NaMa] Pitch PID Output: 1282.434448
[ 22873][I][main.cpp:224] vTaskPitch(): [NaMa] Pitch PID Output: 1282.128662
[ 22883][I][main.cpp:224] vTaskPitch(): [NaMa] Pitch PID Output: 1281.822632
[ 22893][I][main.cpp:224] vTaskPitch(): [NaMa] Pitch PID Output: 1281.516479
[ 22903][I][main.cpp:224] vTaskPitch(): [NaMa] Pitch PID Output: 1281.210083
[ 22913][I][main.cpp:224] vTaskPitch(): [NaMa] Pitch PID Output: 1280.903564
[ 22923][I][main.cpp:224] vTaskPitch(): [NaMa] Pitch PID Output: 1280.596802
[ 22933][I][main.cpp:224] vTaskPitch(): [NaMa] Pitch PID Output: 1280.289795
[ 22943][I][main.cpp:224] vTaskPitch(): [NaMa] Pitch PID Output: 1279.982666
[ 22953][I][main.cpp:224] vTaskPitch(): [NaMa] Pitch PID Output: 1279.675293
[ 22963][I][main.cpp:224] vTaskPitch(): [NaMa] Pitch PID Output: 1279.367676
[ 22973][I][main.cpp:224] vTaskPitch(): [NaMa] Pitch PID Output: 1279.059937
[ 22983][I][main.cpp:224] vTaskPitch(): [NaMa] Pitch PID Output: 1278.751953
[ 22993][I][main.cpp:224] vTaskPitch(): [NaMa] Pitch PID Output: 1278.443726
[ 23003][I][main.cpp:224] vTaskPitch(): [NaMa] Pitch PID Output: 1278.135376
[ 23013][I][main.cpp:224] vTaskPitch(): [NaMa] Pitch PID Output: 1277.826782
[ 23023][I][main.cpp:224] vTaskPitch(): [NaMa] Pitch PID Output: 1277.518066
[ 23033][I][main.cpp:224] vTaskPitch(): [NaMa] Pitch PID Output: 1277.209106
[ 23043][I][main.cpp:224] vTaskPitch(): [NaMa] Pitch PID Output: 1276.899902
[ 23053][I][main.cpp:224] vTaskPitch(): [NaMa] Pitch PID Output: 1276.590576
[ 23063][I][main.cpp:224] vTaskPitch(): [NaMa] Pitch PID Output: 1276.281006
[ 23073][I][main.cpp:224] vTaskPitch(): [NaMa] Pitch PID Output: 1275.971191
[ 23083][I][main.cpp:224] vTaskPitch(): [NaMa] Pitch PID Output: 1275.661255
[ 23093][I][main.cpp:224] vTaskPitch(): [NaMa] Pitch PID Output: 1275.351074
[ 23103][I][main.cpp:224] vTaskPitch(): [NaMa] Pitch PID Output: 1275.040649
[ 23113][I][main.cpp:224] vTaskPitch(): [NaMa] Pitch PID Output: 1274.730103
[ 23123][I][main.cpp:224] vTaskPitch(): [NaMa] Pitch PID Output: 1274.419312
[ 23133][I][main.cpp:224] vTaskPitch(): [NaMa] Pitch PID Output: 1274.108276
[ 23143][I][main.cpp:224] vTaskPitch(): [NaMa] Pitch PID Output: 1273.797119
[ 23153][I][main.cpp:224] vTaskPitch(): [NaMa] Pitch PID Output: 1273.485718
[ 23163][I][main.cpp:224] vTaskPitch(): [NaMa] Pitch PID Output: 1273.174194
[ 23173][I][main.cpp:224] vTaskPitch(): [NaMa] Pitch PID Output: 1272.862427
[ 23183][I][main.cpp:224] vTaskPitch(): [NaMa] Pitch PID Output: 1272.550415
[ 23193][I][main.cpp:224] vTaskPitch(): [NaMa] Pitch PID Output: 1272.238281
[ 23203][I][main.cpp:224] vTaskPitch(): [NaMa] Pitch PID Output: 1271.925903
[ 23213][I][main.cpp:224] vTaskPitch(): [NaMa] Pitch PID Output: 1271.613281
[ 23223][I][main.cpp:224] vTaskPitch(): [NaMa] Pitch PID Output: 1271.300537
[ 23233][I][main.cpp:224] vTaskPitch(): [NaMa] Pitch PID Output: 1270.987549
[ 23243][I][main.cpp:224] vTaskPitch(): [NaMa] Pitch PID Output: 1270.674316
[ 23253][I][main.cpp:224] vTaskPitch(): [NaMa] Pitch PID Output: 1270.360962
[ 23263][I][main.cpp:224] vTaskPitch(): [NaMa] Pitch PID Output: 1270.047363
[ 23273][I][main.cpp:224] vTaskPitch(): [NaMa] Pitch PID Output: 1269.733643
[ 23283][I][main.cpp:224] vTaskPitch(): [NaMa] Pitch PID Output: 1269.419678
[ 23293][I][main.cpp:224] vTaskPitch(): [NaMa] Pitch PID Output: 1269.105469
[ 23303][I][main.cpp:224] vTaskPitch(): [NaMa] Pitch PID Output: 1268.791138
[ 23313][I][main.cpp:224] vTaskPitch(): [NaMa] Pitch PID Output: 1268.476562
[ 23323][I][main.cpp:224] vTaskPitch(): [NaMa] Pitch PID Output: 1268.161743
[ 23333][I][main.cpp:224] vTaskPitch(): [NaMa] Pitch PID Output: 1267.846802
[ 23343][I][main.cpp:224] vTaskPitch(): [NaMa] Pitch PID Output: 1267.531616
[ 23353][I][main.cpp:224] vTaskPitch(): [NaMa] Pitch PID Output: 1267.216187
[ 23363][I][main.cpp:224] vTaskPitch(): [NaMa] Pitch PID Output: 1266.900635
[ 23373][I][main.cpp:224] vTaskPitch(): [NaMa] Pitch PID Output: 1266.584839
[ 23383][I][main.cpp:224] vTaskPitch(): [NaMa] Pitch PID Output: 1266.268921
[ 23393][I][main.cpp:224] vTaskPitch(): [NaMa] Pitch PID Output: 1265.952759
[ 23403][I][main.cpp:224] vTaskPitch(): [NaMa] Pitch PID Output: 1265.636353
[ 23413][I][main.cpp:224] vTaskPitch(): [NaMa] Pitch PID Output: 1265.319824
[ 23423][I][main.cpp:224] vTaskPitch(): [NaMa] Pitch PID Output: 1265.003052
[ 23433][I][main.cpp:224] vTaskPitch(): [NaMa] Pitch PID Output: 1264.686035
[ 23443][I][main.cpp:224] vTaskPitch(): [NaMa] Pitch PID Output: 1264.368896
[ 23453][I][main.cpp:224] vTaskPitch(): [NaMa] Pitch PID Output: 1264.051514
[ 23463][I][main.cpp:224] vTaskPitch(): [NaMa] Pitch PID Output: 1263.733887
[ 23473][I][main.cpp:224] vTaskPitch(): [NaMa] Pitch PID Output: 1263.416138
[ 23483][I][main.cpp:224] vTaskPitch(): [NaMa] Pitch PID Output: 1263.098145
[ 23493][I][main.cpp:224] vTaskPitch(): [NaMa] Pitch PID Output: 1262.780029
[ 23503][I][main.cpp:224] vTaskPitch(): [NaMa] Pitch PID Output: 1262.461670
[ 23513][I][main.cpp:224] vTaskPitch(): [NaMa] Pitch PID Output: 1262.143066
[ 23523][I][main.cpp:224] vTaskPitch(): [NaMa] Pitch PID Output: 1261.824341
[ 23533][I][main.cpp:224] vTaskPitch(): [NaMa] Pitch PID Output: 1261.505371
[ 23543][I][main.cpp:224] vTaskPitch(): [NaMa] Pitch PID Output: 1261.186157
[ 23553][I][main.cpp:224] vTaskPitch(): [NaMa] Pitch PID Output: 1260.866821
[ 23563][I][main.cpp:224] vTaskPitch(): [NaMa] Pitch PID Output: 1260.547241
[ 23573][I][main.cpp:224] vTaskPitch(): [NaMa] Pitch PID Output: 1260.227417
[ 23583][I][main.cpp:224] vTaskPitch(): [NaMa] Pitch PID Output: 1259.907471
[ 23593][I][main.cpp:224] vTaskPitch(): [NaMa] Pitch PID Output: 1259.587280
[ 23596][D][main.cpp:345] vTaskLogData(): [NaMa] Logging Data:
[ 23596][I][main.cpp:347] vTaskLogData(): [NaMa] Num tasks reported by FreeRTOS: 15
[ 23597][I][main.cpp:367] vTaskLogData(): [NaMa] Task Run Time Stats:
Log            	16353		<1%
IDLE           	22504082		95%
Ptch           	327744		1%
loopTask       	46177		<1%
tiT            	3940		<1%
Cfg            	68		<1%
LED            	90		<1%
Poll           	25763		<1%
wifi           	620418		2%
esp_timer      	44913		<1%
[ 23603][I][main.cpp:224] vTaskPitch(): [NaMa] Pitch PID Output: 1259.266846
[ 23613][I][main.cpp:224] vTaskPitch(): [NaMa] Pitch PID Output: 1258.946289
[ 23623][I][main.cpp:224] vTaskPitch(): [NaMa] Pitch PID Output: 1258.625488
[ 23633][I][main.cpp:224] vTaskPitch(): [NaMa] Pitch PID Output: 1258.304565
[ 23643][I][main.cpp:224] vTaskPitch(): [NaMa] Pitch PID Output: 1257.983398
[ 23653][I][main.cpp:224] vTaskPitch(): [NaMa] Pitch PID Output: 1257.661987
[ 23663][I][main.cpp:224] vTaskPitch(): [NaMa] Pitch PID Output: 1257.340454
[ 23673][I][main.cpp:224] vTaskPitch(): [NaMa] Pitch PID Output: 1257.018677
[ 23683][I][main.cpp:224] vTaskPitch(): [NaMa] Pitch PID Output: 1256.696655
[ 23693][I][main.cpp:224] vTaskPitch(): [NaMa] Pitch PID Output: 1256.374512
[ 23703][I][main.cpp:224] vTaskPitch(): [NaMa] Pitch PID Output: 1256.052124
[ 23713][I][main.cpp:224] vTaskPitch(): [NaMa] Pitch PID Output: 1255.729492
[ 23723][I][main.cpp:224] vTaskPitch(): [NaMa] Pitch PID Output: 1255.406738
[ 23733][I][main.cpp:224] vTaskPitch(): [NaMa] Pitch PID Output: 1255.083740
[ 23743][I][main.cpp:224] vTaskPitch(): [NaMa] Pitch PID Output: 1254.760620
[ 23753][I][main.cpp:224] vTaskPitch(): [NaMa] Pitch PID Output: 1254.437256
[ 23763][I][main.cpp:224] vTaskPitch(): [NaMa] Pitch PID Output: 1254.113647
[ 23773][I][main.cpp:224] vTaskPitch(): [NaMa] Pitch PID Output: 1253.789917
[ 23783][I][main.cpp:224] vTaskPitch(): [NaMa] Pitch PID Output: 1253.465942
[ 23793][I][main.cpp:224] vTaskPitch(): [NaMa] Pitch PID Output: 1253.141724
[ 23803][I][main.cpp:224] vTaskPitch(): [NaMa] Pitch PID Output: 1252.817383
[ 23813][I][main.cpp:224] vTaskPitch(): [NaMa] Pitch PID Output: 1252.492798
[ 23823][I][main.cpp:224] vTaskPitch(): [NaMa] Pitch PID Output: 1252.167969
[ 23833][I][main.cpp:224] vTaskPitch(): [NaMa] Pitch PID Output: 1251.843018
[ 23843][I][main.cpp:224] vTaskPitch(): [NaMa] Pitch PID Output: 1251.517822
[ 23853][I][main.cpp:224] vTaskPitch(): [NaMa] Pitch PID Output: 1251.192505
[ 23863][I][main.cpp:224] vTaskPitch(): [NaMa] Pitch PID Output: 1250.866943
[ 23873][I][main.cpp:224] vTaskPitch(): [NaMa] Pitch PID Output: 1250.541138
[ 23883][I][main.cpp:224] vTaskPitch(): [NaMa] Pitch PID Output: 1250.215210
[ 23893][I][main.cpp:224] vTaskPitch(): [NaMa] Pitch PID Output: 1249.889038
[ 23903][I][main.cpp:224] vTaskPitch(): [NaMa] Pitch PID Output: 1249.562622
[ 23913][I][main.cpp:224] vTaskPitch(): [NaMa] Pitch PID Output: 1249.236084
[ 23923][I][main.cpp:224] vTaskPitch(): [NaMa] Pitch PID Output: 1248.909302
[ 23933][I][main.cpp:224] vTaskPitch(): [NaMa] Pitch PID Output: 1248.582275
[ 23943][I][main.cpp:224] vTaskPitch(): [NaMa] Pitch PID Output: 1248.255127
[ 23953][I][main.cpp:224] vTaskPitch(): [NaMa] Pitch PID Output: 1247.927734
[ 23963][I][main.cpp:224] vTaskPitch(): [NaMa] Pitch PID Output: 1247.600220
[ 23973][I][main.cpp:224] vTaskPitch(): [NaMa] Pitch PID Output: 1247.272461
[ 23983][I][main.cpp:224] vTaskPitch(): [NaMa] Pitch PID Output: 1246.944458
[ 23993][I][main.cpp:224] vTaskPitch(): [NaMa] Pitch PID Output: 1246.616333
[ 24003][I][main.cpp:224] vTaskPitch(): [NaMa] Pitch PID Output: 1246.287964
[ 24013][I][main.cpp:224] vTaskPitch(): [NaMa] Pitch PID Output: 1245.959351
[ 24023][I][main.cpp:224] vTaskPitch(): [NaMa] Pitch PID Output: 1245.630615
[ 24033][I][main.cpp:224] vTaskPitch(): [NaMa] Pitch PID Output: 1245.301636
[ 24043][I][main.cpp:224] vTaskPitch(): [NaMa] Pitch PID Output: 1244.972412
[ 24053][I][main.cpp:224] vTaskPitch(): [NaMa] Pitch PID Output: 1244.643066
[ 24063][I][main.cpp:224] vTaskPitch(): [NaMa] Pitch PID Output: 1244.313477
[ 24073][I][main.cpp:224] vTaskPitch(): [NaMa] Pitch PID Output: 1243.983643
[ 24083][I][main.cpp:224] vTaskPitch(): [NaMa] Pitch PID Output: 1243.653687
[ 24093][I][main.cpp:224] vTaskPitch(): [NaMa] Pitch PID Output: 1243.323486
[ 24103][I][main.cpp:224] vTaskPitch(): [NaMa] Pitch PID Output: 1242.993164
[ 24113][I][main.cpp:224] vTaskPitch(): [NaMa] Pitch PID Output: 1242.662598
[ 24123][I][main.cpp:224] vTaskPitch(): [NaMa] Pitch PID Output: 1242.331787
[ 24133][I][main.cpp:224] vTaskPitch(): [NaMa] Pitch PID Output: 1242.000854
[ 24143][I][main.cpp:224] vTaskPitch(): [NaMa] Pitch PID Output: 1241.669678
[ 24153][I][main.cpp:224] vTaskPitch(): [NaMa] Pitch PID Output: 1241.338257
[ 24163][I][main.cpp:224] vTaskPitch(): [NaMa] Pitch PID Output: 1241.006714
[ 24173][I][main.cpp:224] vTaskPitch(): [NaMa] Pitch PID Output: 1240.674927
[ 24183][I][main.cpp:224] vTaskPitch(): [NaMa] Pitch PID Output: 1240.342896
[ 24193][I][main.cpp:224] vTaskPitch(): [NaMa] Pitch PID Output: 1240.010742
[ 24203][I][main.cpp:224] vTaskPitch(): [NaMa] Pitch PID Output: 1239.678345
[ 24213][I][main.cpp:224] vTaskPitch(): [NaMa] Pitch PID Output: 1239.345825
[ 24223][I][main.cpp:224] vTaskPitch(): [NaMa] Pitch PID Output: 1239.013062
[ 24233][I][main.cpp:224] vTaskPitch(): [NaMa] Pitch PID Output: 1238.680054
[ 24243][I][main.cpp:224] vTaskPitch(): [NaMa] Pitch PID Output: 1238.346924
[ 24253][I][main.cpp:224] vTaskPitch(): [NaMa] Pitch PID Output: 1238.013550
[ 24263][I][main.cpp:224] vTaskPitch(): [NaMa] Pitch PID Output: 1237.679932
[ 24273][I][main.cpp:224] vTaskPitch(): [NaMa] Pitch PID Output: 1237.346191
[ 24283][I][main.cpp:224] vTaskPitch(): [NaMa] Pitch PID Output: 1237.012207
[ 24293][I][main.cpp:224] vTaskPitch(): [NaMa] Pitch PID Output: 1236.677979
[ 24303][I][main.cpp:224] vTaskPitch(): [NaMa] Pitch PID Output: 1236.343628
[ 24313][I][main.cpp:224] vTaskPitch(): [NaMa] Pitch PID Output: 1236.009033
[ 24323][I][main.cpp:224] vTaskPitch(): [NaMa] Pitch PID Output: 1235.674316
[ 24333][I][main.cpp:224] vTaskPitch(): [NaMa] Pitch PID Output: 1235.339355
[ 24343][I][main.cpp:224] vTaskPitch(): [NaMa] Pitch PID Output: 1235.004150
[ 24353][I][main.cpp:224] vTaskPitch(): [NaMa] Pitch PID Output: 1234.668823
[ 24363][I][main.cpp:224] vTaskPitch(): [NaMa] Pitch PID Output: 1234.333252
[ 24373][I][main.cpp:224] vTaskPitch(): [NaMa] Pitch PID Output: 1233.997437
[ 24383][I][main.cpp:224] vTaskPitch(): [NaMa] Pitch PID Output: 1233.661499
[ 24393][I][main.cpp:224] vTaskPitch(): [NaMa] Pitch PID Output: 1233.325317
[ 24403][I][main.cpp:224] vTaskPitch(): [NaMa] Pitch PID Output: 1232.988892
[ 24413][I][main.cpp:224] vTaskPitch(): [NaMa] Pitch PID Output: 1232.652344
[ 24423][I][main.cpp:224] vTaskPitch(): [NaMa] Pitch PID Output: 1232.315552
[ 24433][I][main.cpp:224] vTaskPitch(): [NaMa] Pitch PID Output: 1231.978516
[ 24443][I][main.cpp:224] vTaskPitch(): [NaMa] Pitch PID Output: 1231.641357
[ 24453][I][main.cpp:224] vTaskPitch(): [NaMa] Pitch PID Output: 1231.303955
[ 24463][I][main.cpp:224] vTaskPitch(): [NaMa] Pitch PID Output: 1230.966431
[ 24473][I][main.cpp:224] vTaskPitch(): [NaMa] Pitch PID Output: 1230.628662
[ 24483][I][main.cpp:224] vTaskPitch(): [NaMa] Pitch PID Output: 1230.290649
[ 24493][I][main.cpp:224] vTaskPitch(): [NaMa] Pitch PID Output: 1229.952515
[ 24503][I][main.cpp:224] vTaskPitch(): [NaMa] Pitch PID Output: 1229.614136
[ 24513][I][main.cpp:224] vTaskPitch(): [NaMa] Pitch PID Output: 1229.275513
[ 24523][I][main.cpp:224] vTaskPitch(): [NaMa] Pitch PID Output: 1228.936768
[ 24533][I][main.cpp:224] vTaskPitch(): [NaMa] Pitch PID Output: 1228.597778
[ 24543][I][main.cpp:224] vTaskPitch(): [NaMa] Pitch PID Output: 1228.258545
[ 24553][I][main.cpp:224] vTaskPitch(): [NaMa] Pitch PID Output: 1227.919189
[ 24563][I][main.cpp:224] vTaskPitch(): [NaMa] Pitch PID Output: 1227.579590
[ 24573][I][main.cpp:224] vTaskPitch(): [NaMa] Pitch PID Output: 1227.239868
[ 24583][I][main.cpp:224] vTaskPitch(): [NaMa] Pitch PID Output: 1226.899902
[ 24593][I][main.cpp:224] vTaskPitch(): [NaMa] Pitch PID Output: 1226.559692
[ 24598][I][main.cpp:373] vTaskLogData(): [NaMa] T: Poll, U: 276, F: 1772
[ 24598][I][main.cpp:373] vTaskLogData(): [NaMa] T: Ptch, U: 2188, F: 1908
[ 24598][I][main.cpp:373] vTaskLogData(): [NaMa] T: Recv, U: 204, F: 1844
[ 24598][I][main.cpp:373] vTaskLogData(): [NaMa] T: Send, U: 204, F: 1844
[ 24599][I][main.cpp:373] vTaskLogData(): [NaMa] T: Cfg, U: 232, F: 280
[ 24599][I][main.cpp:373] vTaskLogData(): [NaMa] T: LED, U: 216, F: 40
[ 24599][I][main.cpp:373] vTaskLogData(): [NaMa] T: Log, U: 2340, F: 1756
[ 24603][I][main.cpp:224] vTaskPitch(): [NaMa] Pitch PID Output: 1226.219360
[ 24613][I][main.cpp:224] vTaskPitch(): [NaMa] Pitch PID Output: 1225.878784
[ 24623][I][main.cpp:224] vTaskPitch(): [NaMa] Pitch PID Output: 1225.537964
[ 24633][I][main.cpp:224] vTaskPitch(): [NaMa] Pitch PID Output: 1225.197021
[ 24643][I][main.cpp:224] vTaskPitch(): [NaMa] Pitch PID Output: 1224.855835
[ 24653][I][main.cpp:224] vTaskPitch(): [NaMa] Pitch PID Output: 1224.514404
[ 24663][I][main.cpp:224] vTaskPitch(): [NaMa] Pitch PID Output: 1224.172852
[ 24673][I][main.cpp:224] vTaskPitch(): [NaMa] Pitch PID Output: 1223.831055
[ 24683][I][main.cpp:224] vTaskPitch(): [NaMa] Pitch PID Output: 1223.489136
[ 24693][I][main.cpp:224] vTaskPitch(): [NaMa] Pitch PID Output: 1223.146973
[ 24703][I][main.cpp:224] vTaskPitch(): [NaMa] Pitch PID Output: 1222.804565
[ 24713][I][main.cpp:224] vTaskPitch(): [NaMa] Pitch PID Output: 1222.462036
[ 24723][I][main.cpp:224] vTaskPitch(): [NaMa] Pitch PID Output: 1222.119263
[ 24733][I][main.cpp:224] vTaskPitch(): [NaMa] Pitch PID Output: 1221.776245
[ 24743][I][main.cpp:224] vTaskPitch(): [NaMa] Pitch PID Output: 1221.433105
[ 24753][I][main.cpp:224] vTaskPitch(): [NaMa] Pitch PID Output: 1221.089722
[ 24763][I][main.cpp:224] vTaskPitch(): [NaMa] Pitch PID Output: 1220.746094
[ 24773][I][main.cpp:224] vTaskPitch(): [NaMa] Pitch PID Output: 1220.402344
[ 24783][I][main.cpp:224] vTaskPitch(): [NaMa] Pitch PID Output: 1220.058350
[ 24793][I][main.cpp:224] vTaskPitch(): [NaMa] Pitch PID Output: 1219.714233
[ 24803][I][main.cpp:224] vTaskPitch(): [NaMa] Pitch PID Output: 1219.369873
[ 24813][I][main.cpp:224] vTaskPitch(): [NaMa] Pitch PID Output: 1219.025269
[ 24823][I][main.cpp:224] vTaskPitch(): [NaMa] Pitch PID Output: 1218.680542
[ 24833][I][main.cpp:224] vTaskPitch(): [NaMa] Pitch PID Output: 1218.335571
[ 24843][I][main.cpp:224] vTaskPitch(): [NaMa] Pitch PID Output: 1217.990356
[ 24853][I][main.cpp:224] vTaskPitch(): [NaMa] Pitch PID Output: 1217.645020
[ 24863][I][main.cpp:224] vTaskPitch(): [NaMa] Pitch PID Output: 1217.299438
[ 24873][I][main.cpp:224] vTaskPitch(): [NaMa] Pitch PID Output: 1216.953613
[ 24883][I][main.cpp:224] vTaskPitch(): [NaMa] Pitch PID Output: 1216.607666
[ 24893][I][main.cpp:224] vTaskPitch(): [NaMa] Pitch PID Output: 1216.261475
[ 24903][I][main.cpp:224] vTaskPitch(): [NaMa] Pitch PID Output: 1215.915039
[ 24913][I][main.cpp:224] vTaskPitch(): [NaMa] Pitch PID Output: 1215.568481
[ 24923][I][main.cpp:224] vTaskPitch(): [NaMa] Pitch PID Output: 1215.221680
[ 24933][I][main.cpp:224] vTaskPitch(): [NaMa] Pitch PID Output: 1214.874756
[ 24943][I][main.cpp:224] vTaskPitch(): [NaMa] Pitch PID Output: 1214.527588
[ 24953][I][main.cpp:224] vTaskPitch(): [NaMa] Pitch PID Output: 1214.180176
[ 24963][I][main.cpp:224] vTaskPitch(): [NaMa] Pitch PID Output: 1213.832642
[ 24973][I][main.cpp:224] vTaskPitch(): [NaMa] Pitch PID Output: 1213.484863
[ 24983][I][main.cpp:224] vTaskPitch(): [NaMa] Pitch PID Output: 1213.136841
[ 24993][I][main.cpp:224] vTaskPitch(): [NaMa] Pitch PID Output: 1212.788696
[ 25003][I][main.cpp:224] vTaskPitch(): [NaMa] Pitch PID Output: 1212.440308
[ 25013][I][main.cpp:224] vTaskPitch(): [NaMa] Pitch PID Output: 1212.091675
[ 25023][I][main.cpp:224] vTaskPitch(): [NaMa] Pitch PID Output: 1211.742920
[ 25033][I][main.cpp:224] vTaskPitch(): [NaMa] Pitch PID Output: 1211.393921
[ 25043][I][main.cpp:224] vTaskPitch(): [NaMa] Pitch PID Output: 1211.044800
[ 25053][I][main.cpp:224] vTaskPitch(): [NaMa] Pitch PID Output: 1210.695435
[ 25063][I][main.cpp:224] vTaskPitch(): [NaMa] Pitch PID Output: 1210.345825
[ 25073][I][main.cpp:224] vTaskPitch(): [NaMa] Pitch PID Output: 1209.996094
[ 25083][I][main.cpp:224] vTaskPitch(): [NaMa] Pitch PID Output: 1209.646118
[ 25093][I][main.cpp:224] vTaskPitch(): [NaMa] Pitch PID Output: 1209.295898
[ 25103][I][main.cpp:224] vTaskPitch(): [NaMa] Pitch PID Output: 1208.945557
[ 25113][I][main.cpp:224] vTaskPitch(): [NaMa] Pitch PID Output: 1208.594971
[ 25123][I][main.cpp:224] vTaskPitch(): [NaMa] Pitch PID Output: 1208.244141
[ 25133][I][main.cpp:224] vTaskPitch(): [NaMa] Pitch PID Output: 1207.893188
[ 25143][I][main.cpp:224] vTaskPitch(): [NaMa] Pitch PID Output: 1207.541992
[ 25153][I][main.cpp:224] vTaskPitch(): [NaMa] Pitch PID Output: 1207.190674
[ 25163][I][main.cpp:224] vTaskPitch(): [NaMa] Pitch PID Output: 1206.839111
[ 25173][I][main.cpp:224] vTaskPitch(): [NaMa] Pitch PID Output: 1206.487305
[ 25183][I][main.cpp:224] vTaskPitch(): [NaMa] Pitch PID Output: 1206.135376
[ 25193][I][main.cpp:224] vTaskPitch(): [NaMa] Pitch PID Output: 1205.783203
[ 25203][I][main.cpp:224] vTaskPitch(): [NaMa] Pitch PID Output: 1205.430786
[ 25213][I][main.cpp:224] vTaskPitch(): [NaMa] Pitch PID Output: 1205.078247
[ 25223][I][main.cpp:224] vTaskPitch(): [NaMa] Pitch PID Output: 1204.725464
[ 25233][I][main.cpp:224] vTaskPitch(): [NaMa] Pitch PID Output: 1204.372437
[ 25243][I][main.cpp:224] vTaskPitch(): [NaMa] Pitch PID Output: 1204.019287
[ 25253][I][main.cpp:224] vTaskPitch(): [NaMa] Pitch PID Output: 1203.665894
[ 25263][I][main.cpp:224] vTaskPitch(): [NaMa] Pitch PID Output: 1203.312378
[ 25273][I][main.cpp:224] vTaskPitch(): [NaMa] Pitch PID Output: 1202.958618
[ 25283][I][main.cpp:224] vTaskPitch(): [NaMa] Pitch PID Output: 1202.604614
[ 25293][I][main.cpp:224] vTaskPitch(): [NaMa] Pitch PID Output: 1202.250488
[ 25303][I][main.cpp:224] vTaskPitch(): [NaMa] Pitch PID Output: 1201.896118
[ 25313][I][main.cpp:224] vTaskPitch(): [NaMa] Pitch PID Output: 1201.541504
[ 25323][I][main.cpp:224] vTaskPitch(): [NaMa] Pitch PID Output: 1201.186768
[ 25333][I][main.cpp:224] vTaskPitch(): [NaMa] Pitch PID Output: 1200.831787
[ 25343][I][main.cpp:224] vTaskPitch(): [NaMa] Pitch PID Output: 1200.476562
[ 25353][I][main.cpp:224] vTaskPitch(): [NaMa] Pitch PID Output: 1200.121216
[ 25363][I][main.cpp:224] vTaskPitch(): [NaMa] Pitch PID Output: 1199.765625
[ 25373][I][main.cpp:224] vTaskPitch(): [NaMa] Pitch PID Output: 1199.409790
[ 25383][I][main.cpp:224] vTaskPitch(): [NaMa] Pitch PID Output: 1199.053833
[ 25393][I][main.cpp:224] vTaskPitch(): [NaMa] Pitch PID Output: 1198.697632
[ 25403][I][main.cpp:224] vTaskPitch(): [NaMa] Pitch PID Output: 1198.341309
[ 25413][I][main.cpp:224] vTaskPitch(): [NaMa] Pitch PID Output: 1197.984741
[ 25423][I][main.cpp:224] vTaskPitch(): [NaMa] Pitch PID Output: 1197.627930
[ 25433][I][main.cpp:224] vTaskPitch(): [NaMa] Pitch PID Output: 1197.270996
[ 25443][I][main.cpp:224] vTaskPitch(): [NaMa] Pitch PID Output: 1196.913818
[ 25453][I][main.cpp:224] vTaskPitch(): [NaMa] Pitch PID Output: 1196.556396
[ 25463][I][main.cpp:224] vTaskPitch(): [NaMa] Pitch PID Output: 1196.198853
[ 25473][I][main.cpp:224] vTaskPitch(): [NaMa] Pitch PID Output: 1195.841064
[ 25483][I][main.cpp:224] vTaskPitch(): [NaMa] Pitch PID Output: 1195.483032
[ 25493][I][main.cpp:224] vTaskPitch(): [NaMa] Pitch PID Output: 1195.124878
[ 25503][I][main.cpp:224] vTaskPitch(): [NaMa] Pitch PID Output: 1194.766479
[ 25513][I][main.cpp:224] vTaskPitch(): [NaMa] Pitch PID Output: 1194.407959
[ 25523][I][main.cpp:224] vTaskPitch(): [NaMa] Pitch PID Output: 1194.049194
[ 25533][I][main.cpp:224] vTaskPitch(): [NaMa] Pitch PID Output: 1193.690186
[ 25543][I][main.cpp:224] vTaskPitch(): [NaMa] Pitch PID Output: 1193.331055
[ 25553][I][main.cpp:224] vTaskPitch(): [NaMa] Pitch PID Output: 1192.971680
[ 25563][I][main.cpp:224] vTaskPitch(): [NaMa] Pitch PID Output: 1192.612061
[ 25573][I][main.cpp:224] vTaskPitch(): [NaMa] Pitch PID Output: 1192.252319
[ 25583][I][main.cpp:224] vTaskPitch(): [NaMa] Pitch PID Output: 1191.892334
[ 25593][I][main.cpp:224] vTaskPitch(): [NaMa] Pitch PID Output: 1191.532104
[ 25599][I][main.cpp:380] vTaskLogData(): [NaMa] Minimum free heap: 142280 bytes
[ 25603][I][main.cpp:224] vTaskPitch(): [NaMa] Pitch PID Output: 1191.171753
[ 25613][I][main.cpp:224] vTaskPitch(): [NaMa] Pitch PID Output: 1190.811157
[ 25623][I][main.cpp:224] vTaskPitch(): [NaMa] Pitch PID Output: 1190.450439
[ 25633][I][main.cpp:224] vTaskPitch(): [NaMa] Pitch PID Output: 1190.089478
[ 25643][I][main.cpp:224] vTaskPitch(): [NaMa] Pitch PID Output: 1189.728271
[ 25653][I][main.cpp:224] vTaskPitch(): [NaMa] Pitch PID Output: 1189.366943
[ 25663][I][main.cpp:224] vTaskPitch(): [NaMa] Pitch PID Output: 1189.005371
[ 25673][I][main.cpp:224] vTaskPitch(): [NaMa] Pitch PID Output: 1188.643555
[ 25683][I][main.cpp:224] vTaskPitch(): [NaMa] Pitch PID Output: 1188.281616
[ 25693][I][main.cpp:224] vTaskPitch(): [NaMa] Pitch PID Output: 1187.919434
[ 25703][I][main.cpp:224] vTaskPitch(): [NaMa] Pitch PID Output: 1187.557007
[ 25713][I][main.cpp:224] vTaskPitch(): [NaMa] Pitch PID Output: 1187.194458
[ 25723][I][main.cpp:224] vTaskPitch(): [NaMa] Pitch PID Output: 1186.831665
[ 25733][I][main.cpp:224] vTaskPitch(): [NaMa] Pitch PID Output: 1186.468750
[ 25743][I][main.cpp:224] vTaskPitch(): [NaMa] Pitch PID Output: 1186.105591
[ 25753][I][main.cpp:224] vTaskPitch(): [NaMa] Pitch PID Output: 1185.742188
[ 25763][I][main.cpp:224] vTaskPitch(): [NaMa] Pitch PID Output: 1185.378662
[ 25773][I][main.cpp:224] vTaskPitch(): [NaMa] Pitch PID Output: 1185.014893
[ 25783][I][main.cpp:224] vTaskPitch(): [NaMa] Pitch PID Output: 1184.650879
[ 25793][I][main.cpp:224] vTaskPitch(): [NaMa] Pitch PID Output: 1184.286743
[ 25803][I][main.cpp:224] vTaskPitch(): [NaMa] Pitch PID Output: 1183.922363
[ 25813][I][main.cpp:224] vTaskPitch(): [NaMa] Pitch PID Output: 1183.557739
[ 25823][I][main.cpp:224] vTaskPitch(): [NaMa] Pitch PID Output: 1183.192993
[ 25833][I][main.cpp:224] vTaskPitch(): [NaMa] Pitch PID Output: 1182.828003
[ 25843][I][main.cpp:224] vTaskPitch(): [NaMa] Pitch PID Output: 1182.462769
[ 25853][I][main.cpp:224] vTaskPitch(): [NaMa] Pitch PID Output: 1182.097412
[ 25863][I][main.cpp:224] vTaskPitch(): [NaMa] Pitch PID Output: 1181.731812
[ 25873][I][main.cpp:224] vTaskPitch(): [NaMa] Pitch PID Output: 1181.366089
[ 25883][I][main.cpp:224] vTaskPitch(): [NaMa] Pitch PID Output: 1181.000122
[ 25893][I][main.cpp:224] vTaskPitch(): [NaMa] Pitch PID Output: 1180.633911
[ 25903][I][main.cpp:224] vTaskPitch(): [NaMa] Pitch PID Output: 1180.267578
[ 25913][I][main.cpp:224] vTaskPitch(): [NaMa] Pitch PID Output: 1179.901001
[ 25923][I][main.cpp:224] vTaskPitch(): [NaMa] Pitch PID Output: 1179.534180
[ 25933][I][main.cpp:224] vTaskPitch(): [NaMa] Pitch PID Output: 1179.167236
[ 25943][I][main.cpp:224] vTaskPitch(): [NaMa] Pitch PID Output: 1178.800049
[ 25953][I][main.cpp:224] vTaskPitch(): [NaMa] Pitch PID Output: 1178.432617
[ 25963][I][main.cpp:224] vTaskPitch(): [NaMa] Pitch PID Output: 1178.065063
[ 25973][I][main.cpp:224] vTaskPitch(): [NaMa] Pitch PID Output: 1177.697266
[ 25983][I][main.cpp:224] vTaskPitch(): [NaMa] Pitch PID Output: 1177.329346
[ 25993][I][main.cpp:224] vTaskPitch(): [NaMa] Pitch PID Output: 1176.961182
[ 26003][I][main.cpp:224] vTaskPitch(): [NaMa] Pitch PID Output: 1176.592773
[ 26013][I][main.cpp:224] vTaskPitch(): [NaMa] Pitch PID Output: 1176.224243
[ 26023][I][main.cpp:224] vTaskPitch(): [NaMa] Pitch PID Output: 1175.855469
[ 26033][I][main.cpp:224] vTaskPitch(): [NaMa] Pitch PID Output: 1175.486450
[ 26043][I][main.cpp:224] vTaskPitch(): [NaMa] Pitch PID Output: 1175.117310
[ 26053][I][main.cpp:224] vTaskPitch(): [NaMa] Pitch PID Output: 1174.747925
[ 26063][I][main.cpp:224] vTaskPitch(): [NaMa] Pitch PID Output: 1174.378296
[ 26073][I][main.cpp:224] vTaskPitch(): [NaMa] Pitch PID Output: 1174.008545
[ 26083][I][main.cpp:224] vTaskPitch(): [NaMa] Pitch PID Output: 1173.638550
[ 26093][I][main.cpp:224] vTaskPitch(): [NaMa] Pitch PID Output: 1173.268433
[ 26103][I][main.cpp:224] vTaskPitch(): [NaMa] Pitch PID Output: 1172.898071
[ 26113][I][main.cpp:224] vTaskPitch(): [NaMa] Pitch PID Output: 1172.527466
[ 26123][I][main.cpp:224] vTaskPitch(): [NaMa] Pitch PID Output: 1172.156738
[ 26133][I][main.cpp:224] vTaskPitch(): [NaMa] Pitch PID Output: 1171.785767
[ 26143][I][main.cpp:224] vTaskPitch(): [NaMa] Pitch PID Output: 1171.414551
[ 26153][I][main.cpp:224] vTaskPitch(): [NaMa] Pitch PID Output: 1171.043213
[ 26163][I][main.cpp:224] vTaskPitch(): [NaMa] Pitch PID Output: 1170.671631
[ 26173][I][main.cpp:224] vTaskPitch(): [NaMa] Pitch PID Output: 1170.299805
[ 26183][I][main.cpp:224] vTaskPitch(): [NaMa] Pitch PID Output: 1169.927856
[ 26193][I][main.cpp:224] vTaskPitch(): [NaMa] Pitch PID Output: 1169.555664
[ 26203][I][main.cpp:224] vTaskPitch(): [NaMa] Pitch PID Output: 1169.183228
[ 26213][I][main.cpp:224] vTaskPitch(): [NaMa] Pitch PID Output: 1168.810669
[ 26223][I][main.cpp:224] vTaskPitch(): [NaMa] Pitch PID Output: 1168.437866
[ 26233][I][main.cpp:224] vTaskPitch(): [NaMa] Pitch PID Output: 1168.064941
[ 26243][I][main.cpp:224] vTaskPitch(): [NaMa] Pitch PID Output: 1167.691772
[ 26253][I][main.cpp:224] vTaskPitch(): [NaMa] Pitch PID Output: 1167.318359
[ 26263][I][main.cpp:224] vTaskPitch(): [NaMa] Pitch PID Output: 1166.944824
[ 26273][I][main.cpp:224] vTaskPitch(): [NaMa] Pitch PID Output: 1166.571045
[ 26283][I][main.cpp:224] vTaskPitch(): [NaMa] Pitch PID Output: 1166.197021
[ 26293][I][main.cpp:224] vTaskPitch(): [NaMa] Pitch PID Output: 1165.822876
[ 26303][I][main.cpp:224] vTaskPitch(): [NaMa] Pitch PID Output: 1165.448486
[ 26313][I][main.cpp:224] vTaskPitch(): [NaMa] Pitch PID Output: 1165.073853
[ 26323][I][main.cpp:224] vTaskPitch(): [NaMa] Pitch PID Output: 1164.699097
[ 26333][I][main.cpp:224] vTaskPitch(): [NaMa] Pitch PID Output: 1164.324097
[ 26343][I][main.cpp:224] vTaskPitch(): [NaMa] Pitch PID Output: 1163.948975
[ 26353][I][main.cpp:224] vTaskPitch(): [NaMa] Pitch PID Output: 1163.573608
[ 26363][I][main.cpp:224] vTaskPitch(): [NaMa] Pitch PID Output: 1163.197998
[ 26373][I][main.cpp:224] vTaskPitch(): [NaMa] Pitch PID Output: 1162.822266
[ 26383][I][main.cpp:224] vTaskPitch(): [NaMa] Pitch PID Output: 1162.446289
[ 26393][I][main.cpp:224] vTaskPitch(): [NaMa] Pitch PID Output: 1162.070068
[ 26403][I][main.cpp:224] vTaskPitch(): [NaMa] Pitch PID Output: 1161.693726
[ 26413][I][main.cpp:224] vTaskPitch(): [NaMa] Pitch PID Output: 1161.317139
[ 26423][I][main.cpp:224] vTaskPitch(): [NaMa] Pitch PID Output: 1160.940308
[ 26433][I][main.cpp:224] vTaskPitch(): [NaMa] Pitch PID Output: 1160.563354
[ 26443][I][main.cpp:224] vTaskPitch(): [NaMa] Pitch PID Output: 1160.186157
[ 26453][I][main.cpp:224] vTaskPitch(): [NaMa] Pitch PID Output: 1159.808838
[ 26463][I][main.cpp:224] vTaskPitch(): [NaMa] Pitch PID Output: 1159.431274
[ 26473][I][main.cpp:224] vTaskPitch(): [NaMa] Pitch PID Output: 1159.053467
[ 26483][I][main.cpp:224] vTaskPitch(): [NaMa] Pitch PID Output: 1158.675537
[ 26493][I][main.cpp:224] vTaskPitch(): [NaMa] Pitch PID Output: 1158.297363
[ 26503][I][main.cpp:224] vTaskPitch(): [NaMa] Pitch PID Output: 1157.918945
[ 26513][I][main.cpp:224] vTaskPitch(): [NaMa] Pitch PID Output: 1157.540405
[ 26523][I][main.cpp:224] vTaskPitch(): [NaMa] Pitch PID Output: 1157.161621
[ 26533][I][main.cpp:224] vTaskPitch(): [NaMa] Pitch PID Output: 1156.782593
[ 26543][I][main.cpp:224] vTaskPitch(): [NaMa] Pitch PID Output: 1156.403442
[ 26553][I][main.cpp:224] vTaskPitch(): [NaMa] Pitch PID Output: 1156.024048
[ 26563][I][main.cpp:224] vTaskPitch(): [NaMa] Pitch PID Output: 1155.644531
[ 26573][I][main.cpp:224] vTaskPitch(): [NaMa] Pitch PID Output: 1155.264771
[ 26583][I][main.cpp:224] vTaskPitch(): [NaMa] Pitch PID Output: 1154.884766
[ 26593][I][main.cpp:224] vTaskPitch(): [NaMa] Pitch PID Output: 1154.504639
[ 26599][I][main.cpp:396] vTaskLogData(): [NaMa] Temperature: 29 dC
[ 26603][I][main.cpp:224] vTaskPitch(): [NaMa] Pitch PID Output: 1154.124268
[ 26613][I][main.cpp:224] vTaskPitch(): [NaMa] Pitch PID Output: 1153.743652
[ 26623][I][main.cpp:224] vTaskPitch(): [NaMa] Pitch PID Output: 1153.362915
[ 26633][I][main.cpp:224] vTaskPitch(): [NaMa] Pitch PID Output: 1152.981934
[ 26643][I][main.cpp:224] vTaskPitch(): [NaMa] Pitch PID Output: 1152.600708
[ 26653][I][main.cpp:224] vTaskPitch(): [NaMa] Pitch PID Output: 1152.219360
[ 26663][I][main.cpp:224] vTaskPitch(): [NaMa] Pitch PID Output: 1151.837769
[ 26673][I][main.cpp:224] vTaskPitch(): [NaMa] Pitch PID Output: 1151.455933
[ 26683][I][main.cpp:224] vTaskPitch(): [NaMa] Pitch PID Output: 1151.073975
[ 26693][I][main.cpp:224] vTaskPitch(): [NaMa] Pitch PID Output: 1150.691772
[ 26703][I][main.cpp:224] vTaskPitch(): [NaMa] Pitch PID Output: 1150.309448
[ 26713][I][main.cpp:224] vTaskPitch(): [NaMa] Pitch PID Output: 1149.926880
[ 26723][I][main.cpp:224] vTaskPitch(): [NaMa] Pitch PID Output: 1149.544067
[ 26733][I][main.cpp:224] vTaskPitch(): [NaMa] Pitch PID Output: 1149.161133
[ 26743][I][main.cpp:224] vTaskPitch(): [NaMa] Pitch PID Output: 1148.777954
[ 26753][I][main.cpp:224] vTaskPitch(): [NaMa] Pitch PID Output: 1148.394531
[ 26763][I][main.cpp:224] vTaskPitch(): [NaMa] Pitch PID Output: 1148.010986
[ 26773][I][main.cpp:224] vTaskPitch(): [NaMa] Pitch PID Output: 1147.627197
[ 26783][I][main.cpp:224] vTaskPitch(): [NaMa] Pitch PID Output: 1147.243164
[ 26793][I][main.cpp:224] vTaskPitch(): [NaMa] Pitch PID Output: 1146.859009
[ 26803][I][main.cpp:224] vTaskPitch(): [NaMa] Pitch PID Output: 1146.474609
[ 26813][I][main.cpp:224] vTaskPitch(): [NaMa] Pitch PID Output: 1146.090088
[ 26823][I][main.cpp:224] vTaskPitch(): [NaMa] Pitch PID Output: 1145.705322
[ 26833][I][main.cpp:224] vTaskPitch(): [NaMa] Pitch PID Output: 1145.320312
[ 26843][I][main.cpp:224] vTaskPitch(): [NaMa] Pitch PID Output: 1144.935181
[ 26853][I][main.cpp:224] vTaskPitch(): [NaMa] Pitch PID Output: 1144.549805
[ 26863][I][main.cpp:224] vTaskPitch(): [NaMa] Pitch PID Output: 1144.164185
[ 26873][I][main.cpp:224] vTaskPitch(): [NaMa] Pitch PID Output: 1143.778442
[ 26883][I][main.cpp:224] vTaskPitch(): [NaMa] Pitch PID Output: 1143.392456
[ 26893][I][main.cpp:224] vTaskPitch(): [NaMa] Pitch PID Output: 1143.006226
[ 26903][I][main.cpp:224] vTaskPitch(): [NaMa] Pitch PID Output: 1142.619873
[ 26913][I][main.cpp:224] vTaskPitch(): [NaMa] Pitch PID Output: 1142.233276
[ 26923][I][main.cpp:224] vTaskPitch(): [NaMa] Pitch PID Output: 1141.846558
[ 26933][I][main.cpp:224] vTaskPitch(): [NaMa] Pitch PID Output: 1141.459595
[ 26943][I][main.cpp:224] vTaskPitch(): [NaMa] Pitch PID Output: 1141.072388
[ 26953][I][main.cpp:224] vTaskPitch(): [NaMa] Pitch PID Output: 1140.685059
[ 26963][I][main.cpp:224] vTaskPitch(): [NaMa] Pitch PID Output: 1140.297485
[ 26973][I][main.cpp:224] vTaskPitch(): [NaMa] Pitch PID Output: 1139.909668
[ 26983][I][main.cpp:224] vTaskPitch(): [NaMa] Pitch PID Output: 1139.521729
[ 26993][I][main.cpp:224] vTaskPitch(): [NaMa] Pitch PID Output: 1139.133545
[ 27003][I][main.cpp:224] vTaskPitch(): [NaMa] Pitch PID Output: 1138.745117
[ 27013][I][main.cpp:224] vTaskPitch(): [NaMa] Pitch PID Output: 1138.356567
[ 27023][I][main.cpp:224] vTaskPitch(): [NaMa] Pitch PID Output: 1137.967773
[ 27033][I][main.cpp:224] vTaskPitch(): [NaMa] Pitch PID Output: 1137.578857
[ 27043][I][main.cpp:224] vTaskPitch(): [NaMa] Pitch PID Output: 1137.189697
[ 27053][I][main.cpp:224] vTaskPitch(): [NaMa] Pitch PID Output: 1136.800293
[ 27063][I][main.cpp:224] vTaskPitch(): [NaMa] Pitch PID Output: 1136.410767
[ 27073][I][main.cpp:224] vTaskPitch(): [NaMa] Pitch PID Output: 1136.020996
[ 27083][I][main.cpp:224] vTaskPitch(): [NaMa] Pitch PID Output: 1135.630981
[ 27093][I][main.cpp:224] vTaskPitch(): [NaMa] Pitch PID Output: 1135.240845
[ 27103][I][main.cpp:224] vTaskPitch(): [NaMa] Pitch PID Output: 1134.850464
[ 27113][I][main.cpp:224] vTaskPitch(): [NaMa] Pitch PID Output: 1134.459839
[ 27123][I][main.cpp:224] vTaskPitch(): [NaMa] Pitch PID Output: 1134.069092
[ 27133][I][main.cpp:224] vTaskPitch(): [NaMa] Pitch PID Output: 1133.678101
[ 27143][I][main.cpp:224] vTaskPitch(): [NaMa] Pitch PID Output: 1133.286865
[ 27153][I][main.cpp:224] vTaskPitch(): [NaMa] Pitch PID Output: 1132.895508
[ 27163][I][main.cpp:224] vTaskPitch(): [NaMa] Pitch PID Output: 1132.503906
[ 27173][I][main.cpp:224] vTaskPitch(): [NaMa] Pitch PID Output: 1132.112183
[ 27183][I][main.cpp:224] vTaskPitch(): [NaMa] Pitch PID Output: 1131.720215
[ 27193][I][main.cpp:224] vTaskPitch(): [NaMa] Pitch PID Output: 1131.328003
[ 27203][I][main.cpp:224] vTaskPitch(): [NaMa] Pitch PID Output: 1130.935669
[ 27213][I][main.cpp:224] vTaskPitch(): [NaMa] Pitch PID Output: 1130.543091
[ 27223][I][main.cpp:224] vTaskPitch(): [NaMa] Pitch PID Output: 1130.150269
[ 27233][I][main.cpp:224] vTaskPitch(): [NaMa] Pitch PID Output: 1129.757324
[ 27243][I][main.cpp:224] vTaskPitch(): [NaMa] Pitch PID Output: 1129.364136
[ 27253][I][main.cpp:224] vTaskPitch(): [NaMa] Pitch PID Output: 1128.970703
[ 27263][I][main.cpp:224] vTaskPitch(): [NaMa] Pitch PID Output: 1128.577148
[ 27273][I][main.cpp:224] vTaskPitch(): [NaMa] Pitch PID Output: 1128.183350
[ 27283][I][main.cpp:224] vTaskPitch(): [NaMa] Pitch PID Output: 1127.789429
[ 27293][I][main.cpp:224] vTaskPitch(): [NaMa] Pitch PID Output: 1127.395264
[ 27303][I][main.cpp:224] vTaskPitch(): [NaMa] Pitch PID Output: 1127.000854
[ 27313][I][main.cpp:224] vTaskPitch(): [NaMa] Pitch PID Output: 1126.606323
[ 27323][I][main.cpp:224] vTaskPitch(): [NaMa] Pitch PID Output: 1126.211548
[ 27333][I][main.cpp:224] vTaskPitch(): [NaMa] Pitch PID Output: 1125.816528
[ 27343][I][main.cpp:224] vTaskPitch(): [NaMa] Pitch PID Output: 1125.421387
[ 27353][I][main.cpp:224] vTaskPitch(): [NaMa] Pitch PID Output: 1125.026001
[ 27363][I][main.cpp:224] vTaskPitch(): [NaMa] Pitch PID Output: 1124.630371
[ 27373][I][main.cpp:224] vTaskPitch(): [NaMa] Pitch PID Output: 1124.234619
[ 27383][I][main.cpp:224] vTaskPitch(): [NaMa] Pitch PID Output: 1123.838623
[ 27393][I][main.cpp:224] vTaskPitch(): [NaMa] Pitch PID Output: 1123.442505
[ 27403][I][main.cpp:224] vTaskPitch(): [NaMa] Pitch PID Output: 1123.046143
[ 27413][I][main.cpp:224] vTaskPitch(): [NaMa] Pitch PID Output: 1122.649536
[ 27423][I][main.cpp:224] vTaskPitch(): [NaMa] Pitch PID Output: 1122.252808
[ 27433][I][main.cpp:224] vTaskPitch(): [NaMa] Pitch PID Output: 1121.855835
[ 27443][I][main.cpp:224] vTaskPitch(): [NaMa] Pitch PID Output: 1121.458618
[ 27453][I][main.cpp:224] vTaskPitch(): [NaMa] Pitch PID Output: 1121.061279
[ 27463][I][main.cpp:224] vTaskPitch(): [NaMa] Pitch PID Output: 1120.663696
[ 27473][I][main.cpp:224] vTaskPitch(): [NaMa] Pitch PID Output: 1120.265869
[ 27483][I][main.cpp:224] vTaskPitch(): [NaMa] Pitch PID Output: 1119.867920
[ 27493][I][main.cpp:224] vTaskPitch(): [NaMa] Pitch PID Output: 1119.469727
[ 27503][I][main.cpp:224] vTaskPitch(): [NaMa] Pitch PID Output: 1119.071411
[ 27513][I][main.cpp:224] vTaskPitch(): [NaMa] Pitch PID Output: 1118.672852
[ 27523][I][main.cpp:224] vTaskPitch(): [NaMa] Pitch PID Output: 1118.274048
[ 27533][I][main.cpp:224] vTaskPitch(): [NaMa] Pitch PID Output: 1117.875122
[ 27543][I][main.cpp:224] vTaskPitch(): [NaMa] Pitch PID Output: 1117.475952
[ 27553][I][main.cpp:224] vTaskPitch(): [NaMa] Pitch PID Output: 1117.076538
[ 27563][I][main.cpp:224] vTaskPitch(): [NaMa] Pitch PID Output: 1116.677002
[ 27573][I][main.cpp:224] vTaskPitch(): [NaMa] Pitch PID Output: 1116.277222
[ 27583][I][main.cpp:224] vTaskPitch(): [NaMa] Pitch PID Output: 1115.877197
[ 27593][I][main.cpp:224] vTaskPitch(): [NaMa] Pitch PID Output: 1115.477051
[ 27599][D][main.cpp:345] vTaskLogData(): [NaMa] Logging Data:
[ 27599][I][main.cpp:347] vTaskLogData(): [NaMa] Num tasks reported by FreeRTOS: 15
[ 27600][I][main.cpp:367] vTaskLogData(): [NaMa] Task Run Time Stats:
Log            	21645		<1%
IDLE           	26383374		95%
Ptch           	436927		1%
loopTask       	46213		<1%
tiT            	4356		<1%
Cfg            	88		<1%
LED            	112		<1%
Poll           	34360		<1%
wifi           	620480		2%
esp_timer      	44997		<1%
[ 27603][I][main.cpp:224] vTaskPitch(): [NaMa] Pitch PID Output: 1115.076660
[ 27613][I][main.cpp:224] vTaskPitch(): [NaMa] Pitch PID Output: 1114.676025
[ 27623][I][main.cpp:224] vTaskPitch(): [NaMa] Pitch PID Output: 1114.275269
[ 27633][I][main.cpp:224] vTaskPitch(): [NaMa] Pitch PID Output: 1113.874268
[ 27643][I][main.cpp:224] vTaskPitch(): [NaMa] Pitch PID Output: 1113.473145
[ 27653][I][main.cpp:224] vTaskPitch(): [NaMa] Pitch PID Output: 1113.071777
[ 27663][I][main.cpp:224] vTaskPitch(): [NaMa] Pitch PID Output: 1112.670166
[ 27673][I][main.cpp:224] vTaskPitch(): [NaMa] Pitch PID Output: 1112.268433
[ 27683][I][main.cpp:224] vTaskPitch(): [NaMa] Pitch PID Output: 1111.866455
[ 27693][I][main.cpp:224] vTaskPitch(): [NaMa] Pitch PID Output: 1111.464233
[ 27703][I][main.cpp:224] vTaskPitch(): [NaMa] Pitch PID Output: 1111.061890
[ 27713][I][main.cpp:224] vTaskPitch(): [NaMa] Pitch PID Output: 1110.659302
[ 27723][I][main.cpp:224] vTaskPitch(): [NaMa] Pitch PID Output: 1110.256470
[ 27733][I][main.cpp:224] vTaskPitch(): [NaMa] Pitch PID Output: 1109.853516
[ 27743][I][main.cpp:224] vTaskPitch(): [NaMa] Pitch PID Output: 1109.450317
[ 27753][I][main.cpp:224] vTaskPitch(): [NaMa] Pitch PID Output: 1109.046997
[ 27763][I][main.cpp:224] vTaskPitch(): [NaMa] Pitch PID Output: 1108.643433
[ 27773][I][main.cpp:224] vTaskPitch(): [NaMa] Pitch PID Output: 1108.239624
[ 27783][I][main.cpp:224] vTaskPitch(): [NaMa] Pitch PID Output: 1107.835693
[ 27793][I][main.cpp:224] vTaskPitch(): [NaMa] Pitch PID Output: 1107.431519
[ 27803][I][main.cpp:224] vTaskPitch(): [NaMa] Pitch PID Output: 1107.027100
[ 27813][I][main.cpp:224] vTaskPitch(): [NaMa] Pitch PID Output: 1106.622559
[ 27823][I][main.cpp:224] vTaskPitch(): [NaMa] Pitch PID Output: 1106.217773
[ 27833][I][main.cpp:224] vTaskPitch(): [NaMa] Pitch PID Output: 1105.812744
[ 27843][I][main.cpp:224] vTaskPitch(): [NaMa] Pitch PID Output: 1105.407593
[ 27853][I][main.cpp:224] vTaskPitch(): [NaMa] Pitch PID Output: 1105.002197
[ 27863][I][main.cpp:224] vTaskPitch(): [NaMa] Pitch PID Output: 1104.596680
[ 27873][I][main.cpp:224] vTaskPitch(): [NaMa] Pitch PID Output: 1104.190918
[ 27883][I][main.cpp:224] vTaskPitch(): [NaMa] Pitch PID Output: 1103.784912
[ 27893][I][main.cpp:224] vTaskPitch(): [NaMa] Pitch PID Output: 1103.378784
[ 27903][I][main.cpp:224] vTaskPitch(): [NaMa] Pitch PID Output: 1102.972412
[ 27913][I][main.cpp:224] vTaskPitch(): [NaMa] Pitch PID Output: 1102.565796
[ 27923][I][main.cpp:224] vTaskPitch(): [NaMa] Pitch PID Output: 1102.159058
[ 27933][I][main.cpp:224] vTaskPitch(): [NaMa] Pitch PID Output: 1101.752075
[ 27943][I][main.cpp:224] vTaskPitch(): [NaMa] Pitch PID Output: 1101.344849
[ 27953][I][main.cpp:224] vTaskPitch(): [NaMa] Pitch PID Output: 1100.937500
[ 27963][I][main.cpp:224] vTaskPitch(): [NaMa] Pitch PID Output: 1100.529907
[ 27973][I][main.cpp:224] vTaskPitch(): [NaMa] Pitch PID Output: 1100.122192
[ 27983][I][main.cpp:224] vTaskPitch(): [NaMa] Pitch PID Output: 1099.714233
[ 27993][I][main.cpp:224] vTaskPitch(): [NaMa] Pitch PID Output: 1099.306030
[ 28003][I][main.cpp:224] vTaskPitch(): [NaMa] Pitch PID Output: 1098.897705
[ 28013][I][main.cpp:224] vTaskPitch(): [NaMa] Pitch PID Output: 1098.489136
[ 28023][I][main.cpp:224] vTaskPitch(): [NaMa] Pitch PID Output: 1098.080322
[ 28033][I][main.cpp:224] vTaskPitch(): [NaMa] Pitch PID Output: 1097.671387
[ 28043][I][main.cpp:224] vTaskPitch(): [NaMa] Pitch PID Output: 1097.262207
[ 28053][I][main.cpp:224] vTaskPitch(): [NaMa] Pitch PID Output: 1096.852783
[ 28063][I][main.cpp:224] vTaskPitch(): [NaMa] Pitch PID Output: 1096.443237
[ 28073][I][main.cpp:224] vTaskPitch(): [NaMa] Pitch PID Output: 1096.033447
[ 28083][I][main.cpp:224] vTaskPitch(): [NaMa] Pitch PID Output: 1095.623413
[ 28093][I][main.cpp:224] vTaskPitch(): [NaMa] Pitch PID Output: 1095.213257
[ 28103][I][main.cpp:224] vTaskPitch(): [NaMa] Pitch PID Output: 1094.802856
[ 28113][I][main.cpp:224] vTaskPitch(): [NaMa] Pitch PID Output: 1094.392334
[ 28123][I][main.cpp:224] vTaskPitch(): [NaMa] Pitch PID Output: 1093.981567
[ 28133][I][main.cpp:224] vTaskPitch(): [NaMa] Pitch PID Output: 1093.570557
[ 28143][I][main.cpp:224] vTaskPitch(): [NaMa] Pitch PID Output: 1093.159424
[ 28153][I][main.cpp:224] vTaskPitch(): [NaMa] Pitch PID Output: 1092.748047
[ 28163][I][main.cpp:224] vTaskPitch(): [NaMa] Pitch PID Output: 1092.336426
[ 28173][I][main.cpp:224] vTaskPitch(): [NaMa] Pitch PID Output: 1091.924683
[ 28183][I][main.cpp:224] vTaskPitch(): [NaMa] Pitch PID Output: 1091.512695
[ 28193][I][main.cpp:224] vTaskPitch(): [NaMa] Pitch PID Output: 1091.100464
[ 28203][I][main.cpp:224] vTaskPitch(): [NaMa] Pitch PID Output: 1090.688110
[ 28213][I][main.cpp:224] vTaskPitch(): [NaMa] Pitch PID Output: 1090.275513
[ 28223][I][main.cpp:224] vTaskPitch(): [NaMa] Pitch PID Output: 1089.862793
[ 28233][I][main.cpp:224] vTaskPitch(): [NaMa] Pitch PID Output: 1089.449829
[ 28243][I][main.cpp:224] vTaskPitch(): [NaMa] Pitch PID Output: 1089.036621
[ 28253][I][main.cpp:224] vTaskPitch(): [NaMa] Pitch PID Output: 1088.623291
[ 28263][I][main.cpp:224] vTaskPitch(): [NaMa] Pitch PID Output: 1088.209717
[ 28273][I][main.cpp:224] vTaskPitch(): [NaMa] Pitch PID Output: 1087.795898
[ 28283][I][main.cpp:224] vTaskPitch(): [NaMa] Pitch PID Output: 1087.381958
[ 28293][I][main.cpp:224] vTaskPitch(): [NaMa] Pitch PID Output: 1086.967773
[ 28303][I][main.cpp:224] vTaskPitch(): [NaMa] Pitch PID Output: 1086.553345
[ 28313][I][main.cpp:224] vTaskPitch(): [NaMa] Pitch PID Output: 1086.138794
[ 28323][I][main.cpp:224] vTaskPitch(): [NaMa] Pitch PID Output: 1085.723999
[ 28333][I][main.cpp:224] vTaskPitch(): [NaMa] Pitch PID Output: 1085.309082
[ 28343][I][main.cpp:224] vTaskPitch(): [NaMa] Pitch PID Output: 1084.893921
[ 28353][I][main.cpp:224] vTaskPitch(): [NaMa] Pitch PID Output: 1084.478516
[ 28363][I][main.cpp:224] vTaskPitch(): [NaMa] Pitch PID Output: 1084.062988
[ 28373][I][main.cpp:224] vTaskPitch(): [NaMa] Pitch PID Output: 1083.647217
[ 28383][I][main.cpp:224] vTaskPitch(): [NaMa] Pitch PID Output: 1083.231201
[ 28393][I][main.cpp:224] vTaskPitch(): [NaMa] Pitch PID Output: 1082.815063
[ 28403][I][main.cpp:224] vTaskPitch(): [NaMa] Pitch PID Output: 1082.398682
[ 28413][I][main.cpp:224] vTaskPitch(): [NaMa] Pitch PID Output: 1081.982056
[ 28423][I][main.cpp:224] vTaskPitch(): [NaMa] Pitch PID Output: 1081.565308
[ 28433][I][main.cpp:224] vTaskPitch(): [NaMa] Pitch PID Output: 1081.148315
[ 28443][I][main.cpp:224] vTaskPitch(): [NaMa] Pitch PID Output: 1080.731079
[ 28453][I][main.cpp:224] vTaskPitch(): [NaMa] Pitch PID Output: 1080.313721
[ 28463][I][main.cpp:224] vTaskPitch(): [NaMa] Pitch PID Output: 1079.896118
[ 28473][I][main.cpp:224] vTaskPitch(): [NaMa] Pitch PID Output: 1079.478394
[ 28483][I][main.cpp:224] vTaskPitch(): [NaMa] Pitch PID Output: 1079.060425
[ 28493][I][main.cpp:224] vTaskPitch(): [NaMa] Pitch PID Output: 1078.642212
[ 28503][I][main.cpp:224] vTaskPitch(): [NaMa] Pitch PID Output: 1078.223877
[ 28513][I][main.cpp:224] vTaskPitch(): [NaMa] Pitch PID Output: 1077.805298
[ 28523][I][main.cpp:224] vTaskPitch(): [NaMa] Pitch PID Output: 1077.386475
[ 28533][I][main.cpp:224] vTaskPitch(): [NaMa] Pitch PID Output: 1076.967529
[ 28543][I][main.cpp:224] vTaskPitch(): [NaMa] Pitch PID Output: 1076.548340
[ 28553][I][main.cpp:224] vTaskPitch(): [NaMa] Pitch PID Output: 1076.128906
[ 28563][I][main.cpp:224] vTaskPitch(): [NaMa] Pitch PID Output: 1075.709351
[ 28573][I][main.cpp:224] vTaskPitch(): [NaMa] Pitch PID Output: 1075.289551
[ 28583][I][main.cpp:224] vTaskPitch(): [NaMa] Pitch PID Output: 1074.869629
[ 28593][I][main.cpp:224] vTaskPitch(): [NaMa] Pitch PID Output: 1074.449463
[ 28601][I][main.cpp:373] vTaskLogData(): [NaMa] T: Poll, U: 276, F: 1772
[ 28601][I][main.cpp:373] vTaskLogData(): [NaMa] T: Ptch, U: 2188, F: 1908
[ 28601][I][main.cpp:373] vTaskLogData(): [NaMa] T: Recv, U: 204, F: 1844
[ 28601][I][main.cpp:373] vTaskLogData(): [NaMa] T: Send, U: 204, F: 1844
[ 28602][I][main.cpp:373] vTaskLogData(): [NaMa] T: Cfg, U: 232, F: 280
[ 28602][I][main.cpp:373] vTaskLogData(): [NaMa] T: LED, U: 216, F: 40
[ 28602][I][main.cpp:373] vTaskLogData(): [NaMa] T: Log, U: 2340, F: 1756
[ 28603][I][main.cpp:224] vTaskPitch(): [NaMa] Pitch PID Output: 1074.029053
[ 28613][I][main.cpp:224] vTaskPitch(): [NaMa] Pitch PID Output: 1073.608521
[ 28623][I][main.cpp:224] vTaskPitch(): [NaMa] Pitch PID Output: 1073.187744
[ 28633][I][main.cpp:224] vTaskPitch(): [NaMa] Pitch PID Output: 1072.766724
[ 28643][I][main.cpp:224] vTaskPitch(): [NaMa] Pitch PID Output: 1072.345581
[ 28653][I][main.cpp:224] vTaskPitch(): [NaMa] Pitch PID Output: 1071.924194
[ 28663][I][main.cpp:224] vTaskPitch(): [NaMa] Pitch PID Output: 1071.502563
[ 28673][I][main.cpp:224] vTaskPitch(): [NaMa] Pitch PID Output: 1071.080811
[ 28683][I][main.cpp:224] vTaskPitch(): [NaMa] Pitch PID Output: 1070.658813
[ 28693][I][main.cpp:224] vTaskPitch(): [NaMa] Pitch PID Output: 1070.236694
[ 28703][I][main.cpp:224] vTaskPitch(): [NaMa] Pitch PID Output: 1069.814331
[ 28713][I][main.cpp:224] vTaskPitch(): [NaMa] Pitch PID Output: 1069.391724
[ 28723][I][main.cpp:224] vTaskPitch(): [NaMa] Pitch PID Output: 1068.968994
[ 28733][I][main.cpp:224] vTaskPitch(): [NaMa] Pitch PID Output: 1068.546021
[ 28743][I][main.cpp:224] vTaskPitch(): [NaMa] Pitch PID Output: 1068.122803
[ 28753][I][main.cpp:224] vTaskPitch(): [NaMa] Pitch PID Output: 1067.699463
[ 28763][I][main.cpp:224] vTaskPitch(): [NaMa] Pitch PID Output: 1067.275879
[ 28773][I][main.cpp:224] vTaskPitch(): [NaMa] Pitch PID Output: 1066.852051
[ 28783][I][main.cpp:224] vTaskPitch(): [NaMa] Pitch PID Output: 1066.428101
[ 28793][I][main.cpp:224] vTaskPitch(): [NaMa] Pitch PID Output: 1066.003906
[ 28803][I][main.cpp:224] vTaskPitch(): [NaMa] Pitch PID Output: 1065.579590
[ 28813][I][main.cpp:224] vTaskPitch(): [NaMa] Pitch PID Output: 1065.155029
[ 28823][I][main.cpp:224] vTaskPitch(): [NaMa] Pitch PID Output: 1064.730225
[ 28833][I][main.cpp:224] vTaskPitch(): [NaMa] Pitch PID Output: 1064.305298
[ 28843][I][main.cpp:224] vTaskPitch(): [NaMa] Pitch PID Output: 1063.880127
[ 28853][I][main.cpp:224] vTaskPitch(): [NaMa] Pitch PID Output: 1063.454712
[ 28863][I][main.cpp:224] vTaskPitch(): [NaMa] Pitch PID Output: 1063.029175
[ 28873][I][main.cpp:224] vTaskPitch(): [NaMa] Pitch PID Output: 1062.603394
[ 28883][I][main.cpp:224] vTaskPitch(): [NaMa] Pitch PID Output: 1062.177368
[ 28893][I][main.cpp:224] vTaskPitch(): [NaMa] Pitch PID Output: 1061.751221
[ 28903][I][main.cpp:224] vTaskPitch(): [NaMa] Pitch PID Output: 1061.324829
[ 28913][I][main.cpp:224] vTaskPitch(): [NaMa] Pitch PID Output: 1060.898193
[ 28923][I][main.cpp:224] vTaskPitch(): [NaMa] Pitch PID Output: 1060.471436
[ 28933][I][main.cpp:224] vTaskPitch(): [NaMa] Pitch PID Output: 1060.044434
[ 28943][I][main.cpp:224] vTaskPitch(): [NaMa] Pitch PID Output: 1059.617310
[ 28953][I][main.cpp:224] vTaskPitch(): [NaMa] Pitch PID Output: 1059.189941
[ 28963][I][main.cpp:224] vTaskPitch(): [NaMa] Pitch PID Output: 1058.762329
[ 28973][I][main.cpp:224] vTaskPitch(): [NaMa] Pitch PID Output: 1058.334595
[ 28983][I][main.cpp:224] vTaskPitch(): [NaMa] Pitch PID Output: 1057.906616
[ 28993][I][main.cpp:224] vTaskPitch(): [NaMa] Pitch PID Output: 1057.478394
[ 29003][I][main.cpp:224] vTaskPitch(): [NaMa] Pitch PID Output: 1057.050049
[ 29013][I][main.cpp:224] vTaskPitch(): [NaMa] Pitch PID Output: 1056.621460
[ 29023][I][main.cpp:224] vTaskPitch(): [NaMa] Pitch PID Output: 1056.192627
[ 29033][I][main.cpp:224] vTaskPitch(): [NaMa] Pitch PID Output: 1055.763672
[ 29043][I][main.cpp:224] vTaskPitch(): [NaMa] Pitch PID Output: 1055.334473
[ 29053][I][main.cpp:224] vTaskPitch(): [NaMa] Pitch PID Output: 1054.905151
[ 29063][I][main.cpp:224] vTaskPitch(): [NaMa] Pitch PID Output: 1054.475586
[ 29073][I][main.cpp:224] vTaskPitch(): [NaMa] Pitch PID Output: 1054.045776
[ 29083][I][main.cpp:224] vTaskPitch(): [NaMa] Pitch PID Output: 1053.615845
[ 29093][I][main.cpp:224] vTaskPitch(): [NaMa] Pitch PID Output: 1053.185669
[ 29103][I][main.cpp:224] vTaskPitch(): [NaMa] Pitch PID Output: 1052.755249
[ 29113][I][main.cpp:224] vTaskPitch(): [NaMa] Pitch PID Output: 1052.324707
[ 29123][I][main.cpp:224] vTaskPitch(): [NaMa] Pitch PID Output: 1051.893921
[ 29133][I][main.cpp:224] vTaskPitch(): [NaMa] Pitch PID Output: 1051.462891
[ 29143][I][main.cpp:224] vTaskPitch(): [NaMa] Pitch PID Output: 1051.031738
[ 29153][I][main.cpp:224] vTaskPitch(): [NaMa] Pitch PID Output: 1050.600342
[ 29163][I][main.cpp:224] vTaskPitch(): [NaMa] Pitch PID Output: 1050.168823
[ 29173][I][main.cpp:224] vTaskPitch(): [NaMa] Pitch PID Output: 1049.737061
[ 29183][I][main.cpp:224] vTaskPitch(): [NaMa] Pitch PID Output: 1049.305054
[ 29193][I][main.cpp:224] vTaskPitch(): [NaMa] Pitch PID Output: 1048.872925
[ 29203][I][main.cpp:224] vTaskPitch(): [NaMa] Pitch PID Output: 1048.440552
[ 29213][I][main.cpp:224] vTaskPitch(): [NaMa] Pitch PID Output: 1048.007935
[ 29223][I][main.cpp:224] vTaskPitch(): [NaMa] Pitch PID Output: 1047.575195
[ 29233][I][main.cpp:224] vTaskPitch(): [NaMa] Pitch PID Output: 1047.142212
[ 29243][I][main.cpp:224] vTaskPitch(): [NaMa] Pitch PID Output: 1046.708984
[ 29253][I][main.cpp:224] vTaskPitch(): [NaMa] Pitch PID Output: 1046.275635
[ 29263][I][main.cpp:224] vTaskPitch(): [NaMa] Pitch PID Output: 1045.842041
[ 29273][I][main.cpp:224] vTaskPitch(): [NaMa] Pitch PID Output: 1045.408325
[ 29283][I][main.cpp:224] vTaskPitch(): [NaMa] Pitch PID Output: 1044.974365
[ 29293][I][main.cpp:224] vTaskPitch(): [NaMa] Pitch PID Output: 1044.540161
[ 29303][I][main.cpp:224] vTaskPitch(): [NaMa] Pitch PID Output: 1044.105835
[ 29313][I][main.cpp:224] vTaskPitch(): [NaMa] Pitch PID Output: 1043.671265
[ 29323][I][main.cpp:224] vTaskPitch(): [NaMa] Pitch PID Output: 1043.236450
[ 29333][I][main.cpp:224] vTaskPitch(): [NaMa] Pitch PID Output: 1042.801514
[ 29343][I][main.cpp:224] vTaskPitch(): [NaMa] Pitch PID Output: 1042.366333
[ 29353][I][main.cpp:224] vTaskPitch(): [NaMa] Pitch PID Output: 1041.930908
[ 29363][I][main.cpp:224] vTaskPitch(): [NaMa] Pitch PID Output: 1041.495361
[ 29373][I][main.cpp:224] vTaskPitch(): [NaMa] Pitch PID Output: 1041.059570
[ 29383][I][main.cpp:224] vTaskPitch(): [NaMa] Pitch PID Output: 1040.623535
[ 29393][I][main.cpp:224] vTaskPitch(): [NaMa] Pitch PID Output: 1040.187378
[ 29403][I][main.cpp:224] vTaskPitch(): [NaMa] Pitch PID Output: 1039.750977
[ 29413][I][main.cpp:224] vTaskPitch(): [NaMa] Pitch PID Output: 1039.314453
[ 29423][I][main.cpp:224] vTaskPitch(): [NaMa] Pitch PID Output: 1038.877686
[ 29433][I][main.cpp:224] vTaskPitch(): [NaMa] Pitch PID Output: 1038.440674
[ 29443][I][main.cpp:224] vTaskPitch(): [NaMa] Pitch PID Output: 1038.003540
[ 29453][I][main.cpp:224] vTaskPitch(): [NaMa] Pitch PID Output: 1037.566162
[ 29463][I][main.cpp:224] vTaskPitch(): [NaMa] Pitch PID Output: 1037.128540
[ 29473][I][main.cpp:224] vTaskPitch(): [NaMa] Pitch PID Output: 1036.690796
[ 29483][I][main.cpp:224] vTaskPitch(): [NaMa] Pitch PID Output: 1036.252808
[ 29493][I][main.cpp:224] vTaskPitch(): [NaMa] Pitch PID Output: 1035.814575
[ 29503][I][main.cpp:224] vTaskPitch(): [NaMa] Pitch PID Output: 1035.376221
[ 29513][I][main.cpp:224] vTaskPitch(): [NaMa] Pitch PID Output: 1034.937622
[ 29523][I][main.cpp:224] vTaskPitch(): [NaMa] Pitch PID Output: 1034.498901
[ 29533][I][main.cpp:224] vTaskPitch(): [NaMa] Pitch PID Output: 1034.059937
[ 29543][I][main.cpp:224] vTaskPitch(): [NaMa] Pitch PID Output: 1033.620728
[ 29553][I][main.cpp:224] vTaskPitch(): [NaMa] Pitch PID Output: 1033.181396
[ 29563][I][main.cpp:224] vTaskPitch(): [NaMa] Pitch PID Output: 1032.741821
[ 29573][I][main.cpp:224] vTaskPitch(): [NaMa] Pitch PID Output: 1032.302002
[ 29583][I][main.cpp:224] vTaskPitch(): [NaMa] Pitch PID Output: 1031.862061
[ 29593][I][main.cpp:224] vTaskPitch(): [NaMa] Pitch PID Output: 1031.421875
[ 29602][I][main.cpp:380] vTaskLogData(): [NaMa] Minimum free heap: 142280 bytes
[ 29603][I][main.cpp:224] vTaskPitch(): [NaMa] Pitch PID Output: 1030.981445
[ 29613][I][main.cpp:224] vTaskPitch(): [NaMa] Pitch PID Output: 1030.540894
[ 29623][I][main.cpp:224] vTaskPitch(): [NaMa] Pitch PID Output: 1030.100098
[ 29633][I][main.cpp:224] vTaskPitch(): [NaMa] Pitch PID Output: 1029.659180
[ 29643][I][main.cpp:224] vTaskPitch(): [NaMa] Pitch PID Output: 1029.218018
[ 29653][I][main.cpp:224] vTaskPitch(): [NaMa] Pitch PID Output: 1028.776611
[ 29663][I][main.cpp:224] vTaskPitch(): [NaMa] Pitch PID Output: 1028.335083
[ 29673][I][main.cpp:224] vTaskPitch(): [NaMa] Pitch PID Output: 1027.893311
[ 29683][I][main.cpp:224] vTaskPitch(): [NaMa] Pitch PID Output: 1027.451294
[ 29693][I][main.cpp:224] vTaskPitch(): [NaMa] Pitch PID Output: 1027.009155
[ 29703][I][main.cpp:224] vTaskPitch(): [NaMa] Pitch PID Output: 1026.566772
[ 29713][I][main.cpp:224] vTaskPitch(): [NaMa] Pitch PID Output: 1026.124146
[ 29723][I][main.cpp:224] vTaskPitch(): [NaMa] Pitch PID Output: 1025.681396
[ 29733][I][main.cpp:224] vTaskPitch(): [NaMa] Pitch PID Output: 1025.238403
[ 29743][I][main.cpp:224] vTaskPitch(): [NaMa] Pitch PID Output: 1024.795288
[ 29753][I][main.cpp:224] vTaskPitch(): [NaMa] Pitch PID Output: 1024.351929
[ 29763][I][main.cpp:224] vTaskPitch(): [NaMa] Pitch PID Output: 1023.908325
[ 29773][I][main.cpp:224] vTaskPitch(): [NaMa] Pitch PID Output: 1023.464539
[ 29783][I][main.cpp:224] vTaskPitch(): [NaMa] Pitch PID Output: 1023.020569
[ 29793][I][main.cpp:224] vTaskPitch(): [NaMa] Pitch PID Output: 1022.576416
[ 29803][I][main.cpp:224] vTaskPitch(): [NaMa] Pitch PID Output: 1022.132019
[ 29813][I][main.cpp:224] vTaskPitch(): [NaMa] Pitch PID Output: 1021.687439
[ 29823][I][main.cpp:224] vTaskPitch(): [NaMa] Pitch PID Output: 1021.242676
[ 29833][I][main.cpp:224] vTaskPitch(): [NaMa] Pitch PID Output: 1020.797729
[ 29843][I][main.cpp:224] vTaskPitch(): [NaMa] Pitch PID Output: 1020.352539
[ 29853][I][main.cpp:224] vTaskPitch(): [NaMa] Pitch PID Output: 1019.907166
[ 29863][I][main.cpp:224] vTaskPitch(): [NaMa] Pitch PID Output: 1019.461609
[ 29873][I][main.cpp:224] vTaskPitch(): [NaMa] Pitch PID Output: 1019.015808
[ 29883][I][main.cpp:224] vTaskPitch(): [NaMa] Pitch PID Output: 1018.569824
[ 29893][I][main.cpp:224] vTaskPitch(): [NaMa] Pitch PID Output: 1018.123657
[ 29903][I][main.cpp:224] vTaskPitch(): [NaMa] Pitch PID Output: 1017.677307
[ 29913][I][main.cpp:224] vTaskPitch(): [NaMa] Pitch PID Output: 1017.230713
[ 29923][I][main.cpp:224] vTaskPitch(): [NaMa] Pitch PID Output: 1016.783936
[ 29933][I][main.cpp:224] vTaskPitch(): [NaMa] Pitch PID Output: 1016.336975
[ 29943][I][main.cpp:224] vTaskPitch(): [NaMa] Pitch PID Output: 1015.889771
[ 29953][I][main.cpp:224] vTaskPitch(): [NaMa] Pitch PID Output: 1015.442383
[ 29963][I][main.cpp:224] vTaskPitch(): [NaMa] Pitch PID Output: 1014.994812
[ 29973][I][main.cpp:224] vTaskPitch(): [NaMa] Pitch PID Output: 1014.547058
[ 29983][I][main.cpp:224] vTaskPitch(): [NaMa] Pitch PID Output: 1014.099060
[ 29993][I][main.cpp:224] vTaskPitch(): [NaMa] Pitch PID Output: 1013.650879
[ 30003][I][main.cpp:224] vTaskPitch(): [NaMa] Pitch PID Output: 1013.202515
[ 30013][I][main.cpp:224] vTaskPitch(): [NaMa] Pitch PID Output: 1012.753967
[ 30023][I][main.cpp:224] vTaskPitch(): [NaMa] Pitch PID Output: 1012.305176
[ 30033][I][main.cpp:224] vTaskPitch(): [NaMa] Pitch PID Output: 1011.856201
[ 30043][I][main.cpp:224] vTaskPitch(): [NaMa] Pitch PID Output: 1011.407043
[ 30053][I][main.cpp:224] vTaskPitch(): [NaMa] Pitch PID Output: 1010.957642
[ 30063][I][main.cpp:224] vTaskPitch(): [NaMa] Pitch PID Output: 1010.508057
[ 30073][I][main.cpp:224] vTaskPitch(): [NaMa] Pitch PID Output: 1010.058289
[ 30083][I][main.cpp:224] vTaskPitch(): [NaMa] Pitch PID Output: 1009.608337
[ 30093][I][main.cpp:224] vTaskPitch(): [NaMa] Pitch PID Output: 1009.158142
[ 30103][I][main.cpp:224] vTaskPitch(): [NaMa] Pitch PID Output: 1008.707764
[ 30113][I][main.cpp:224] vTaskPitch(): [NaMa] Pitch PID Output: 1008.257202
[ 30123][I][main.cpp:224] vTaskPitch(): [NaMa] Pitch PID Output: 1007.806396
[ 30133][I][main.cpp:224] vTaskPitch(): [NaMa] Pitch PID Output: 1007.355408
[ 30143][I][main.cpp:224] vTaskPitch(): [NaMa] Pitch PID Output: 1006.904236
[ 30153][I][main.cpp:224] vTaskPitch(): [NaMa] Pitch PID Output: 1006.452881
[ 30163][I][main.cpp:224] vTaskPitch(): [NaMa] Pitch PID Output: 1006.001282
[ 30173][I][main.cpp:224] vTaskPitch(): [NaMa] Pitch PID Output: 1005.549500
[ 30183][I][main.cpp:224] vTaskPitch(): [NaMa] Pitch PID Output: 1005.097534
[ 30193][I][main.cpp:224] vTaskPitch(): [NaMa] Pitch PID Output: 1004.645386
[ 30203][I][main.cpp:224] vTaskPitch(): [NaMa] Pitch PID Output: 1004.192993
[ 30213][I][main.cpp:224] vTaskPitch(): [NaMa] Pitch PID Output: 1003.740417
[ 30223][I][main.cpp:224] vTaskPitch(): [NaMa] Pitch PID Output: 1003.287659
[ 30233][I][main.cpp:224] vTaskPitch(): [NaMa] Pitch PID Output: 1002.834656
[ 30243][I][main.cpp:224] vTaskPitch(): [NaMa] Pitch PID Output: 1002.381470
[ 30253][I][main.cpp:224] vTaskPitch(): [NaMa] Pitch PID Output: 1001.928101
[ 30263][I][main.cpp:224] vTaskPitch(): [NaMa] Pitch PID Output: 1001.474548
[ 30273][I][main.cpp:224] vTaskPitch(): [NaMa] Pitch PID Output: 1001.020752
[ 30283][I][main.cpp:224] vTaskPitch(): [NaMa] Pitch PID Output: 1000.566772
[ 30293][I][main.cpp:224] vTaskPitch(): [NaMa] Pitch PID Output: 1000.112610
[ 30303][I][main.cpp:224] vTaskPitch(): [NaMa] Pitch PID Output: 1000.000000
[ 30313][I][main.cpp:224] vTaskPitch(): [NaMa] Pitch PID Output: 1000.000000
[ 30323][I][main.cpp:224] vTaskPitch(): [NaMa] Pitch PID Output: 1000.000000
[ 30333][I][main.cpp:224] vTaskPitch(): [NaMa] Pitch PID Output: 1000.000000
[ 30343][I][main.cpp:224] vTaskPitch(): [NaMa] Pitch PID Output: 1000.000000
[ 30353][I][main.cpp:224] vTaskPitch(): [NaMa] Pitch PID Output: 1000.000000
[ 30363][I][main.cpp:224] vTaskPitch(): [NaMa] Pitch PID Output: 1000.000000
[ 30373][I][main.cpp:224] vTaskPitch(): [NaMa] Pitch PID Output: 1000.000000
[ 30383][I][main.cpp:224] vTaskPitch(): [NaMa] Pitch PID Output: 1000.000000
[ 30393][I][main.cpp:224] vTaskPitch(): [NaMa] Pitch PID Output: 1000.000000
[ 30403][I][main.cpp:224] vTaskPitch(): [NaMa] Pitch PID Output: 1000.000000
[ 30413][I][main.cpp:224] vTaskPitch(): [NaMa] Pitch PID Output: 1000.000000
[ 30423][I][main.cpp:224] vTaskPitch(): [NaMa] Pitch PID Output: 1000.000000
[ 30433][I][main.cpp:224] vTaskPitch(): [NaMa] Pitch PID Output: 1000.000000
[ 30443][I][main.cpp:224] vTaskPitch(): [NaMa] Pitch PID Output: 1000.000000
[ 30453][I][main.cpp:224] vTaskPitch(): [NaMa] Pitch PID Output: 1000.000000
[ 30463][I][main.cpp:224] vTaskPitch(): [NaMa] Pitch PID Output: 1000.000000
[ 30473][I][main.cpp:224] vTaskPitch(): [NaMa] Pitch PID Output: 1000.000000
[ 30483][I][main.cpp:224] vTaskPitch(): [NaMa] Pitch PID Output: 1000.000000
[ 30493][I][main.cpp:224] vTaskPitch(): [NaMa] Pitch PID Output: 1000.000000
[ 30503][I][main.cpp:224] vTaskPitch(): [NaMa] Pitch PID Output: 1000.000000
[ 30513][I][main.cpp:224] vTaskPitch(): [NaMa] Pitch PID Output: 1000.000000
[ 30523][I][main.cpp:224] vTaskPitch(): [NaMa] Pitch PID Output: 1000.000000
[ 30533][I][main.cpp:224] vTaskPitch(): [NaMa] Pitch PID Output: 1000.000000
[ 30543][I][main.cpp:224] vTaskPitch(): [NaMa] Pitch PID Output: 1000.000000
[ 30553][I][main.cpp:224] vTaskPitch(): [NaMa] Pitch PID Output: 1000.000000
[ 30563][I][main.cpp:224] vTaskPitch(): [NaMa] Pitch PID Output: 1000.000000
[ 30573][I][main.cpp:224] vTaskPitch(): [NaMa] Pitch PID Output: 1000.000000
[ 30583][I][main.cpp:224] vTaskPitch(): [NaMa] Pitch PID Output: 1000.000000
[ 30593][I][main.cpp:224] vTaskPitch(): [NaMa] Pitch PID Output: 1000.000000
[ 30602][I][main.cpp:396] vTaskLogData(): [NaMa] Temperature: 29 dC
[ 30603][I][main.cpp:224] vTaskPitch(): [NaMa] Pitch PID Output: 1000.000000
[ 30613][I][main.cpp:224] vTaskPitch(): [NaMa] Pitch PID Output: 1000.000000
[ 30623][I][main.cpp:224] vTaskPitch(): [NaMa] Pitch PID Output: 1000.000000
[ 30633][I][main.cpp:224] vTaskPitch(): [NaMa] Pitch PID Output: 1000.000000
[ 30643][I][main.cpp:224] vTaskPitch(): [NaMa] Pitch PID Output: 1000.000000
[ 30653][I][main.cpp:224] vTaskPitch(): [NaMa] Pitch PID Output: 1000.000000
[ 30663][I][main.cpp:224] vTaskPitch(): [NaMa] Pitch PID Output: 1000.000000
[ 30673][I][main.cpp:224] vTaskPitch(): [NaMa] Pitch PID Output: 1000.000000
[ 30683][I][main.cpp:224] vTaskPitch(): [NaMa] Pitch PID Output: 1000.000000
[ 30693][I][main.cpp:224] vTaskPitch(): [NaMa] Pitch PID Output: 1000.000000
[ 30703][I][main.cpp:224] vTaskPitch(): [NaMa] Pitch PID Output: 1000.000000
[ 30713][I][main.cpp:224] vTaskPitch(): [NaMa] Pitch PID Output: 1000.000000
[ 30723][I][main.cpp:224] vTaskPitch(): [NaMa] Pitch PID Output: 1000.000000
[ 30733][I][main.cpp:224] vTaskPitch(): [NaMa] Pitch PID Output: 1000.000000
[ 30743][I][main.cpp:224] vTaskPitch(): [NaMa] Pitch PID Output: 1000.000000
[ 30753][I][main.cpp:224] vTaskPitch(): [NaMa] Pitch PID Output: 1000.000000
[ 30763][I][main.cpp:224] vTaskPitch(): [NaMa] Pitch PID Output: 1000.000000
[ 30773][I][main.cpp:224] vTaskPitch(): [NaMa] Pitch PID Output: 1000.000000
[ 30783][I][main.cpp:224] vTaskPitch(): [NaMa] Pitch PID Output: 1000.000000
[ 30793][I][main.cpp:224] vTaskPitch(): [NaMa] Pitch PID Output: 1000.000000
[ 30803][I][main.cpp:224] vTaskPitch(): [NaMa] Pitch PID Output: 1000.000000
[ 30813][I][main.cpp:224] vTaskPitch(): [NaMa] Pitch PID Output: 1000.000000
[ 30823][I][main.cpp:224] vTaskPitch(): [NaMa] Pitch PID Output: 1000.000000
[ 30833][I][main.cpp:224] vTaskPitch(): [NaMa] Pitch PID Output: 1000.000000
[ 30843][I][main.cpp:224] vTaskPitch(): [NaMa] Pitch PID Output: 1000.000000
[ 30853][I][main.cpp:224] vTaskPitch(): [NaMa] Pitch PID Output: 1000.000000
[ 30863][I][main.cpp:224] vTaskPitch(): [NaMa] Pitch PID Output: 1000.000000
[ 30873][I][main.cpp:224] vTaskPitch(): [NaMa] Pitch PID Output: 1000.000000
[ 30883][I][main.cpp:224] vTaskPitch(): [NaMa] Pitch PID Output: 1000.000000
[ 30893][I][main.cpp:224] vTaskPitch(): [NaMa] Pitch PID Output: 1000.000000
[ 30903][I][main.cpp:224] vTaskPitch(): [NaMa] Pitch PID Output: 1000.000000
[ 30913][I][main.cpp:224] vTaskPitch(): [NaMa] Pitch PID Output: 1000.000000
[ 30923][I][main.cpp:224] vTaskPitch(): [NaMa] Pitch PID Output: 1000.000000
[ 30933][I][main.cpp:224] vTaskPitch(): [NaMa] Pitch PID Output: 1000.000000
[ 30943][I][main.cpp:224] vTaskPitch(): [NaMa] Pitch PID Output: 1000.000000
[ 30953][I][main.cpp:224] vTaskPitch(): [NaMa] Pitch PID Output: 1000.000000
[ 30963][I][main.cpp:224] vTaskPitch(): [NaMa] Pitch PID Output: 1000.000000
[ 30973][I][main.cpp:224] vTaskPitch(): [NaMa] Pitch PID Output: 1000.000000
[ 30983][I][main.cpp:224] vTaskPitch(): [NaMa] Pitch PID Output: 1000.000000
[ 30993][I][main.cpp:224] vTaskPitch(): [NaMa] Pitch PID Output: 1000.000000
[ 31003][I][main.cpp:224] vTaskPitch(): [NaMa] Pitch PID Output: 1000.000000
[ 31013][I][main.cpp:224] vTaskPitch(): [NaMa] Pitch PID Output: 1000.000000
[ 31023][I][main.cpp:224] vTaskPitch(): [NaMa] Pitch PID Output: 1000.000000
[ 31033][I][main.cpp:224] vTaskPitch(): [NaMa] Pitch PID Output: 1000.000000
[ 31043][I][main.cpp:224] vTaskPitch(): [NaMa] Pitch PID Output: 1000.000000
[ 31053][I][main.cpp:224] vTaskPitch(): [NaMa] Pitch PID Output: 1000.000000
[ 31063][I][main.cpp:224] vTaskPitch(): [NaMa] Pitch PID Output: 1000.000000
[ 31073][I][main.cpp:224] vTaskPitch(): [NaMa] Pitch PID Output: 1000.000000
[ 31083][I][main.cpp:224] vTaskPitch(): [NaMa] Pitch PID Output: 1000.000000
[ 31093][I][main.cpp:224] vTaskPitch(): [NaMa] Pitch PID Output: 1000.000000
[ 31103][I][main.cpp:224] vTaskPitch(): [NaMa] Pitch PID Output: 1000.000000
[ 31113][I][main.cpp:224] vTaskPitch(): [NaMa] Pitch PID Output: 1000.000000
[ 31123][I][main.cpp:224] vTaskPitch(): [NaMa] Pitch PID Output: 1000.000000
[ 31133][I][main.cpp:224] vTaskPitch(): [NaMa] Pitch PID Output: 1000.000000
[ 31143][I][main.cpp:224] vTaskPitch(): [NaMa] Pitch PID Output: 1000.000000
[ 31153][I][main.cpp:224] vTaskPitch(): [NaMa] Pitch PID Output: 1000.000000
[ 31163][I][main.cpp:224] vTaskPitch(): [NaMa] Pitch PID Output: 1000.000000
[ 31173][I][main.cpp:224] vTaskPitch(): [NaMa] Pitch PID Output: 1000.000000
[ 31183][I][main.cpp:224] vTaskPitch(): [NaMa] Pitch PID Output: 1000.000000
[ 31193][I][main.cpp:224] vTaskPitch(): [NaMa] Pitch PID Output: 1000.000000
[ 31203][I][main.cpp:224] vTaskPitch(): [NaMa] Pitch PID Output: 1000.000000
[ 31213][I][main.cpp:224] vTaskPitch(): [NaMa] Pitch PID Output: 1000.000000
[ 31223][I][main.cpp:224] vTaskPitch(): [NaMa] Pitch PID Output: 1000.000000
[ 31233][I][main.cpp:224] vTaskPitch(): [NaMa] Pitch PID Output: 1000.000000
[ 31243][I][main.cpp:224] vTaskPitch(): [NaMa] Pitch PID Output: 1000.000000
[ 31253][I][main.cpp:224] vTaskPitch(): [NaMa] Pitch PID Output: 1000.000000
[ 31263][I][main.cpp:224] vTaskPitch(): [NaMa] Pitch PID Output: 1000.000000
[ 31273][I][main.cpp:224] vTaskPitch(): [NaMa] Pitch PID Output: 1000.000000
[ 31283][I][main.cpp:224] vTaskPitch(): [NaMa] Pitch PID Output: 1000.000000
[ 31293][I][main.cpp:224] vTaskPitch(): [NaMa] Pitch PID Output: 1000.000000
[ 31303][I][main.cpp:224] vTaskPitch(): [NaMa] Pitch PID Output: 1000.000000
[ 31313][I][main.cpp:224] vTaskPitch(): [NaMa] Pitch PID Output: 1000.000000
[ 31323][I][main.cpp:224] vTaskPitch(): [NaMa] Pitch PID Output: 1000.000000
[ 31333][I][main.cpp:224] vTaskPitch(): [NaMa] Pitch PID Output: 1000.000000
[ 31343][I][main.cpp:224] vTaskPitch(): [NaMa] Pitch PID Output: 1000.000000
[ 31353][I][main.cpp:224] vTaskPitch(): [NaMa] Pitch PID Output: 1000.000000
[ 31363][I][main.cpp:224] vTaskPitch(): [NaMa] Pitch PID Output: 1000.000000
[ 31373][I][main.cpp:224] vTaskPitch(): [NaMa] Pitch PID Output: 1000.000000
[ 31383][I][main.cpp:224] vTaskPitch(): [NaMa] Pitch PID Output: 1000.000000
[ 31393][I][main.cpp:224] vTaskPitch(): [NaMa] Pitch PID Output: 1000.000000
[ 31403][I][main.cpp:224] vTaskPitch(): [NaMa] Pitch PID Output: 1000.000000
[ 31413][I][main.cpp:224] vTaskPitch(): [NaMa] Pitch PID Output: 1000.000000
[ 31423][I][main.cpp:224] vTaskPitch(): [NaMa] Pitch PID Output: 1000.000000
[ 31433][I][main.cpp:224] vTaskPitch(): [NaMa] Pitch PID Output: 1000.000000
[ 31443][I][main.cpp:224] vTaskPitch(): [NaMa] Pitch PID Output: 1000.000000
[ 31453][I][main.cpp:224] vTaskPitch(): [NaMa] Pitch PID Output: 1000.000000
[ 31463][I][main.cpp:224] vTaskPitch(): [NaMa] Pitch PID Output: 1000.000000
[ 31473][I][main.cpp:224] vTaskPitch(): [NaMa] Pitch PID Output: 1000.000000
[ 31483][I][main.cpp:224] vTaskPitch(): [NaMa] Pitch PID Output: 1000.000000
[ 31493][I][main.cpp:224] vTaskPitch(): [NaMa] Pitch PID Output: 1000.000000
[ 31503][I][main.cpp:224] vTaskPitch(): [NaMa] Pitch PID Output: 1000.000000
[ 31513][I][main.cpp:224] vTaskPitch(): [NaMa] Pitch PID Output: 1000.000000
[ 31523][I][main.cpp:224] vTaskPitch(): [NaMa] Pitch PID Output: 1000.000000
[ 31533][I][main.cpp:224] vTaskPitch(): [NaMa] Pitch PID Output: 1000.000000
[ 31543][I][main.cpp:224] vTaskPitch(): [NaMa] Pitch PID Output: 1000.000000
[ 31553][I][main.cpp:224] vTaskPitch(): [NaMa] Pitch PID Output: 1000.000000
[ 31563][I][main.cpp:224] vTaskPitch(): [NaMa] Pitch PID Output: 1000.000000
[ 31573][I][main.cpp:224] vTaskPitch(): [NaMa] Pitch PID Output: 1000.000000
[ 31583][I][main.cpp:224] vTaskPitch(): [NaMa] Pitch PID Output: 1000.000000
[ 31593][I][main.cpp:224] vTaskPitch(): [NaMa] Pitch PID Output: 1000.000000
[ 31602][D][main.cpp:345] vTaskLogData(): [NaMa] Logging Data:
[ 31602][I][main.cpp:347] vTaskLogData(): [NaMa] Num tasks reported by FreeRTOS: 15
[ 31603][I][main.cpp:224] vTaskPitch(): [NaMa] Pitch PID Output: 1000.000000
[ 31604][I][main.cpp:367] vTaskLogData(): [NaMa] Task Run Time Stats:
Log            	26926		<1%
IDLE           	30264800		95%
Poll           	42821		<1%
loopTask       	46258		<1%
tiT            	4759		<1%
Cfg            	107		<1%
LED            	135		<1%
Ptch           	544061		1%
wifi           	620599		1%
esp_timer      	45082		<1%
[ 31613][I][main.cpp:224] vTaskPitch(): [NaMa] Pitch PID Output: 1000.000000
[ 31623][I][main.cpp:224] vTaskPitch(): [NaMa] Pitch PID Output: 1000.000000
[ 31633][I][main.cpp:224] vTaskPitch(): [NaMa] Pitch PID Output: 1000.000000
[ 31643][I][main.cpp:224] vTaskPitch(): [NaMa] Pitch PID Output: 1000.000000
[ 31653][I][main.cpp:224] vTaskPitch(): [NaMa] Pitch PID Output: 1000.000000
[ 31663][I][main.cpp:224] vTaskPitch(): [NaMa] Pitch PID Output: 1000.000000
[ 31673][I][main.cpp:224] vTaskPitch(): [NaMa] Pitch PID Output: 1000.000000
[ 31683][I][main.cpp:224] vTaskPitch(): [NaMa] Pitch PID Output: 1000.000000
[ 31693][I][main.cpp:224] vTaskPitch(): [NaMa] Pitch PID Output: 1000.000000
[ 31703][I][main.cpp:224] vTaskPitch(): [NaMa] Pitch PID Output: 1000.000000
[ 31713][I][main.cpp:224] vTaskPitch(): [NaMa] Pitch PID Output: 1000.000000
[ 31723][I][main.cpp:224] vTaskPitch(): [NaMa] Pitch PID Output: 1000.000000
[ 31733][I][main.cpp:224] vTaskPitch(): [NaMa] Pitch PID Output: 1000.000000
[ 31743][I][main.cpp:224] vTaskPitch(): [NaMa] Pitch PID Output: 1000.000000
[ 31753][I][main.cpp:224] vTaskPitch(): [NaMa] Pitch PID Output: 1000.000000
[ 31763][I][main.cpp:224] vTaskPitch(): [NaMa] Pitch PID Output: 1000.000000
[ 31773][I][main.cpp:224] vTaskPitch(): [NaMa] Pitch PID Output: 1000.000000
[ 31783][I][main.cpp:224] vTaskPitch(): [NaMa] Pitch PID Output: 1000.000000
[ 31793][I][main.cpp:224] vTaskPitch(): [NaMa] Pitch PID Output: 1000.000000
[ 31803][I][main.cpp:224] vTaskPitch(): [NaMa] Pitch PID Output: 1000.000000
[ 31813][I][main.cpp:224] vTaskPitch(): [NaMa] Pitch PID Output: 1000.000000
[ 31823][I][main.cpp:224] vTaskPitch(): [NaMa] Pitch PID Output: 1000.000000
[ 31833][I][main.cpp:224] vTaskPitch(): [NaMa] Pitch PID Output: 1000.000000
[ 31843][I][main.cpp:224] vTaskPitch(): [NaMa] Pitch PID Output: 1000.000000
[ 31853][I][main.cpp:224] vTaskPitch(): [NaMa] Pitch PID Output: 1000.000000
[ 31863][I][main.cpp:224] vTaskPitch(): [NaMa] Pitch PID Output: 1000.000000
[ 31873][I][main.cpp:224] vTaskPitch(): [NaMa] Pitch PID Output: 1000.000000
[ 31883][I][main.cpp:224] vTaskPitch(): [NaMa] Pitch PID Output: 1000.000000
[ 31893][I][main.cpp:224] vTaskPitch(): [NaMa] Pitch PID Output: 1000.000000
[ 31903][I][main.cpp:224] vTaskPitch(): [NaMa] Pitch PID Output: 1000.000000
[ 31913][I][main.cpp:224] vTaskPitch(): [NaMa] Pitch PID Output: 1000.000000
[ 31923][I][main.cpp:224] vTaskPitch(): [NaMa] Pitch PID Output: 1000.000000
[ 31933][I][main.cpp:224] vTaskPitch(): [NaMa] Pitch PID Output: 1000.000000
[ 31943][I][main.cpp:224] vTaskPitch(): [NaMa] Pitch PID Output: 1000.000000
[ 31953][I][main.cpp:224] vTaskPitch(): [NaMa] Pitch PID Output: 1000.000000
[ 31963][I][main.cpp:224] vTaskPitch(): [NaMa] Pitch PID Output: 1000.000000
[ 31973][I][main.cpp:224] vTaskPitch(): [NaMa] Pitch PID Output: 1000.000000
[ 31983][I][main.cpp:224] vTaskPitch(): [NaMa] Pitch PID Output: 1000.000000
[ 31993][I][main.cpp:224] vTaskPitch(): [NaMa] Pitch PID Output: 1000.000000
[ 32003][I][main.cpp:224] vTaskPitch(): [NaMa] Pitch PID Output: 1000.000000
[ 32013][I][main.cpp:224] vTaskPitch(): [NaMa] Pitch PID Output: 1000.000000
[ 32023][I][main.cpp:224] vTaskPitch(): [NaMa] Pitch PID Output: 1000.000000
[ 32033][I][main.cpp:224] vTaskPitch(): [NaMa] Pitch PID Output: 1000.000000
[ 32043][I][main.cpp:224] vTaskPitch(): [NaMa] Pitch PID Output: 1000.000000
[ 32053][I][main.cpp:224] vTaskPitch(): [NaMa] Pitch PID Output: 1000.000000
[ 32063][I][main.cpp:224] vTaskPitch(): [NaMa] Pitch PID Output: 1000.000000
[ 32073][I][main.cpp:224] vTaskPitch(): [NaMa] Pitch PID Output: 1000.000000
[ 32083][I][main.cpp:224] vTaskPitch(): [NaMa] Pitch PID Output: 1000.000000
[ 32093][I][main.cpp:224] vTaskPitch(): [NaMa] Pitch PID Output: 1000.000000
[ 32103][I][main.cpp:224] vTaskPitch(): [NaMa] Pitch PID Output: 1000.000000
[ 32113][I][main.cpp:224] vTaskPitch(): [NaMa] Pitch PID Output: 1000.000000
[ 32123][I][main.cpp:224] vTaskPitch(): [NaMa] Pitch PID Output: 1000.000000
[ 32133][I][main.cpp:224] vTaskPitch(): [NaMa] Pitch PID Output: 1000.000000
[ 32143][I][main.cpp:224] vTaskPitch(): [NaMa] Pitch PID Output: 1000.000000
[ 32153][I][main.cpp:224] vTaskPitch(): [NaMa] Pitch PID Output: 1000.000000
[ 32163][I][main.cpp:224] vTaskPitch(): [NaMa] Pitch PID Output: 1000.000000
[ 32173][I][main.cpp:224] vTaskPitch(): [NaMa] Pitch PID Output: 1000.000000
[ 32183][I][main.cpp:224] vTaskPitch(): [NaMa] Pitch PID Output: 1000.000000
[ 32193][I][main.cpp:224] vTaskPitch(): [NaMa] Pitch PID Output: 1000.000000
[ 32203][I][main.cpp:224] vTaskPitch(): [NaMa] Pitch PID Output: 1000.000000
[ 32213][I][main.cpp:224] vTaskPitch(): [NaMa] Pitch PID Output: 1000.000000
[ 32223][I][main.cpp:224] vTaskPitch(): [NaMa] Pitch PID Output: 1000.000000
[ 32233][I][main.cpp:224] vTaskPitch(): [NaMa] Pitch PID Output: 1000.000000
[ 32243][I][main.cpp:224] vTaskPitch(): [NaMa] Pitch PID Output: 1000.000000
[ 32253][I][main.cpp:224] vTaskPitch(): [NaMa] Pitch PID Output: 1000.000000
[ 32263][I][main.cpp:224] vTaskPitch(): [NaMa] Pitch PID Output: 1000.000000
[ 32273][I][main.cpp:224] vTaskPitch(): [NaMa] Pitch PID Output: 1000.000000
[ 32283][I][main.cpp:224] vTaskPitch(): [NaMa] Pitch PID Output: 1000.000000
[ 32293][I][main.cpp:224] vTaskPitch(): [NaMa] Pitch PID Output: 1000.000000
[ 32303][I][main.cpp:224] vTaskPitch(): [NaMa] Pitch PID Output: 1000.000000
[ 32313][I][main.cpp:224] vTaskPitch(): [NaMa] Pitch PID Output: 1000.000000
[ 32323][I][main.cpp:224] vTaskPitch(): [NaMa] Pitch PID Output: 1000.000000
[ 32333][I][main.cpp:224] vTaskPitch(): [NaMa] Pitch PID Output: 1000.000000
[ 32343][I][main.cpp:224] vTaskPitch(): [NaMa] Pitch PID Output: 1000.000000
[ 32353][I][main.cpp:224] vTaskPitch(): [NaMa] Pitch PID Output: 1000.000000
[ 32363][I][main.cpp:224] vTaskPitch(): [NaMa] Pitch PID Output: 1000.000000
[ 32373][I][main.cpp:224] vTaskPitch(): [NaMa] Pitch PID Output: 1000.000000
[ 32383][I][main.cpp:224] vTaskPitch(): [NaMa] Pitch PID Output: 1000.000000
[ 32393][I][main.cpp:224] vTaskPitch(): [NaMa] Pitch PID Output: 1000.000000
[ 32403][I][main.cpp:224] vTaskPitch(): [NaMa] Pitch PID Output: 1000.000000
[ 32413][I][main.cpp:224] vTaskPitch(): [NaMa] Pitch PID Output: 1000.000000
[ 32423][I][main.cpp:224] vTaskPitch(): [NaMa] Pitch PID Output: 1000.000000
[ 32433][I][main.cpp:224] vTaskPitch(): [NaMa] Pitch PID Output: 1000.000000
[ 32443][I][main.cpp:224] vTaskPitch(): [NaMa] Pitch PID Output: 1000.000000
[ 32453][I][main.cpp:224] vTaskPitch(): [NaMa] Pitch PID Output: 1000.000000
[ 32463][I][main.cpp:224] vTaskPitch(): [NaMa] Pitch PID Output: 1000.000000
[ 32473][I][main.cpp:224] vTaskPitch(): [NaMa] Pitch PID Output: 1000.000000
[ 32483][I][main.cpp:224] vTaskPitch(): [NaMa] Pitch PID Output: 1000.000000
[ 32493][I][main.cpp:224] vTaskPitch(): [NaMa] Pitch PID Output: 1000.000000
[ 32503][I][main.cpp:224] vTaskPitch(): [NaMa] Pitch PID Output: 1000.000000
[ 32513][I][main.cpp:224] vTaskPitch(): [NaMa] Pitch PID Output: 1000.000000
[ 32523][I][main.cpp:224] vTaskPitch(): [NaMa] Pitch PID Output: 1000.000000
[ 32533][I][main.cpp:224] vTaskPitch(): [NaMa] Pitch PID Output: 1000.000000
[ 32543][I][main.cpp:224] vTaskPitch(): [NaMa] Pitch PID Output: 1000.000000
[ 32553][I][main.cpp:224] vTaskPitch(): [NaMa] Pitch PID Output: 1000.000000
[ 32563][I][main.cpp:224] vTaskPitch(): [NaMa] Pitch PID Output: 1000.000000
[ 32573][I][main.cpp:224] vTaskPitch(): [NaMa] Pitch PID Output: 1000.000000
[ 32583][I][main.cpp:224] vTaskPitch(): [NaMa] Pitch PID Output: 1000.000000
[ 32593][I][main.cpp:224] vTaskPitch(): [NaMa] Pitch PID Output: 1000.000000
[ 32603][I][main.cpp:224] vTaskPitch(): [NaMa] Pitch PID Output: 1000.000000
[ 32605][I][main.cpp:373] vTaskLogData(): [NaMa] T: Poll, U: 276, F: 1772
[ 32605][I][main.cpp:373] vTaskLogData(): [NaMa] T: Ptch, U: 2188, F: 1908
[ 32605][I][main.cpp:373] vTaskLogData(): [NaMa] T: Recv, U: 204, F: 1844
[ 32605][I][main.cpp:373] vTaskLogData(): [NaMa] T: Send, U: 204, F: 1844
[ 32606][I][main.cpp:373] vTaskLogData(): [NaMa] T: Cfg, U: 232, F: 280
[ 32606][I][main.cpp:373] vTaskLogData(): [NaMa] T: LED, U: 216, F: 40
[ 32606][I][main.cpp:373] vTaskLogData(): [NaMa] T: Log, U: 2340, F: 1756
[ 32613][I][main.cpp:224] vTaskPitch(): [NaMa] Pitch PID Output: 1000.000000
[ 32623][I][main.cpp:224] vTaskPitch(): [NaMa] Pitch PID Output: 1000.000000
[ 32633][I][main.cpp:224] vTaskPitch(): [NaMa] Pitch PID Output: 1000.000000
[ 32643][I][main.cpp:224] vTaskPitch(): [NaMa] Pitch PID Output: 1000.000000
[ 32653][I][main.cpp:224] vTaskPitch(): [NaMa] Pitch PID Output: 1000.000000
[ 32663][I][main.cpp:224] vTaskPitch(): [NaMa] Pitch PID Output: 1000.000000
[ 32673][I][main.cpp:224] vTaskPitch(): [NaMa] Pitch PID Output: 1000.000000
[ 32683][I][main.cpp:224] vTaskPitch(): [NaMa] Pitch PID Output: 1000.000000
[ 32693][I][main.cpp:224] vTaskPitch(): [NaMa] Pitch PID Output: 1000.000000
[ 32703][I][main.cpp:224] vTaskPitch(): [NaMa] Pitch PID Output: 1000.000000
[ 32713][I][main.cpp:224] vTaskPitch(): [NaMa] Pitch PID Output: 1000.000000
[ 32723][I][main.cpp:224] vTaskPitch(): [NaMa] Pitch PID Output: 1000.000000
[ 32733][I][main.cpp:224] vTaskPitch(): [NaMa] Pitch PID Output: 1000.000000
[ 32743][I][main.cpp:224] vTaskPitch(): [NaMa] Pitch PID Output: 1000.000000
[ 32753][I][main.cpp:224] vTaskPitch(): [NaMa] Pitch PID Output: 1000.000000
[ 32763][I][main.cpp:224] vTaskPitch(): [NaMa] Pitch PID Output: 1000.000000
[ 32773][I][main.cpp:224] vTaskPitch(): [NaMa] Pitch PID Output: 1000.000000
[ 32783][I][main.cpp:224] vTaskPitch(): [NaMa] Pitch PID Output: 1000.000000
[ 32793][I][main.cpp:224] vTaskPitch(): [NaMa] Pitch PID Output: 1000.000000
[ 32803][I][main.cpp:224] vTaskPitch(): [NaMa] Pitch PID Output: 1000.000000
[ 32813][I][main.cpp:224] vTaskPitch(): [NaMa] Pitch PID Output: 1000.000000
[ 32823][I][main.cpp:224] vTaskPitch(): [NaMa] Pitch PID Output: 1000.000000
[ 32833][I][main.cpp:224] vTaskPitch(): [NaMa] Pitch PID Output: 1000.000000
[ 32843][I][main.cpp:224] vTaskPitch(): [NaMa] Pitch PID Output: 1000.000000
[ 32853][I][main.cpp:224] vTaskPitch(): [NaMa] Pitch PID Output: 1000.000000
[ 32863][I][main.cpp:224] vTaskPitch(): [NaMa] Pitch PID Output: 1000.000000
[ 32873][I][main.cpp:224] vTaskPitch(): [NaMa] Pitch PID Output: 1000.000000
[ 32883][I][main.cpp:224] vTaskPitch(): [NaMa] Pitch PID Output: 1000.000000
[ 32893][I][main.cpp:224] vTaskPitch(): [NaMa] Pitch PID Output: 1000.000000
[ 32903][I][main.cpp:224] vTaskPitch(): [NaMa] Pitch PID Output: 1000.000000
[ 32913][I][main.cpp:224] vTaskPitch(): [NaMa] Pitch PID Output: 1000.000000
[ 32923][I][main.cpp:224] vTaskPitch(): [NaMa] Pitch PID Output: 1000.000000
[ 32933][I][main.cpp:224] vTaskPitch(): [NaMa] Pitch PID Output: 1000.000000
[ 32943][I][main.cpp:224] vTaskPitch(): [NaMa] Pitch PID Output: 1000.000000
[ 32953][I][main.cpp:224] vTaskPitch(): [NaMa] Pitch PID Output: 1000.000000
[ 32963][I][main.cpp:224] vTaskPitch(): [NaMa] Pitch PID Output: 1000.000000
[ 32973][I][main.cpp:224] vTaskPitch(): [NaMa] Pitch PID Output: 1000.000000
[ 32983][I][main.cpp:224] vTaskPitch(): [NaMa] Pitch PID Output: 1000.000000
[ 32993][I][main.cpp:224] vTaskPitch(): [NaMa] Pitch PID Output: 1000.000000
[ 33003][I][main.cpp:224] vTaskPitch(): [NaMa] Pitch PID Output: 1000.000000
[ 33013][I][main.cpp:224] vTaskPitch(): [NaMa] Pitch PID Output: 1000.000000
[ 33023][I][main.cpp:224] vTaskPitch(): [NaMa] Pitch PID Output: 1000.000000
[ 33033][I][main.cpp:224] vTaskPitch(): [NaMa] Pitch PID Output: 1000.000000
[ 33043][I][main.cpp:224] vTaskPitch(): [NaMa] Pitch PID Output: 1000.000000
[ 33053][I][main.cpp:224] vTaskPitch(): [NaMa] Pitch PID Output: 1000.000000
[ 33063][I][main.cpp:224] vTaskPitch(): [NaMa] Pitch PID Output: 1000.000000
[ 33073][I][main.cpp:224] vTaskPitch(): [NaMa] Pitch PID Output: 1000.000000
[ 33083][I][main.cpp:224] vTaskPitch(): [NaMa] Pitch PID Output: 1000.000000
[ 33093][I][main.cpp:224] vTaskPitch(): [NaMa] Pitch PID Output: 1000.000000
[ 33103][I][main.cpp:224] vTaskPitch(): [NaMa] Pitch PID Output: 1000.000000
[ 33113][I][main.cpp:224] vTaskPitch(): [NaMa] Pitch PID Output: 1000.000000
[ 33123][I][main.cpp:224] vTaskPitch(): [NaMa] Pitch PID Output: 1000.000000
[ 33133][I][main.cpp:224] vTaskPitch(): [NaMa] Pitch PID Output: 1000.000000
[ 33143][I][main.cpp:224] vTaskPitch(): [NaMa] Pitch PID Output: 1000.000000
[ 33153][I][main.cpp:224] vTaskPitch(): [NaMa] Pitch PID Output: 1000.000000
[ 33163][I][main.cpp:224] vTaskPitch(): [NaMa] Pitch PID Output: 1000.000000
[ 33173][I][main.cpp:224] vTaskPitch(): [NaMa] Pitch PID Output: 1000.000000
[ 33183][I][main.cpp:224] vTaskPitch(): [NaMa] Pitch PID Output: 1000.000000
[ 33193][I][main.cpp:224] vTaskPitch(): [NaMa] Pitch PID Output: 1000.000000
[ 33203][I][main.cpp:224] vTaskPitch(): [NaMa] Pitch PID Output: 1000.000000
[ 33213][I][main.cpp:224] vTaskPitch(): [NaMa] Pitch PID Output: 1000.000000
[ 33223][I][main.cpp:224] vTaskPitch(): [NaMa] Pitch PID Output: 1000.000000
[ 33233][I][main.cpp:224] vTaskPitch(): [NaMa] Pitch PID Output: 1000.000000
[ 33243][I][main.cpp:224] vTaskPitch(): [NaMa] Pitch PID Output: 1000.000000
[ 33253][I][main.cpp:224] vTaskPitch(): [NaMa] Pitch PID Output: 1000.000000
[ 33263][I][main.cpp:224] vTaskPitch(): [NaMa] Pitch PID Output: 1000.000000
[ 33273][I][main.cpp:224] vTaskPitch(): [NaMa] Pitch PID Output: 1000.000000
[ 33283][I][main.cpp:224] vTaskPitch(): [NaMa] Pitch PID Output: 1000.000000
[ 33293][I][main.cpp:224] vTaskPitch(): [NaMa] Pitch PID Output: 1000.000000
[ 33303][I][main.cpp:224] vTaskPitch(): [NaMa] Pitch PID Output: 1000.000000
[ 33313][I][main.cpp:224] vTaskPitch(): [NaMa] Pitch PID Output: 1000.000000
[ 33323][I][main.cpp:224] vTaskPitch(): [NaMa] Pitch PID Output: 1000.000000
[ 33333][I][main.cpp:224] vTaskPitch(): [NaMa] Pitch PID Output: 1000.000000
[ 33343][I][main.cpp:224] vTaskPitch(): [NaMa] Pitch PID Output: 1000.000000
[ 33353][I][main.cpp:224] vTaskPitch(): [NaMa] Pitch PID Output: 1000.000000
[ 33363][I][main.cpp:224] vTaskPitch(): [NaMa] Pitch PID Output: 1000.000000
[ 33373][I][main.cpp:224] vTaskPitch(): [NaMa] Pitch PID Output: 1000.000000
[ 33383][I][main.cpp:224] vTaskPitch(): [NaMa] Pitch PID Output: 1000.000000
[ 33393][I][main.cpp:224] vTaskPitch(): [NaMa] Pitch PID Output: 1000.000000
[ 33403][I][main.cpp:224] vTaskPitch(): [NaMa] Pitch PID Output: 1000.000000
[ 33413][I][main.cpp:224] vTaskPitch(): [NaMa] Pitch PID Output: 1000.000000
[ 33423][I][main.cpp:224] vTaskPitch(): [NaMa] Pitch PID Output: 1000.000000
[ 33433][I][main.cpp:224] vTaskPitch(): [NaMa] Pitch PID Output: 1000.000000
[ 33443][I][main.cpp:224] vTaskPitch(): [NaMa] Pitch PID Output: 1000.000000
[ 33453][I][main.cpp:224] vTaskPitch(): [NaMa] Pitch PID Output: 1000.000000
[ 33463][I][main.cpp:224] vTaskPitch(): [NaMa] Pitch PID Output: 1000.000000
[ 33473][I][main.cpp:224] vTaskPitch(): [NaMa] Pitch PID Output: 1000.000000
[ 33483][I][main.cpp:224] vTaskPitch(): [NaMa] Pitch PID Output: 1000.000000
[ 33493][I][main.cpp:224] vTaskPitch(): [NaMa] Pitch PID Output: 1000.000000
[ 33503][I][main.cpp:224] vTaskPitch(): [NaMa] Pitch PID Output: 1000.000000
[ 33513][I][main.cpp:224] vTaskPitch(): [NaMa] Pitch PID Output: 1000.000000
[ 33523][I][main.cpp:224] vTaskPitch(): [NaMa] Pitch PID Output: 1000.000000
[ 33533][I][main.cpp:224] vTaskPitch(): [NaMa] Pitch PID Output: 1000.000000
[ 33543][I][main.cpp:224] vTaskPitch(): [NaMa] Pitch PID Output: 1000.000000
[ 33553][I][main.cpp:224] vTaskPitch(): [NaMa] Pitch PID Output: 1000.000000
[ 33563][I][main.cpp:224] vTaskPitch(): [NaMa] Pitch PID Output: 1000.000000
[ 33573][I][main.cpp:224] vTaskPitch(): [NaMa] Pitch PID Output: 1000.000000
[ 33583][I][main.cpp:224] vTaskPitch(): [NaMa] Pitch PID Output: 1000.000000
[ 33593][I][main.cpp:224] vTaskPitch(): [NaMa] Pitch PID Output: 1000.000000
[ 33603][I][main.cpp:224] vTaskPitch(): [NaMa] Pitch PID Output: 1000.000000
[ 33606][I][main.cpp:380] vTaskLogData(): [NaMa] Minimum free heap: 142280 bytes
[ 33613][I][main.cpp:224] vTaskPitch(): [NaMa] Pitch PID Output: 1000.000000
[ 33623][I][main.cpp:224] vTaskPitch(): [NaMa] Pitch PID Output: 1000.000000
[ 33633][I][main.cpp:224] vTaskPitch(): [NaMa] Pitch PID Output: 1000.000000
[ 33643][I][main.cpp:224] vTaskPitch(): [NaMa] Pitch PID Output: 1000.000000
[ 33653][I][main.cpp:224] vTaskPitch(): [NaMa] Pitch PID Output: 1000.000000
[ 33663][I][main.cpp:224] vTaskPitch(): [NaMa] Pitch PID Output: 1000.000000
[ 33673][I][main.cpp:224] vTaskPitch(): [NaMa] Pitch PID Output: 1000.000000
[ 33683][I][main.cpp:224] vTaskPitch(): [NaMa] Pitch PID Output: 1000.000000
[ 33693][I][main.cpp:224] vTaskPitch(): [NaMa] Pitch PID Output: 1000.000000
[ 33703][I][main.cpp:224] vTaskPitch(): [NaMa] Pitch PID Output: 1000.000000
[ 33713][I][main.cpp:224] vTaskPitch(): [NaMa] Pitch PID Output: 1000.000000
[ 33723][I][main.cpp:224] vTaskPitch(): [NaMa] Pitch PID Output: 1000.000000
[ 33733][I][main.cpp:224] vTaskPitch(): [NaMa] Pitch PID Output: 1000.000000
[ 33743][I][main.cpp:224] vTaskPitch(): [NaMa] Pitch PID Output: 1000.000000
[ 33753][I][main.cpp:224] vTaskPitch(): [NaMa] Pitch PID Output: 1000.000000
[ 33763][I][main.cpp:224] vTaskPitch(): [NaMa] Pitch PID Output: 1000.000000
[ 33773][I][main.cpp:224] vTaskPitch(): [NaMa] Pitch PID Output: 1000.000000
[ 33783][I][main.cpp:224] vTaskPitch(): [NaMa] Pitch PID Output: 1000.000000
[ 33793][I][main.cpp:224] vTaskPitch(): [NaMa] Pitch PID Output: 1000.000000
[ 33803][I][main.cpp:224] vTaskPitch(): [NaMa] Pitch PID Output: 1000.000000
[ 33813][I][main.cpp:224] vTaskPitch(): [NaMa] Pitch PID Output: 1000.000000
[ 33823][I][main.cpp:224] vTaskPitch(): [NaMa] Pitch PID Output: 1000.000000
[ 33833][I][main.cpp:224] vTaskPitch(): [NaMa] Pitch PID Output: 1000.000000
[ 33843][I][main.cpp:224] vTaskPitch(): [NaMa] Pitch PID Output: 1000.000000
[ 33853][I][main.cpp:224] vTaskPitch(): [NaMa] Pitch PID Output: 1000.000000
[ 33863][I][main.cpp:224] vTaskPitch(): [NaMa] Pitch PID Output: 1000.000000
[ 33873][I][main.cpp:224] vTaskPitch(): [NaMa] Pitch PID Output: 1000.000000
[ 33883][I][main.cpp:224] vTaskPitch(): [NaMa] Pitch PID Output: 1000.000000
[ 33893][I][main.cpp:224] vTaskPitch(): [NaMa] Pitch PID Output: 1000.000000
[ 33903][I][main.cpp:224] vTaskPitch(): [NaMa] Pitch PID Output: 1000.000000
[ 33913][I][main.cpp:224] vTaskPitch(): [NaMa] Pitch PID Output: 1000.000000
[ 33923][I][main.cpp:224] vTaskPitch(): [NaMa] Pitch PID Output: 1000.000000
[ 33933][I][main.cpp:224] vTaskPitch(): [NaMa] Pitch PID Output: 1000.000000
[ 33943][I][main.cpp:224] vTaskPitch(): [NaMa] Pitch PID Output: 1000.000000
[ 33953][I][main.cpp:224] vTaskPitch(): [NaMa] Pitch PID Output: 1000.000000
[ 33963][I][main.cpp:224] vTaskPitch(): [NaMa] Pitch PID Output: 1000.000000
[ 33973][I][main.cpp:224] vTaskPitch(): [NaMa] Pitch PID Output: 1000.000000
[ 33983][I][main.cpp:224] vTaskPitch(): [NaMa] Pitch PID Output: 1000.000000
[ 33993][I][main.cpp:224] vTaskPitch(): [NaMa] Pitch PID Output: 1000.000000
[ 34003][I][main.cpp:224] vTaskPitch(): [NaMa] Pitch PID Output: 1000.000000
[ 34013][I][main.cpp:224] vTaskPitch(): [NaMa] Pitch PID Output: 1000.000000
[ 34023][I][main.cpp:224] vTaskPitch(): [NaMa] Pitch PID Output: 1000.000000
[ 34033][I][main.cpp:224] vTaskPitch(): [NaMa] Pitch PID Output: 1000.000000
[ 34043][I][main.cpp:224] vTaskPitch(): [NaMa] Pitch PID Output: 1000.000000
[ 34053][I][main.cpp:224] vTaskPitch(): [NaMa] Pitch PID Output: 1000.000000
[ 34063][I][main.cpp:224] vTaskPitch(): [NaMa] Pitch PID Output: 1000.000000
[ 34073][I][main.cpp:224] vTaskPitch(): [NaMa] Pitch PID Output: 1000.000000
[ 34083][I][main.cpp:224] vTaskPitch(): [NaMa] Pitch PID Output: 1000.000000
[ 34093][I][main.cpp:224] vTaskPitch(): [NaMa] Pitch PID Output: 1000.000000
[ 34103][I][main.cpp:224] vTaskPitch(): [NaMa] Pitch PID Output: 1000.000000
[ 34113][I][main.cpp:224] vTaskPitch(): [NaMa] Pitch PID Output: 1000.000000
[ 34123][I][main.cpp:224] vTaskPitch(): [NaMa] Pitch PID Output: 1000.000000
[ 34133][I][main.cpp:224] vTaskPitch(): [NaMa] Pitch PID Output: 1000.000000
[ 34143][I][main.cpp:224] vTaskPitch(): [NaMa] Pitch PID Output: 1000.000000
[ 34153][I][main.cpp:224] vTaskPitch(): [NaMa] Pitch PID Output: 1000.000000
[ 34163][I][main.cpp:224] vTaskPitch(): [NaMa] Pitch PID Output: 1000.000000
[ 34173][I][main.cpp:224] vTaskPitch(): [NaMa] Pitch PID Output: 1000.000000
[ 34183][I][main.cpp:224] vTaskPitch(): [NaMa] Pitch PID Output: 1000.000000
[ 34193][I][main.cpp:224] vTaskPitch(): [NaMa] Pitch PID Output: 1000.000000
[ 34203][I][main.cpp:224] vTaskPitch(): [NaMa] Pitch PID Output: 1000.000000
[ 34213][I][main.cpp:224] vTaskPitch(): [NaMa] Pitch PID Output: 1000.000000
[ 34223][I][main.cpp:224] vTaskPitch(): [NaMa] Pitch PID Output: 1000.000000
[ 34233][I][main.cpp:224] vTaskPitch(): [NaMa] Pitch PID Output: 1000.000000
[ 34243][I][main.cpp:224] vTaskPitch(): [NaMa] Pitch PID Output: 1000.000000
[ 34253][I][main.cpp:224] vTaskPitch(): [NaMa] Pitch PID Output: 1000.000000
[ 34263][I][main.cpp:224] vTaskPitch(): [NaMa] Pitch PID Output: 1000.000000
[ 34273][I][main.cpp:224] vTaskPitch(): [NaMa] Pitch PID Output: 1000.000000
[ 34283][I][main.cpp:224] vTaskPitch(): [NaMa] Pitch PID Output: 1000.000000
[ 34293][I][main.cpp:224] vTaskPitch(): [NaMa] Pitch PID Output: 1000.000000
[ 34303][I][main.cpp:224] vTaskPitch(): [NaMa] Pitch PID Output: 1000.000000
[ 34313][I][main.cpp:224] vTaskPitch(): [NaMa] Pitch PID Output: 1000.000000
[ 34323][I][main.cpp:224] vTaskPitch(): [NaMa] Pitch PID Output: 1000.000000
[ 34333][I][main.cpp:224] vTaskPitch(): [NaMa] Pitch PID Output: 1000.000000
[ 34343][I][main.cpp:224] vTaskPitch(): [NaMa] Pitch PID Output: 1000.000000
[ 34353][I][main.cpp:224] vTaskPitch(): [NaMa] Pitch PID Output: 1000.000000
[ 34363][I][main.cpp:224] vTaskPitch(): [NaMa] Pitch PID Output: 1000.000000
[ 34373][I][main.cpp:224] vTaskPitch(): [NaMa] Pitch PID Output: 1000.000000
[ 34383][I][main.cpp:224] vTaskPitch(): [NaMa] Pitch PID Output: 1000.000000
[ 34393][I][main.cpp:224] vTaskPitch(): [NaMa] Pitch PID Output: 1000.000000
[ 34403][I][main.cpp:224] vTaskPitch(): [NaMa] Pitch PID Output: 1000.000000
[ 34413][I][main.cpp:224] vTaskPitch(): [NaMa] Pitch PID Output: 1000.000000
[ 34423][I][main.cpp:224] vTaskPitch(): [NaMa] Pitch PID Output: 1000.000000
[ 34433][I][main.cpp:224] vTaskPitch(): [NaMa] Pitch PID Output: 1000.000000
[ 34443][I][main.cpp:224] vTaskPitch(): [NaMa] Pitch PID Output: 1000.000000
[ 34453][I][main.cpp:224] vTaskPitch(): [NaMa] Pitch PID Output: 1000.000000
[ 34463][I][main.cpp:224] vTaskPitch(): [NaMa] Pitch PID Output: 1000.000000
[ 34473][I][main.cpp:224] vTaskPitch(): [NaMa] Pitch PID Output: 1000.000000
[ 34483][I][main.cpp:224] vTaskPitch(): [NaMa] Pitch PID Output: 1000.000000
[ 34493][I][main.cpp:224] vTaskPitch(): [NaMa] Pitch PID Output: 1000.000000
[ 34503][I][main.cpp:224] vTaskPitch(): [NaMa] Pitch PID Output: 1000.000000
[ 34513][I][main.cpp:224] vTaskPitch(): [NaMa] Pitch PID Output: 1000.000000
[ 34523][I][main.cpp:224] vTaskPitch(): [NaMa] Pitch PID Output: 1000.000000
[ 34533][I][main.cpp:224] vTaskPitch(): [NaMa] Pitch PID Output: 1000.000000
[ 34543][I][main.cpp:224] vTaskPitch(): [NaMa] Pitch PID Output: 1000.000000
[ 34553][I][main.cpp:224] vTaskPitch(): [NaMa] Pitch PID Output: 1000.000000
[ 34563][I][main.cpp:224] vTaskPitch(): [NaMa] Pitch PID Output: 1000.000000
[ 34573][I][main.cpp:224] vTaskPitch(): [NaMa] Pitch PID Output: 1000.000000
[ 34583][I][main.cpp:224] vTaskPitch(): [NaMa] Pitch PID Output: 1000.000000
[ 34593][I][main.cpp:224] vTaskPitch(): [NaMa] Pitch PID Output: 1000.000000
[ 34603][I][main.cpp:224] vTaskPitch(): [NaMa] Pitch PID Output: 1000.000000
[ 34606][I][main.cpp:396] vTaskLogData(): [NaMa] Temperature: 29 dC
[ 34613][I][main.cpp:224] vTaskPitch(): [NaMa] Pitch PID Output: 1000.000000
[ 34623][I][main.cpp:224] vTaskPitch(): [NaMa] Pitch PID Output: 1000.000000
[ 34633][I][main.cpp:224] vTaskPitch(): [NaMa] Pitch PID Output: 1000.000000
[ 34643][I][main.cpp:224] vTaskPitch(): [NaMa] Pitch PID Output: 1000.000000
[ 34653][I][main.cpp:224] vTaskPitch(): [NaMa] Pitch PID Output: 1000.000000
[ 34663][I][main.cpp:224] vTaskPitch(): [NaMa] Pitch PID Output: 1000.000000
[ 34673][I][main.cpp:224] vTaskPitch(): [NaMa] Pitch PID Output: 1000.000000
[ 34683][I][main.cpp:224] vTaskPitch(): [NaMa] Pitch PID Output: 1000.000000
[ 34693][I][main.cpp:224] vTaskPitch(): [NaMa] Pitch PID Output: 1000.000000
[ 34703][I][main.cpp:224] vTaskPitch(): [NaMa] Pitch PID Output: 1000.000000
[ 34713][I][main.cpp:224] vTaskPitch(): [NaMa] Pitch PID Output: 1000.000000
[ 34723][I][main.cpp:224] vTaskPitch(): [NaMa] Pitch PID Output: 1000.000000
[ 34733][I][main.cpp:224] vTaskPitch(): [NaMa] Pitch PID Output: 1000.000000
[ 34743][I][main.cpp:224] vTaskPitch(): [NaMa] Pitch PID Output: 1000.000000
[ 34753][I][main.cpp:224] vTaskPitch(): [NaMa] Pitch PID Output: 1000.000000
[ 34763][I][main.cpp:224] vTaskPitch(): [NaMa] Pitch PID Output: 1000.000000
[ 34773][I][main.cpp:224] vTaskPitch(): [NaMa] Pitch PID Output: 1000.000000
[ 34783][I][main.cpp:224] vTaskPitch(): [NaMa] Pitch PID Output: 1000.000000
[ 34793][I][main.cpp:224] vTaskPitch(): [NaMa] Pitch PID Output: 1000.000000
[ 34803][I][main.cpp:224] vTaskPitch(): [NaMa] Pitch PID Output: 1000.000000
[ 34813][I][main.cpp:224] vTaskPitch(): [NaMa] Pitch PID Output: 1000.000000
[ 34823][I][main.cpp:224] vTaskPitch(): [NaMa] Pitch PID Output: 1000.000000
[ 34833][I][main.cpp:224] vTaskPitch(): [NaMa] Pitch PID Output: 1000.000000
[ 34843][I][main.cpp:224] vTaskPitch(): [NaMa] Pitch PID Output: 1000.000000
[ 34853][I][main.cpp:224] vTaskPitch(): [NaMa] Pitch PID Output: 1000.000000
[ 34863][I][main.cpp:224] vTaskPitch(): [NaMa] Pitch PID Output: 1000.000000
[ 34873][I][main.cpp:224] vTaskPitch(): [NaMa] Pitch PID Output: 1000.000000
[ 34883][I][main.cpp:224] vTaskPitch(): [NaMa] Pitch PID Output: 1000.000000
[ 34893][I][main.cpp:224] vTaskPitch(): [NaMa] Pitch PID Output: 1000.000000
[ 34903][I][main.cpp:224] vTaskPitch(): [NaMa] Pitch PID Output: 1000.000000
[ 34913][I][main.cpp:224] vTaskPitch(): [NaMa] Pitch PID Output: 1000.000000
[ 34923][I][main.cpp:224] vTaskPitch(): [NaMa] Pitch PID Output: 1000.000000
[ 34933][I][main.cpp:224] vTaskPitch(): [NaMa] Pitch PID Output: 1000.000000
[ 34943][I][main.cpp:224] vTaskPitch(): [NaMa] Pitch PID Output: 1000.000000
[ 34953][I][main.cpp:224] vTaskPitch(): [NaMa] Pitch PID Output: 1000.000000
[ 34963][I][main.cpp:224] vTaskPitch(): [NaMa] Pitch PID Output: 1000.000000
[ 34973][I][main.cpp:224] vTaskPitch(): [NaMa] Pitch PID Output: 1000.000000
[ 34983][I][main.cpp:224] vTaskPitch(): [NaMa] Pitch PID Output: 1000.000000
[ 34993][I][main.cpp:224] vTaskPitch(): [NaMa] Pitch PID Output: 1000.000000
[ 35003][I][main.cpp:224] vTaskPitch(): [NaMa] Pitch PID Output: 1000.000000
[ 35013][I][main.cpp:224] vTaskPitch(): [NaMa] Pitch PID Output: 1000.000000
[ 35023][I][main.cpp:224] vTaskPitch(): [NaMa] Pitch PID Output: 1000.000000
[ 35033][I][main.cpp:224] vTaskPitch(): [NaMa] Pitch PID Output: 1000.000000
[ 35043][I][main.cpp:224] vTaskPitch(): [NaMa] Pitch PID Output: 1000.000000
[ 35053][I][main.cpp:224] vTaskPitch(): [NaMa] Pitch PID Output: 1000.000000
[ 35063][I][main.cpp:224] vTaskPitch(): [NaMa] Pitch PID Output: 1000.000000
[ 35073][I][main.cpp:224] vTaskPitch(): [NaMa] Pitch PID Output: 1000.000000
[ 35083][I][main.cpp:224] vTaskPitch(): [NaMa] Pitch PID Output: 1000.000000
[ 35093][I][main.cpp:224] vTaskPitch(): [NaMa] Pitch PID Output: 1000.000000
[ 35103][I][main.cpp:224] vTaskPitch(): [NaMa] Pitch PID Output: 1000.000000
[ 35113][I][main.cpp:224] vTaskPitch(): [NaMa] Pitch PID Output: 1000.000000
[ 35123][I][main.cpp:224] vTaskPitch(): [NaMa] Pitch PID Output: 1000.000000
[ 35133][I][main.cpp:224] vTaskPitch(): [NaMa] Pitch PID Output: 1000.000000
[ 35143][I][main.cpp:224] vTaskPitch(): [NaMa] Pitch PID Output: 1000.000000
[ 35153][I][main.cpp:224] vTaskPitch(): [NaMa] Pitch PID Output: 1000.000000
[ 35163][I][main.cpp:224] vTaskPitch(): [NaMa] Pitch PID Output: 1000.000000
[ 35173][I][main.cpp:224] vTaskPitch(): [NaMa] Pitch PID Output: 1000.000000
[ 35183][I][main.cpp:224] vTaskPitch(): [NaMa] Pitch PID Output: 1000.000000
[ 35193][I][main.cpp:224] vTaskPitch(): [NaMa] Pitch PID Output: 1000.000000
[ 35203][I][main.cpp:224] vTaskPitch(): [NaMa] Pitch PID Output: 1000.000000
[ 35213][I][main.cpp:224] vTaskPitch(): [NaMa] Pitch PID Output: 1000.000000
[ 35223][I][main.cpp:224] vTaskPitch(): [NaMa] Pitch PID Output: 1000.000000
[ 35233][I][main.cpp:224] vTaskPitch(): [NaMa] Pitch PID Output: 1000.000000
[ 35243][I][main.cpp:224] vTaskPitch(): [NaMa] Pitch PID Output: 1000.000000
[ 35253][I][main.cpp:224] vTaskPitch(): [NaMa] Pitch PID Output: 1000.000000
[ 35263][I][main.cpp:224] vTaskPitch(): [NaMa] Pitch PID Output: 1000.000000
[ 35273][I][main.cpp:224] vTaskPitch(): [NaMa] Pitch PID Output: 1000.000000
[ 35283][I][main.cpp:224] vTaskPitch(): [NaMa] Pitch PID Output: 1000.000000
[ 35293][I][main.cpp:224] vTaskPitch(): [NaMa] Pitch PID Output: 1000.000000
[ 35303][I][main.cpp:224] vTaskPitch(): [NaMa] Pitch PID Output: 1000.000000
[ 35313][I][main.cpp:224] vTaskPitch(): [NaMa] Pitch PID Output: 1000.000000
[ 35323][I][main.cpp:224] vTaskPitch(): [NaMa] Pitch PID Output: 1000.000000
[ 35333][I][main.cpp:224] vTaskPitch(): [NaMa] Pitch PID Output: 1000.000000
[ 35343][I][main.cpp:224] vTaskPitch(): [NaMa] Pitch PID Output: 1000.000000
[ 35353][I][main.cpp:224] vTaskPitch(): [NaMa] Pitch PID Output: 1000.000000
[ 35363][I][main.cpp:224] vTaskPitch(): [NaMa] Pitch PID Output: 1000.000000
[ 35373][I][main.cpp:224] vTaskPitch(): [NaMa] Pitch PID Output: 1000.000000
[ 35383][I][main.cpp:224] vTaskPitch(): [NaMa] Pitch PID Output: 1000.000000
[ 35393][I][main.cpp:224] vTaskPitch(): [NaMa] Pitch PID Output: 1000.000000
[ 35403][I][main.cpp:224] vTaskPitch(): [NaMa] Pitch PID Output: 1000.000000
[ 35413][I][main.cpp:224] vTaskPitch(): [NaMa] Pitch PID Output: 1000.000000
[ 35423][I][main.cpp:224] vTaskPitch(): [NaMa] Pitch PID Output: 1000.000000
[ 35433][I][main.cpp:224] vTaskPitch(): [NaMa] Pitch PID Output: 1000.000000
[ 35443][I][main.cpp:224] vTaskPitch(): [NaMa] Pitch PID Output: 1000.000000
[ 35453][I][main.cpp:224] vTaskPitch(): [NaMa] Pitch PID Output: 1000.000000
[ 35463][I][main.cpp:224] vTaskPitch(): [NaMa] Pitch PID Output: 1000.000000
[ 35473][I][main.cpp:224] vTaskPitch(): [NaMa] Pitch PID Output: 1000.000000
[ 35483][I][main.cpp:224] vTaskPitch(): [NaMa] Pitch PID Output: 1000.000000
[ 35493][I][main.cpp:224] vTaskPitch(): [NaMa] Pitch PID Output: 1000.000000
[ 35503][I][main.cpp:224] vTaskPitch(): [NaMa] Pitch PID Output: 1000.000000
[ 35513][I][main.cpp:224] vTaskPitch(): [NaMa] Pitch PID Output: 1000.000000
[ 35523][I][main.cpp:224] vTaskPitch(): [NaMa] Pitch PID Output: 1000.000000
[ 35533][I][main.cpp:224] vTaskPitch(): [NaMa] Pitch PID Output: 1000.000000
[ 35543][I][main.cpp:224] vTaskPitch(): [NaMa] Pitch PID Output: 1000.000000
[ 35553][I][main.cpp:224] vTaskPitch(): [NaMa] Pitch PID Output: 1000.000000
[ 35563][I][main.cpp:224] vTaskPitch(): [NaMa] Pitch PID Output: 1000.000000
[ 35573][I][main.cpp:224] vTaskPitch(): [NaMa] Pitch PID Output: 1000.000000
[ 35583][I][main.cpp:224] vTaskPitch(): [NaMa] Pitch PID Output: 1000.000000
[ 35593][I][main.cpp:224] vTaskPitch(): [NaMa] Pitch PID Output: 1000.000000
[ 35603][I][main.cpp:224] vTaskPitch(): [NaMa] Pitch PID Output: 1000.000000
[ 35606][D][main.cpp:345] vTaskLogData(): [NaMa] Logging Data:
[ 35606][I][main.cpp:347] vTaskLogData(): [NaMa] Num tasks reported by FreeRTOS: 15
[ 35607][I][main.cpp:367] vTaskLogData(): [NaMa] Task Run Time Stats:
Log            	32356		<1%
IDLE           	34152164		95%
Ptch           	645970		1%
loopTask       	46301		<1%
tiT            	5154		<1%
Cfg            	125		<1%
LED            	158		<1%
Poll           	51423		<1%
wifi           	620731		1%
esp_timer      	45166		<1%
[ 35613][I][main.cpp:224] vTaskPitch(): [NaMa] Pitch PID Output: 1000.000000
[ 35623][I][main.cpp:224] vTaskPitch(): [NaMa] Pitch PID Output: 1000.000000
[ 35633][I][main.cpp:224] vTaskPitch(): [NaMa] Pitch PID Output: 1000.000000
[ 35643][I][main.cpp:224] vTaskPitch(): [NaMa] Pitch PID Output: 1000.000000
[ 35653][I][main.cpp:224] vTaskPitch(): [NaMa] Pitch PID Output: 1000.000000
[ 35663][I][main.cpp:224] vTaskPitch(): [NaMa] Pitch PID Output: 1000.000000
[ 35673][I][main.cpp:224] vTaskPitch(): [NaMa] Pitch PID Output: 1000.000000
[ 35683][I][main.cpp:224] vTaskPitch(): [NaMa] Pitch PID Output: 1000.000000
[ 35693][I][main.cpp:224] vTaskPitch(): [NaMa] Pitch PID Output: 1000.000000
[ 35703][I][main.cpp:224] vTaskPitch(): [NaMa] Pitch PID Output: 1000.000000
[ 35713][I][main.cpp:224] vTaskPitch(): [NaMa] Pitch PID Output: 1000.000000
[ 35723][I][main.cpp:224] vTaskPitch(): [NaMa] Pitch PID Output: 1000.000000
[ 35733][I][main.cpp:224] vTaskPitch(): [NaMa] Pitch PID Output: 1000.000000
[ 35743][I][main.cpp:224] vTaskPitch(): [NaMa] Pitch PID Output: 1000.000000
[ 35753][I][main.cpp:224] vTaskPitch(): [NaMa] Pitch PID Output: 1000.000000
[ 35763][I][main.cpp:224] vTaskPitch(): [NaMa] Pitch PID Output: 1000.000000
[ 35773][I][main.cpp:224] vTaskPitch(): [NaMa] Pitch PID Output: 1000.000000
[ 35783][I][main.cpp:224] vTaskPitch(): [NaMa] Pitch PID Output: 1000.000000
[ 35793][I][main.cpp:224] vTaskPitch(): [NaMa] Pitch PID Output: 1000.000000
[ 35803][I][main.cpp:224] vTaskPitch(): [NaMa] Pitch PID Output: 1000.000000
[ 35813][I][main.cpp:224] vTaskPitch(): [NaMa] Pitch PID Output: 1000.000000
[ 35823][I][main.cpp:224] vTaskPitch(): [NaMa] Pitch PID Output: 1000.000000
[ 35833][I][main.cpp:224] vTaskPitch(): [NaMa] Pitch PID Output: 1000.000000
[ 35843][I][main.cpp:224] vTaskPitch(): [NaMa] Pitch PID Output: 1000.000000
[ 35853][I][main.cpp:224] vTaskPitch(): [NaMa] Pitch PID Output: 1000.000000
[ 35863][I][main.cpp:224] vTaskPitch(): [NaMa] Pitch PID Output: 1000.000000
[ 35873][I][main.cpp:224] vTaskPitch(): [NaMa] Pitch PID Output: 1000.000000
[ 35883][I][main.cpp:224] vTaskPitch(): [NaMa] Pitch PID Output: 1000.000000
[ 35893][I][main.cpp:224] vTaskPitch(): [NaMa] Pitch PID Output: 1000.000000
[ 35903][I][main.cpp:224] vTaskPitch(): [NaMa] Pitch PID Output: 1000.000000
[ 35913][I][main.cpp:224] vTaskPitch(): [NaMa] Pitch PID Output: 1000.000000
[ 35923][I][main.cpp:224] vTaskPitch(): [NaMa] Pitch PID Output: 1000.000000
[ 35933][I][main.cpp:224] vTaskPitch(): [NaMa] Pitch PID Output: 1000.000000
[ 35943][I][main.cpp:224] vTaskPitch(): [NaMa] Pitch PID Output: 1000.000000
[ 35953][I][main.cpp:224] vTaskPitch(): [NaMa] Pitch PID Output: 1000.000000
[ 35963][I][main.cpp:224] vTaskPitch(): [NaMa] Pitch PID Output: 1000.000000
[ 35973][I][main.cpp:224] vTaskPitch(): [NaMa] Pitch PID Output: 1000.000000
[ 35983][I][main.cpp:224] vTaskPitch(): [NaMa] Pitch PID Output: 1000.000000
[ 35993][I][main.cpp:224] vTaskPitch(): [NaMa] Pitch PID Output: 1000.000000
[ 36003][I][main.cpp:224] vTaskPitch(): [NaMa] Pitch PID Output: 1000.000000
[ 36013][I][main.cpp:224] vTaskPitch(): [NaMa] Pitch PID Output: 1000.000000
[ 36023][I][main.cpp:224] vTaskPitch(): [NaMa] Pitch PID Output: 1000.000000
[ 36033][I][main.cpp:224] vTaskPitch(): [NaMa] Pitch PID Output: 1000.000000
[ 36043][I][main.cpp:224] vTaskPitch(): [NaMa] Pitch PID Output: 1000.000000
[ 36053][I][main.cpp:224] vTaskPitch(): [NaMa] Pitch PID Output: 1000.000000
[ 36063][I][main.cpp:224] vTaskPitch(): [NaMa] Pitch PID Output: 1000.000000
[ 36073][I][main.cpp:224] vTaskPitch(): [NaMa] Pitch PID Output: 1000.000000
[ 36083][I][main.cpp:224] vTaskPitch(): [NaMa] Pitch PID Output: 1000.000000
[ 36093][I][main.cpp:224] vTaskPitch(): [NaMa] Pitch PID Output: 1000.000000
[ 36103][I][main.cpp:224] vTaskPitch(): [NaMa] Pitch PID Output: 1000.000000
[ 36113][I][main.cpp:224] vTaskPitch(): [NaMa] Pitch PID Output: 1000.000000
[ 36123][I][main.cpp:224] vTaskPitch(): [NaMa] Pitch PID Output: 1000.000000
[ 36133][I][main.cpp:224] vTaskPitch(): [NaMa] Pitch PID Output: 1000.000000
[ 36143][I][main.cpp:224] vTaskPitch(): [NaMa] Pitch PID Output: 1000.000000
[ 36153][I][main.cpp:224] vTaskPitch(): [NaMa] Pitch PID Output: 1000.000000
[ 36163][I][main.cpp:224] vTaskPitch(): [NaMa] Pitch PID Output: 1000.000000
[ 36173][I][main.cpp:224] vTaskPitch(): [NaMa] Pitch PID Output: 1000.000000
[ 36183][I][main.cpp:224] vTaskPitch(): [NaMa] Pitch PID Output: 1000.000000
[ 36193][I][main.cpp:224] vTaskPitch(): [NaMa] Pitch PID Output: 1000.000000
[ 36203][I][main.cpp:224] vTaskPitch(): [NaMa] Pitch PID Output: 1000.000000
[ 36213][I][main.cpp:224] vTaskPitch(): [NaMa] Pitch PID Output: 1000.000000
[ 36223][I][main.cpp:224] vTaskPitch(): [NaMa] Pitch PID Output: 1000.000000
[ 36233][I][main.cpp:224] vTaskPitch(): [NaMa] Pitch PID Output: 1000.000000
[ 36243][I][main.cpp:224] vTaskPitch(): [NaMa] Pitch PID Output: 1000.000000
[ 36253][I][main.cpp:224] vTaskPitch(): [NaMa] Pitch PID Output: 1000.000000
[ 36263][I][main.cpp:224] vTaskPitch(): [NaMa] Pitch PID Output: 1000.000000
[ 36273][I][main.cpp:224] vTaskPitch(): [NaMa] Pitch PID Output: 1000.000000
[ 36283][I][main.cpp:224] vTaskPitch(): [NaMa] Pitch PID Output: 1000.000000
[ 36293][I][main.cpp:224] vTaskPitch(): [NaMa] Pitch PID Output: 1000.000000
[ 36303][I][main.cpp:224] vTaskPitch(): [NaMa] Pitch PID Output: 1000.000000
[ 36313][I][main.cpp:224] vTaskPitch(): [NaMa] Pitch PID Output: 1000.000000
[ 36323][I][main.cpp:224] vTaskPitch(): [NaMa] Pitch PID Output: 1000.000000
[ 36333][I][main.cpp:224] vTaskPitch(): [NaMa] Pitch PID Output: 1000.000000
[ 36343][I][main.cpp:224] vTaskPitch(): [NaMa] Pitch PID Output: 1000.000000
[ 36353][I][main.cpp:224] vTaskPitch(): [NaMa] Pitch PID Output: 1000.000000
[ 36363][I][main.cpp:224] vTaskPitch(): [NaMa] Pitch PID Output: 1000.000000
[ 36373][I][main.cpp:224] vTaskPitch(): [NaMa] Pitch PID Output: 1000.000000
[ 36383][I][main.cpp:224] vTaskPitch(): [NaMa] Pitch PID Output: 1000.000000
[ 36393][I][main.cpp:224] vTaskPitch(): [NaMa] Pitch PID Output: 1000.000000
[ 36403][I][main.cpp:224] vTaskPitch(): [NaMa] Pitch PID Output: 1000.000000
[ 36413][I][main.cpp:224] vTaskPitch(): [NaMa] Pitch PID Output: 1000.000000
[ 36423][I][main.cpp:224] vTaskPitch(): [NaMa] Pitch PID Output: 1000.000000
[ 36433][I][main.cpp:224] vTaskPitch(): [NaMa] Pitch PID Output: 1000.000000
[ 36443][I][main.cpp:224] vTaskPitch(): [NaMa] Pitch PID Output: 1000.000000
[ 36453][I][main.cpp:224] vTaskPitch(): [NaMa] Pitch PID Output: 1000.000000
[ 36463][I][main.cpp:224] vTaskPitch(): [NaMa] Pitch PID Output: 1000.000000
[ 36473][I][main.cpp:224] vTaskPitch(): [NaMa] Pitch PID Output: 1000.000000
[ 36483][I][main.cpp:224] vTaskPitch(): [NaMa] Pitch PID Output: 1000.000000
[ 36493][I][main.cpp:224] vTaskPitch(): [NaMa] Pitch PID Output: 1000.000000
[ 36503][I][main.cpp:224] vTaskPitch(): [NaMa] Pitch PID Output: 1000.000000
[ 36513][I][main.cpp:224] vTaskPitch(): [NaMa] Pitch PID Output: 1000.000000
[ 36523][I][main.cpp:224] vTaskPitch(): [NaMa] Pitch PID Output: 1000.000000
[ 36533][I][main.cpp:224] vTaskPitch(): [NaMa] Pitch PID Output: 1000.000000
[ 36543][I][main.cpp:224] vTaskPitch(): [NaMa] Pitch PID Output: 1000.000000
[ 36553][I][main.cpp:224] vTaskPitch(): [NaMa] Pitch PID Output: 1000.000000
[ 36563][I][main.cpp:224] vTaskPitch(): [NaMa] Pitch PID Output: 1000.000000
[ 36573][I][main.cpp:224] vTaskPitch(): [NaMa] Pitch PID Output: 1000.000000
[ 36583][I][main.cpp:224] vTaskPitch(): [NaMa] Pitch PID Output: 1000.000000
[ 36593][I][main.cpp:224] vTaskPitch(): [NaMa] Pitch PID Output: 1000.000000
[ 36603][I][main.cpp:224] vTaskPitch(): [NaMa] Pitch PID Output: 1000.000000
[ 36608][I][main.cpp:373] vTaskLogData(): [NaMa] T: Poll, U: 276, F: 1772
[ 36608][I][main.cpp:373] vTaskLogData(): [NaMa] T: Ptch, U: 2188, F: 1908
[ 36608][I][main.cpp:373] vTaskLogData(): [NaMa] T: Recv, U: 204, F: 1844
[ 36608][I][main.cpp:373] vTaskLogData(): [NaMa] T: Send, U: 204, F: 1844
[ 36609][I][main.cpp:373] vTaskLogData(): [NaMa] T: Cfg, U: 232, F: 280
[ 36609][I][main.cpp:373] vTaskLogData(): [NaMa] T: LED, U: 216, F: 40
[ 36609][I][main.cpp:373] vTaskLogData(): [NaMa] T: Log, U: 2340, F: 1756
[ 36613][I][main.cpp:224] vTaskPitch(): [NaMa] Pitch PID Output: 1000.000000
[ 36623][I][main.cpp:224] vTaskPitch(): [NaMa] Pitch PID Output: 1000.000000
[ 36633][I][main.cpp:224] vTaskPitch(): [NaMa] Pitch PID Output: 1000.000000
[ 36643][I][main.cpp:224] vTaskPitch(): [NaMa] Pitch PID Output: 1000.000000
[ 36653][I][main.cpp:224] vTaskPitch(): [NaMa] Pitch PID Output: 1000.000000
[ 36663][I][main.cpp:224] vTaskPitch(): [NaMa] Pitch PID Output: 1000.000000
[ 36673][I][main.cpp:224] vTaskPitch(): [NaMa] Pitch PID Output: 1000.000000
[ 36683][I][main.cpp:224] vTaskPitch(): [NaMa] Pitch PID Output: 1000.000000
[ 36693][I][main.cpp:224] vTaskPitch(): [NaMa] Pitch PID Output: 1000.000000
[ 36703][I][main.cpp:224] vTaskPitch(): [NaMa] Pitch PID Output: 1000.000000
[ 36713][I][main.cpp:224] vTaskPitch(): [NaMa] Pitch PID Output: 1000.000000
[ 36723][I][main.cpp:224] vTaskPitch(): [NaMa] Pitch PID Output: 1000.000000
[ 36733][I][main.cpp:224] vTaskPitch(): [NaMa] Pitch PID Output: 1000.000000
[ 36743][I][main.cpp:224] vTaskPitch(): [NaMa] Pitch PID Output: 1000.000000
[ 36753][I][main.cpp:224] vTaskPitch(): [NaMa] Pitch PID Output: 1000.000000
[ 36763][I][main.cpp:224] vTaskPitch(): [NaMa] Pitch PID Output: 1000.000000
[ 36773][I][main.cpp:224] vTaskPitch(): [NaMa] Pitch PID Output: 1000.000000
[ 36783][I][main.cpp:224] vTaskPitch(): [NaMa] Pitch PID Output: 1000.000000
[ 36793][I][main.cpp:224] vTaskPitch(): [NaMa] Pitch PID Output: 1000.000000
[ 36803][I][main.cpp:224] vTaskPitch(): [NaMa] Pitch PID Output: 1000.000000
[ 36813][I][main.cpp:224] vTaskPitch(): [NaMa] Pitch PID Output: 1000.000000
[ 36823][I][main.cpp:224] vTaskPitch(): [NaMa] Pitch PID Output: 1000.000000
[ 36833][I][main.cpp:224] vTaskPitch(): [NaMa] Pitch PID Output: 1000.000000
[ 36843][I][main.cpp:224] vTaskPitch(): [NaMa] Pitch PID Output: 1000.000000
[ 36853][I][main.cpp:224] vTaskPitch(): [NaMa] Pitch PID Output: 1000.000000
[ 36863][I][main.cpp:224] vTaskPitch(): [NaMa] Pitch PID Output: 1000.000000
[ 36873][I][main.cpp:224] vTaskPitch(): [NaMa] Pitch PID Output: 1000.000000
[ 36883][I][main.cpp:224] vTaskPitch(): [NaMa] Pitch PID Output: 1000.000000
[ 36893][I][main.cpp:224] vTaskPitch(): [NaMa] Pitch PID Output: 1000.000000
[ 36903][I][main.cpp:224] vTaskPitch(): [NaMa] Pitch PID Output: 1000.000000
[ 36913][I][main.cpp:224] vTaskPitch(): [NaMa] Pitch PID Output: 1000.000000
[ 36923][I][main.cpp:224] vTaskPitch(): [NaMa] Pitch PID Output: 1000.000000
[ 36933][I][main.cpp:224] vTaskPitch(): [NaMa] Pitch PID Output: 1000.000000
[ 36943][I][main.cpp:224] vTaskPitch(): [NaMa] Pitch PID Output: 1000.000000
[ 36953][I][main.cpp:224] vTaskPitch(): [NaMa] Pitch PID Output: 1000.000000
[ 36963][I][main.cpp:224] vTaskPitch(): [NaMa] Pitch PID Output: 1000.000000
[ 36973][I][main.cpp:224] vTaskPitch(): [NaMa] Pitch PID Output: 1000.000000
[ 36983][I][main.cpp:224] vTaskPitch(): [NaMa] Pitch PID Output: 1000.000000
[ 36993][I][main.cpp:224] vTaskPitch(): [NaMa] Pitch PID Output: 1000.000000
[ 37003][I][main.cpp:224] vTaskPitch(): [NaMa] Pitch PID Output: 1000.000000
[ 37013][I][main.cpp:224] vTaskPitch(): [NaMa] Pitch PID Output: 1000.000000
[ 37023][I][main.cpp:224] vTaskPitch(): [NaMa] Pitch PID Output: 1000.000000
[ 37033][I][main.cpp:224] vTaskPitch(): [NaMa] Pitch PID Output: 1000.000000
[ 37043][I][main.cpp:224] vTaskPitch(): [NaMa] Pitch PID Output: 1000.000000
[ 37053][I][main.cpp:224] vTaskPitch(): [NaMa] Pitch PID Output: 1000.000000
[ 37063][I][main.cpp:224] vTaskPitch(): [NaMa] Pitch PID Output: 1000.000000
[ 37073][I][main.cpp:224] vTaskPitch(): [NaMa] Pitch PID Output: 1000.000000
[ 37083][I][main.cpp:224] vTaskPitch(): [NaMa] Pitch PID Output: 1000.000000
[ 37093][I][main.cpp:224] vTaskPitch(): [NaMa] Pitch PID Output: 1000.000000
[ 37103][I][main.cpp:224] vTaskPitch(): [NaMa] Pitch PID Output: 1000.000000
[ 37113][I][main.cpp:224] vTaskPitch(): [NaMa] Pitch PID Output: 1000.000000
[ 37123][I][main.cpp:224] vTaskPitch(): [NaMa] Pitch PID Output: 1000.000000
[ 37133][I][main.cpp:224] vTaskPitch(): [NaMa] Pitch PID Output: 1000.000000
[ 37143][I][main.cpp:224] vTaskPitch(): [NaMa] Pitch PID Output: 1000.000000
[ 37153][I][main.cpp:224] vTaskPitch(): [NaMa] Pitch PID Output: 1000.000000
[ 37163][I][main.cpp:224] vTaskPitch(): [NaMa] Pitch PID Output: 1000.000000
[ 37173][I][main.cpp:224] vTaskPitch(): [NaMa] Pitch PID Output: 1000.000000
[ 37183][I][main.cpp:224] vTaskPitch(): [NaMa] Pitch PID Output: 1000.000000
[ 37193][I][main.cpp:224] vTaskPitch(): [NaMa] Pitch PID Output: 1000.000000
[ 37203][I][main.cpp:224] vTaskPitch(): [NaMa] Pitch PID Output: 1000.000000
[ 37213][I][main.cpp:224] vTaskPitch(): [NaMa] Pitch PID Output: 1000.000000
[ 37223][I][main.cpp:224] vTaskPitch(): [NaMa] Pitch PID Output: 1000.000000
[ 37233][I][main.cpp:224] vTaskPitch(): [NaMa] Pitch PID Output: 1000.000000
[ 37243][I][main.cpp:224] vTaskPitch(): [NaMa] Pitch PID Output: 1000.000000
[ 37253][I][main.cpp:224] vTaskPitch(): [NaMa] Pitch PID Output: 1000.000000
[ 37263][I][main.cpp:224] vTaskPitch(): [NaMa] Pitch PID Output: 1000.000000
[ 37273][I][main.cpp:224] vTaskPitch(): [NaMa] Pitch PID Output: 1000.000000
[ 37283][I][main.cpp:224] vTaskPitch(): [NaMa] Pitch PID Output: 1000.000000
[ 37293][I][main.cpp:224] vTaskPitch(): [NaMa] Pitch PID Output: 1000.000000
[ 37303][I][main.cpp:224] vTaskPitch(): [NaMa] Pitch PID Output: 1000.000000
[ 37313][I][main.cpp:224] vTaskPitch(): [NaMa] Pitch PID Output: 1000.000000
[ 37323][I][main.cpp:224] vTaskPitch(): [NaMa] Pitch PID Output: 1000.000000
[ 37333][I][main.cpp:224] vTaskPitch(): [NaMa] Pitch PID Output: 1000.000000
[ 37343][I][main.cpp:224] vTaskPitch(): [NaMa] Pitch PID Output: 1000.000000
[ 37353][I][main.cpp:224] vTaskPitch(): [NaMa] Pitch PID Output: 1000.000000
[ 37363][I][main.cpp:224] vTaskPitch(): [NaMa] Pitch PID Output: 1000.000000
[ 37373][I][main.cpp:224] vTaskPitch(): [NaMa] Pitch PID Output: 1000.000000
[ 37383][I][main.cpp:224] vTaskPitch(): [NaMa] Pitch PID Output: 1000.000000
[ 37393][I][main.cpp:224] vTaskPitch(): [NaMa] Pitch PID Output: 1000.000000
[ 37403][I][main.cpp:224] vTaskPitch(): [NaMa] Pitch PID Output: 1000.000000
[ 37413][I][main.cpp:224] vTaskPitch(): [NaMa] Pitch PID Output: 1000.000000
[ 37423][I][main.cpp:224] vTaskPitch(): [NaMa] Pitch PID Output: 1000.000000
[ 37433][I][main.cpp:224] vTaskPitch(): [NaMa] Pitch PID Output: 1000.000000
[ 37443][I][main.cpp:224] vTaskPitch(): [NaMa] Pitch PID Output: 1000.000000
[ 37453][I][main.cpp:224] vTaskPitch(): [NaMa] Pitch PID Output: 1000.000000
[ 37463][I][main.cpp:224] vTaskPitch(): [NaMa] Pitch PID Output: 1000.000000
[ 37473][I][main.cpp:224] vTaskPitch(): [NaMa] Pitch PID Output: 1000.000000
[ 37483][I][main.cpp:224] vTaskPitch(): [NaMa] Pitch PID Output: 1000.000000
[ 37493][I][main.cpp:224] vTaskPitch(): [NaMa] Pitch PID Output: 1000.000000
[ 37503][I][main.cpp:224] vTaskPitch(): [NaMa] Pitch PID Output: 1000.000000
[ 37513][I][main.cpp:224] vTaskPitch(): [NaMa] Pitch PID Output: 1000.000000
[ 37523][I][main.cpp:224] vTaskPitch(): [NaMa] Pitch PID Output: 1000.000000
[ 37533][I][main.cpp:224] vTaskPitch(): [NaMa] Pitch PID Output: 1000.000000
[ 37543][I][main.cpp:224] vTaskPitch(): [NaMa] Pitch PID Output: 1000.000000
[ 37553][I][main.cpp:224] vTaskPitch(): [NaMa] Pitch PID Output: 1000.000000
[ 37563][I][main.cpp:224] vTaskPitch(): [NaMa] Pitch PID Output: 1000.000000
[ 37573][I][main.cpp:224] vTaskPitch(): [NaMa] Pitch PID Output: 1000.000000
[ 37583][I][main.cpp:224] vTaskPitch(): [NaMa] Pitch PID Output: 1000.000000
[ 37593][I][main.cpp:224] vTaskPitch(): [NaMa] Pitch PID Output: 1000.000000
[ 37603][I][main.cpp:224] vTaskPitch(): [NaMa] Pitch PID Output: 1000.000000
[ 37609][I][main.cpp:380] vTaskLogData(): [NaMa] Minimum free heap: 142280 bytes
[ 37613][I][main.cpp:224] vTaskPitch(): [NaMa] Pitch PID Output: 1000.000000
[ 37623][I][main.cpp:224] vTaskPitch(): [NaMa] Pitch PID Output: 1000.000000
[ 37633][I][main.cpp:224] vTaskPitch(): [NaMa] Pitch PID Output: 1000.000000
[ 37643][I][main.cpp:224] vTaskPitch(): [NaMa] Pitch PID Output: 1000.000000
[ 37653][I][main.cpp:224] vTaskPitch(): [NaMa] Pitch PID Output: 1000.000000
[ 37663][I][main.cpp:224] vTaskPitch(): [NaMa] Pitch PID Output: 1000.000000
[ 37673][I][main.cpp:224] vTaskPitch(): [NaMa] Pitch PID Output: 1000.000000
[ 37683][I][main.cpp:224] vTaskPitch(): [NaMa] Pitch PID Output: 1000.000000
[ 37693][I][main.cpp:224] vTaskPitch(): [NaMa] Pitch PID Output: 1000.000000
[ 37703][I][main.cpp:224] vTaskPitch(): [NaMa] Pitch PID Output: 1000.000000
[ 37713][I][main.cpp:224] vTaskPitch(): [NaMa] Pitch PID Output: 1000.000000
[ 37723][I][main.cpp:224] vTaskPitch(): [NaMa] Pitch PID Output: 1000.000000
[ 37733][I][main.cpp:224] vTaskPitch(): [NaMa] Pitch PID Output: 1000.000000
[ 37743][I][main.cpp:224] vTaskPitch(): [NaMa] Pitch PID Output: 1000.000000
[ 37753][I][main.cpp:224] vTaskPitch(): [NaMa] Pitch PID Output: 1000.000000
[ 37763][I][main.cpp:224] vTaskPitch(): [NaMa] Pitch PID Output: 1000.000000
[ 37773][I][main.cpp:224] vTaskPitch(): [NaMa] Pitch PID Output: 1000.000000
[ 37783][I][main.cpp:224] vTaskPitch(): [NaMa] Pitch PID Output: 1000.000000
[ 37793][I][main.cpp:224] vTaskPitch(): [NaMa] Pitch PID Output: 1000.000000
[ 37803][I][main.cpp:224] vTaskPitch(): [NaMa] Pitch PID Output: 1000.000000
[ 37813][I][main.cpp:224] vTaskPitch(): [NaMa] Pitch PID Output: 1000.000000
[ 37823][I][main.cpp:224] vTaskPitch(): [NaMa] Pitch PID Output: 1000.000000
[ 37833][I][main.cpp:224] vTaskPitch(): [NaMa] Pitch PID Output: 1000.000000
[ 37843][I][main.cpp:224] vTaskPitch(): [NaMa] Pitch PID Output: 1000.000000
[ 37853][I][main.cpp:224] vTaskPitch(): [NaMa] Pitch PID Output: 1000.000000
[ 37863][I][main.cpp:224] vTaskPitch(): [NaMa] Pitch PID Output: 1000.000000
[ 37873][I][main.cpp:224] vTaskPitch(): [NaMa] Pitch PID Output: 1000.000000
[ 37883][I][main.cpp:224] vTaskPitch(): [NaMa] Pitch PID Output: 1000.000000
[ 37893][I][main.cpp:224] vTaskPitch(): [NaMa] Pitch PID Output: 1000.000000
[ 37903][I][main.cpp:224] vTaskPitch(): [NaMa] Pitch PID Output: 1000.000000
[ 37913][I][main.cpp:224] vTaskPitch(): [NaMa] Pitch PID Output: 1000.000000
[ 37923][I][main.cpp:224] vTaskPitch(): [NaMa] Pitch PID Output: 1000.000000
[ 37933][I][main.cpp:224] vTaskPitch(): [NaMa] Pitch PID Output: 1000.000000
[ 37943][I][main.cpp:224] vTaskPitch(): [NaMa] Pitch PID Output: 1000.000000
[ 37953][I][main.cpp:224] vTaskPitch(): [NaMa] Pitch PID Output: 1000.000000
[ 37963][I][main.cpp:224] vTaskPitch(): [NaMa] Pitch PID Output: 1000.000000
[ 37973][I][main.cpp:224] vTaskPitch(): [NaMa] Pitch PID Output: 1000.000000
[ 37983][I][main.cpp:224] vTaskPitch(): [NaMa] Pitch PID Output: 1000.000000
[ 37993][I][main.cpp:224] vTaskPitch(): [NaMa] Pitch PID Output: 1000.000000
[ 38003][I][main.cpp:224] vTaskPitch(): [NaMa] Pitch PID Output: 1000.000000
[ 38013][I][main.cpp:224] vTaskPitch(): [NaMa] Pitch PID Output: 1000.000000
[ 38023][I][main.cpp:224] vTaskPitch(): [NaMa] Pitch PID Output: 1000.000000
[ 38033][I][main.cpp:224] vTaskPitch(): [NaMa] Pitch PID Output: 1000.000000
[ 38043][I][main.cpp:224] vTaskPitch(): [NaMa] Pitch PID Output: 1000.000000
[ 38053][I][main.cpp:224] vTaskPitch(): [NaMa] Pitch PID Output: 1000.000000
[ 38063][I][main.cpp:224] vTaskPitch(): [NaMa] Pitch PID Output: 1000.000000
[ 38073][I][main.cpp:224] vTaskPitch(): [NaMa] Pitch PID Output: 1000.000000
[ 38083][I][main.cpp:224] vTaskPitch(): [NaMa] Pitch PID Output: 1000.000000
[ 38093][I][main.cpp:224] vTaskPitch(): [NaMa] Pitch PID Output: 1000.000000
[ 38103][I][main.cpp:224] vTaskPitch(): [NaMa] Pitch PID Output: 1000.000000
[ 38113][I][main.cpp:224] vTaskPitch(): [NaMa] Pitch PID Output: 1000.000000
[ 38123][I][main.cpp:224] vTaskPitch(): [NaMa] Pitch PID Output: 1000.000000
[ 38133][I][main.cpp:224] vTaskPitch(): [NaMa] Pitch PID Output: 1000.000000
[ 38143][I][main.cpp:224] vTaskPitch(): [NaMa] Pitch PID Output: 1000.000000
[ 38153][I][main.cpp:224] vTaskPitch(): [NaMa] Pitch PID Output: 1000.000000
[ 38163][I][main.cpp:224] vTaskPitch(): [NaMa] Pitch PID Output: 1000.000000
[ 38173][I][main.cpp:224] vTaskPitch(): [NaMa] Pitch PID Output: 1000.000000
[ 38183][I][main.cpp:224] vTaskPitch(): [NaMa] Pitch PID Output: 1000.000000
[ 38193][I][main.cpp:224] vTaskPitch(): [NaMa] Pitch PID Output: 1000.000000
[ 38203][I][main.cpp:224] vTaskPitch(): [NaMa] Pitch PID Output: 1000.000000
[ 38213][I][main.cpp:224] vTaskPitch(): [NaMa] Pitch PID Output: 1000.000000
[ 38223][I][main.cpp:224] vTaskPitch(): [NaMa] Pitch PID Output: 1000.000000
[ 38233][I][main.cpp:224] vTaskPitch(): [NaMa] Pitch PID Output: 1000.000000
[ 38243][I][main.cpp:224] vTaskPitch(): [NaMa] Pitch PID Output: 1000.000000
[ 38253][I][main.cpp:224] vTaskPitch(): [NaMa] Pitch PID Output: 1000.000000
[ 38263][I][main.cpp:224] vTaskPitch(): [NaMa] Pitch PID Output: 1000.000000
[ 38273][I][main.cpp:224] vTaskPitch(): [NaMa] Pitch PID Output: 1000.000000
[ 38283][I][main.cpp:224] vTaskPitch(): [NaMa] Pitch PID Output: 1000.000000
[ 38293][I][main.cpp:224] vTaskPitch(): [NaMa] Pitch PID Output: 1000.000000
[ 38303][I][main.cpp:224] vTaskPitch(): [NaMa] Pitch PID Output: 1000.000000
[ 38313][I][main.cpp:224] vTaskPitch(): [NaMa] Pitch PID Output: 1000.000000
[ 38323][I][main.cpp:224] vTaskPitch(): [NaMa] Pitch PID Output: 1000.000000
[ 38333][I][main.cpp:224] vTaskPitch(): [NaMa] Pitch PID Output: 1000.000000
[ 38343][I][main.cpp:224] vTaskPitch(): [NaMa] Pitch PID Output: 1000.000000
[ 38353][I][main.cpp:224] vTaskPitch(): [NaMa] Pitch PID Output: 1000.000000
[ 38363][I][main.cpp:224] vTaskPitch(): [NaMa] Pitch PID Output: 1000.000000
[ 38373][I][main.cpp:224] vTaskPitch(): [NaMa] Pitch PID Output: 1000.000000
[ 38383][I][main.cpp:224] vTaskPitch(): [NaMa] Pitch PID Output: 1000.000000
[ 38393][I][main.cpp:224] vTaskPitch(): [NaMa] Pitch PID Output: 1000.000000
[ 38403][I][main.cpp:224] vTaskPitch(): [NaMa] Pitch PID Output: 1000.000000
[ 38413][I][main.cpp:224] vTaskPitch(): [NaMa] Pitch PID Output: 1000.000000
[ 38423][I][main.cpp:224] vTaskPitch(): [NaMa] Pitch PID Output: 1000.000000
[ 38433][I][main.cpp:224] vTaskPitch(): [NaMa] Pitch PID Output: 1000.000000
[ 38443][I][main.cpp:224] vTaskPitch(): [NaMa] Pitch PID Output: 1000.000000
[ 38453][I][main.cpp:224] vTaskPitch(): [NaMa] Pitch PID Output: 1000.000000
[ 38463][I][main.cpp:224] vTaskPitch(): [NaMa] Pitch PID Output: 1000.000000
[ 38473][I][main.cpp:224] vTaskPitch(): [NaMa] Pitch PID Output: 1000.000000
[ 38483][I][main.cpp:224] vTaskPitch(): [NaMa] Pitch PID Output: 1000.000000
[ 38493][I][main.cpp:224] vTaskPitch(): [NaMa] Pitch PID Output: 1000.000000
[ 38503][I][main.cpp:224] vTaskPitch(): [NaMa] Pitch PID Output: 1000.000000
[ 38513][I][main.cpp:224] vTaskPitch(): [NaMa] Pitch PID Output: 1000.000000
[ 38523][I][main.cpp:224] vTaskPitch(): [NaMa] Pitch PID Output: 1000.000000
[ 38533][I][main.cpp:224] vTaskPitch(): [NaMa] Pitch PID Output: 1000.000000
[ 38543][I][main.cpp:224] vTaskPitch(): [NaMa] Pitch PID Output: 1000.000000
[ 38553][I][main.cpp:224] vTaskPitch(): [NaMa] Pitch PID Output: 1000.000000
[ 38563][I][main.cpp:224] vTaskPitch(): [NaMa] Pitch PID Output: 1000.000000
[ 38573][I][main.cpp:224] vTaskPitch(): [NaMa] Pitch PID Output: 1000.000000
[ 38583][I][main.cpp:224] vTaskPitch(): [NaMa] Pitch PID Output: 1000.000000
[ 38593][I][main.cpp:224] vTaskPitch(): [NaMa] Pitch PID Output: 1000.000000
[ 38603][I][main.cpp:224] vTaskPitch(): [NaMa] Pitch PID Output: 1000.000000
[ 38609][I][main.cpp:396] vTaskLogData(): [NaMa] Temperature: 29 dC
[ 38613][I][main.cpp:224] vTaskPitch(): [NaMa] Pitch PID Output: 1000.000000
[ 38623][I][main.cpp:224] vTaskPitch(): [NaMa] Pitch PID Output: 1000.000000
[ 38633][I][main.cpp:224] vTaskPitch(): [NaMa] Pitch PID Output: 1000.000000
[ 38643][I][main.cpp:224] vTaskPitch(): [NaMa] Pitch PID Output: 1000.000000
[ 38653][I][main.cpp:224] vTaskPitch(): [NaMa] Pitch PID Output: 1000.000000
[ 38663][I][main.cpp:224] vTaskPitch(): [NaMa] Pitch PID Output: 1000.000000
[ 38673][I][main.cpp:224] vTaskPitch(): [NaMa] Pitch PID Output: 1000.000000
[ 38683][I][main.cpp:224] vTaskPitch(): [NaMa] Pitch PID Output: 1000.000000
[ 38693][I][main.cpp:224] vTaskPitch(): [NaMa] Pitch PID Output: 1000.000000
[ 38703][I][main.cpp:224] vTaskPitch(): [NaMa] Pitch PID Output: 1000.000000
[ 38713][I][main.cpp:224] vTaskPitch(): [NaMa] Pitch PID Output: 1000.000000
[ 38723][I][main.cpp:224] vTaskPitch(): [NaMa] Pitch PID Output: 1000.000000
[ 38733][I][main.cpp:224] vTaskPitch(): [NaMa] Pitch PID Output: 1000.000000
[ 38743][I][main.cpp:224] vTaskPitch(): [NaMa] Pitch PID Output: 1000.000000
[ 38753][I][main.cpp:224] vTaskPitch(): [NaMa] Pitch PID Output: 1000.000000
[ 38763][I][main.cpp:224] vTaskPitch(): [NaMa] Pitch PID Output: 1000.000000
[ 38773][I][main.cpp:224] vTaskPitch(): [NaMa] Pitch PID Output: 1000.000000
[ 38783][I][main.cpp:224] vTaskPitch(): [NaMa] Pitch PID Output: 1000.000000
[ 38793][I][main.cpp:224] vTaskPitch(): [NaMa] Pitch PID Output: 1000.000000
[ 38803][I][main.cpp:224] vTaskPitch(): [NaMa] Pitch PID Output: 1000.000000
[ 38813][I][main.cpp:224] vTaskPitch(): [NaMa] Pitch PID Output: 1000.000000
[ 38823][I][main.cpp:224] vTaskPitch(): [NaMa] Pitch PID Output: 1000.000000
[ 38833][I][main.cpp:224] vTaskPitch(): [NaMa] Pitch PID Output: 1000.000000
[ 38843][I][main.cpp:224] vTaskPitch(): [NaMa] Pitch PID Output: 1000.000000
[ 38853][I][main.cpp:224] vTaskPitch(): [NaMa] Pitch PID Output: 1000.000000
[ 38863][I][main.cpp:224] vTaskPitch(): [NaMa] Pitch PID Output: 1000.000000
[ 38873][I][main.cpp:224] vTaskPitch(): [NaMa] Pitch PID Output: 1000.000000
[ 38883][I][main.cpp:224] vTaskPitch(): [NaMa] Pitch PID Output: 1000.000000
[ 38893][I][main.cpp:224] vTaskPitch(): [NaMa] Pitch PID Output: 1000.000000
[ 38903][I][main.cpp:224] vTaskPitch(): [NaMa] Pitch PID Output: 1000.000000
[ 38913][I][main.cpp:224] vTaskPitch(): [NaMa] Pitch PID Output: 1000.000000
[ 38923][I][main.cpp:224] vTaskPitch(): [NaMa] Pitch PID Output: 1000.000000
[ 38933][I][main.cpp:224] vTaskPitch(): [NaMa] Pitch PID Output: 1000.000000
[ 38943][I][main.cpp:224] vTaskPitch(): [NaMa] Pitch PID Output: 1000.000000
[ 38953][I][main.cpp:224] vTaskPitch(): [NaMa] Pitch PID Output: 1000.000000
[ 38963][I][main.cpp:224] vTaskPitch(): [NaMa] Pitch PID Output: 1000.000000
[ 38973][I][main.cpp:224] vTaskPitch(): [NaMa] Pitch PID Output: 1000.000000
[ 38983][I][main.cpp:224] vTaskPitch(): [NaMa] Pitch PID Output: 1000.000000
[ 38993][I][main.cpp:224] vTaskPitch(): [NaMa] Pitch PID Output: 1000.000000
[ 39003][I][main.cpp:224] vTaskPitch(): [NaMa] Pitch PID Output: 1000.000000
[ 39013][I][main.cpp:224] vTaskPitch(): [NaMa] Pitch PID Output: 1000.000000
[ 39023][I][main.cpp:224] vTaskPitch(): [NaMa] Pitch PID Output: 1000.000000
[ 39033][I][main.cpp:224] vTaskPitch(): [NaMa] Pitch PID Output: 1000.000000
[ 39043][I][main.cpp:224] vTaskPitch(): [NaMa] Pitch PID Output: 1000.000000
[ 39053][I][main.cpp:224] vTaskPitch(): [NaMa] Pitch PID Output: 1000.000000
[ 39063][I][main.cpp:224] vTaskPitch(): [NaMa] Pitch PID Output: 1000.000000
[ 39073][I][main.cpp:224] vTaskPitch(): [NaMa] Pitch PID Output: 1000.000000
[ 39083][I][main.cpp:224] vTaskPitch(): [NaMa] Pitch PID Output: 1000.000000
[ 39093][I][main.cpp:224] vTaskPitch(): [NaMa] Pitch PID Output: 1000.000000
[ 39103][I][main.cpp:224] vTaskPitch(): [NaMa] Pitch PID Output: 1000.000000
[ 39113][I][main.cpp:224] vTaskPitch(): [NaMa] Pitch PID Output: 1000.000000
[ 39123][I][main.cpp:224] vTaskPitch(): [NaMa] Pitch PID Output: 1000.000000
[ 39133][I][main.cpp:224] vTaskPitch(): [NaMa] Pitch PID Output: 1000.000000
[ 39143][I][main.cpp:224] vTaskPitch(): [NaMa] Pitch PID Output: 1000.000000
[ 39153][I][main.cpp:224] vTaskPitch(): [NaMa] Pitch PID Output: 1000.000000
[ 39163][I][main.cpp:224] vTaskPitch(): [NaMa] Pitch PID Output: 1000.000000
[ 39173][I][main.cpp:224] vTaskPitch(): [NaMa] Pitch PID Output: 1000.000000
[ 39183][I][main.cpp:224] vTaskPitch(): [NaMa] Pitch PID Output: 1000.000000
[ 39193][I][main.cpp:224] vTaskPitch(): [NaMa] Pitch PID Output: 1000.000000
[ 39203][I][main.cpp:224] vTaskPitch(): [NaMa] Pitch PID Output: 1000.000000
[ 39213][I][main.cpp:224] vTaskPitch(): [NaMa] Pitch PID Output: 1000.000000
[ 39223][I][main.cpp:224] vTaskPitch(): [NaMa] Pitch PID Output: 1000.000000
[ 39233][I][main.cpp:224] vTaskPitch(): [NaMa] Pitch PID Output: 1000.000000
[ 39243][I][main.cpp:224] vTaskPitch(): [NaMa] Pitch PID Output: 1000.000000
[ 39253][I][main.cpp:224] vTaskPitch(): [NaMa] Pitch PID Output: 1000.000000
[ 39263][I][main.cpp:224] vTaskPitch(): [NaMa] Pitch PID Output: 1000.000000
[ 39273][I][main.cpp:224] vTaskPitch(): [NaMa] Pitch PID Output: 1000.000000
[ 39283][I][main.cpp:224] vTaskPitch(): [NaMa] Pitch PID Output: 1000.000000
[ 39293][I][main.cpp:224] vTaskPitch(): [NaMa] Pitch PID Output: 1000.000000
[ 39303][I][main.cpp:224] vTaskPitch(): [NaMa] Pitch PID Output: 1000.000000
[ 39313][I][main.cpp:224] vTaskPitch(): [NaMa] Pitch PID Output: 1000.000000
[ 39323][I][main.cpp:224] vTaskPitch(): [NaMa] Pitch PID Output: 1000.000000
[ 39333][I][main.cpp:224] vTaskPitch(): [NaMa] Pitch PID Output: 1000.000000
[ 39343][I][main.cpp:224] vTaskPitch(): [NaMa] Pitch PID Output: 1000.000000
[ 39353][I][main.cpp:224] vTaskPitch(): [NaMa] Pitch PID Output: 1000.000000
[ 39363][I][main.cpp:224] vTaskPitch(): [NaMa] Pitch PID Output: 1000.000000
[ 39373][I][main.cpp:224] vTaskPitch(): [NaMa] Pitch PID Output: 1000.000000
[ 39383][I][main.cpp:224] vTaskPitch(): [NaMa] Pitch PID Output: 1000.000000
[ 39393][I][main.cpp:224] vTaskPitch(): [NaMa] Pitch PID Output: 1000.000000
[ 39403][I][main.cpp:224] vTaskPitch(): [NaMa] Pitch PID Output: 1000.000000
[ 39413][I][main.cpp:224] vTaskPitch(): [NaMa] Pitch PID Output: 1000.000000
[ 39423][I][main.cpp:224] vTaskPitch(): [NaMa] Pitch PID Output: 1000.000000
[ 39433][I][main.cpp:224] vTaskPitch(): [NaMa] Pitch PID Output: 1000.000000
[ 39443][I][main.cpp:224] vTaskPitch(): [NaMa] Pitch PID Output: 1000.000000
[ 39453][I][main.cpp:224] vTaskPitch(): [NaMa] Pitch PID Output: 1000.000000
[ 39463][I][main.cpp:224] vTaskPitch(): [NaMa] Pitch PID Output: 1000.000000
[ 39473][I][main.cpp:224] vTaskPitch(): [NaMa] Pitch PID Output: 1000.000000
[ 39483][I][main.cpp:224] vTaskPitch(): [NaMa] Pitch PID Output: 1000.000000
[ 39493][I][main.cpp:224] vTaskPitch(): [NaMa] Pitch PID Output: 1000.000000
[ 39503][I][main.cpp:224] vTaskPitch(): [NaMa] Pitch PID Output: 1000.000000
[ 39513][I][main.cpp:224] vTaskPitch(): [NaMa] Pitch PID Output: 1000.000000
[ 39523][I][main.cpp:224] vTaskPitch(): [NaMa] Pitch PID Output: 1000.000000
[ 39533][I][main.cpp:224] vTaskPitch(): [NaMa] Pitch PID Output: 1000.000000
[ 39543][I][main.cpp:224] vTaskPitch(): [NaMa] Pitch PID Output: 1000.000000
[ 39553][I][main.cpp:224] vTaskPitch(): [NaMa] Pitch PID Output: 1000.000000
[ 39563][I][main.cpp:224] vTaskPitch(): [NaMa] Pitch PID Output: 1000.000000
[ 39573][I][main.cpp:224] vTaskPitch(): [NaMa] Pitch PID Output: 1000.000000
[ 39583][I][main.cpp:224] vTaskPitch(): [NaMa] Pitch PID Output: 1000.000000
[ 39593][I][main.cpp:224] vTaskPitch(): [NaMa] Pitch PID Output: 1000.000000
[ 39603][I][main.cpp:224] vTaskPitch(): [NaMa] Pitch PID Output: 1000.000000
[ 39609][D][main.cpp:345] vTaskLogData(): [NaMa] Logging Data:
[ 39609][I][main.cpp:347] vTaskLogData(): [NaMa] Num tasks reported by FreeRTOS: 15
[ 39610][I][main.cpp:367] vTaskLogData(): [NaMa] Task Run Time Stats:
Log            	37725		<1%
IDLE           	38039320		96%
Ptch           	747295		1%
loopTask       	46336		<1%
tiT            	5547		<1%
Cfg            	142		<1%
LED            	182		<1%
Poll           	60012		<1%
wifi           	620743		1%
esp_timer      	45251		<1%
[ 39613][I][main.cpp:224] vTaskPitch(): [NaMa] Pitch PID Output: 1000.000000
[ 39623][I][main.cpp:224] vTaskPitch(): [NaMa] Pitch PID Output: 1000.000000
[ 39633][I][main.cpp:224] vTaskPitch(): [NaMa] Pitch PID Output: 1000.000000
[ 39643][I][main.cpp:224] vTaskPitch(): [NaMa] Pitch PID Output: 1000.000000
[ 39653][I][main.cpp:224] vTaskPitch(): [NaMa] Pitch PID Output: 1000.000000
[ 39663][I][main.cpp:224] vTaskPitch(): [NaMa] Pitch PID Output: 1000.000000
[ 39673][I][main.cpp:224] vTaskPitch(): [NaMa] Pitch PID Output: 1000.000000
[ 39683][I][main.cpp:224] vTaskPitch(): [NaMa] Pitch PID Output: 1000.000000
[ 39693][I][main.cpp:224] vTaskPitch(): [NaMa] Pitch PID Output: 1000.000000
[ 39703][I][main.cpp:224] vTaskPitch(): [NaMa] Pitch PID Output: 1000.000000
[ 39713][I][main.cpp:224] vTaskPitch(): [NaMa] Pitch PID Output: 1000.000000
[ 39723][I][main.cpp:224] vTaskPitch(): [NaMa] Pitch PID Output: 1000.000000
[ 39733][I][main.cpp:224] vTaskPitch(): [NaMa] Pitch PID Output: 1000.000000
[ 39743][I][main.cpp:224] vTaskPitch(): [NaMa] Pitch PID Output: 1000.000000
[ 39753][I][main.cpp:224] vTaskPitch(): [NaMa] Pitch PID Output: 1000.000000
[ 39763][I][main.cpp:224] vTaskPitch(): [NaMa] Pitch PID Output: 1000.000000
[ 39773][I][main.cpp:224] vTaskPitch(): [NaMa] Pitch PID Output: 1000.000000
[ 39783][I][main.cpp:224] vTaskPitch(): [NaMa] Pitch PID Output: 1000.000000
[ 39793][I][main.cpp:224] vTaskPitch(): [NaMa] Pitch PID Output: 1000.000000
[ 39803][I][main.cpp:224] vTaskPitch(): [NaMa] Pitch PID Output: 1000.000000
[ 39813][I][main.cpp:224] vTaskPitch(): [NaMa] Pitch PID Output: 1000.000000
[ 39823][I][main.cpp:224] vTaskPitch(): [NaMa] Pitch PID Output: 1000.000000
[ 39833][I][main.cpp:224] vTaskPitch(): [NaMa] Pitch PID Output: 1000.000000
[ 39843][I][main.cpp:224] vTaskPitch(): [NaMa] Pitch PID Output: 1000.000000
[ 39853][I][main.cpp:224] vTaskPitch(): [NaMa] Pitch PID Output: 1000.000000
[ 39863][I][main.cpp:224] vTaskPitch(): [NaMa] Pitch PID Output: 1000.000000
[ 39873][I][main.cpp:224] vTaskPitch(): [NaMa] Pitch PID Output: 1000.000000
[ 39883][I][main.cpp:224] vTaskPitch(): [NaMa] Pitch PID Output: 1000.000000
[ 39893][I][main.cpp:224] vTaskPitch(): [NaMa] Pitch PID Output: 1000.000000
[ 39903][I][main.cpp:224] vTaskPitch(): [NaMa] Pitch PID Output: 1000.000000
[ 39913][I][main.cpp:224] vTaskPitch(): [NaMa] Pitch PID Output: 1000.000000
[ 39923][I][main.cpp:224] vTaskPitch(): [NaMa] Pitch PID Output: 1000.000000
[ 39933][I][main.cpp:224] vTaskPitch(): [NaMa] Pitch PID Output: 1000.000000
[ 39943][I][main.cpp:224] vTaskPitch(): [NaMa] Pitch PID Output: 1000.000000
[ 39953][I][main.cpp:224] vTaskPitch(): [NaMa] Pitch PID Output: 1000.000000
[ 39963][I][main.cpp:224] vTaskPitch(): [NaMa] Pitch PID Output: 1000.000000
[ 39973][I][main.cpp:224] vTaskPitch(): [NaMa] Pitch PID Output: 1000.000000
[ 39983][I][main.cpp:224] vTaskPitch(): [NaMa] Pitch PID Output: 1000.000000
[ 39993][I][main.cpp:224] vTaskPitch(): [NaMa] Pitch PID Output: 1000.000000
[ 40003][I][main.cpp:224] vTaskPitch(): [NaMa] Pitch PID Output: 1000.000000
[ 40013][I][main.cpp:224] vTaskPitch(): [NaMa] Pitch PID Output: 1000.000000
[ 40023][I][main.cpp:224] vTaskPitch(): [NaMa] Pitch PID Output: 1000.000000
[ 40033][I][main.cpp:224] vTaskPitch(): [NaMa] Pitch PID Output: 1000.000000
[ 40043][I][main.cpp:224] vTaskPitch(): [NaMa] Pitch PID Output: 1000.000000
[ 40053][I][main.cpp:224] vTaskPitch(): [NaMa] Pitch PID Output: 1000.000000
[ 40063][I][main.cpp:224] vTaskPitch(): [NaMa] Pitch PID Output: 1000.000000
[ 40073][I][main.cpp:224] vTaskPitch(): [NaMa] Pitch PID Output: 1000.000000
[ 40083][I][main.cpp:224] vTaskPitch(): [NaMa] Pitch PID Output: 1000.000000
[ 40093][I][main.cpp:224] vTaskPitch(): [NaMa] Pitch PID Output: 1000.000000
[ 40103][I][main.cpp:224] vTaskPitch(): [NaMa] Pitch PID Output: 1000.000000
[ 40113][I][main.cpp:224] vTaskPitch(): [NaMa] Pitch PID Output: 1000.000000
[ 40123][I][main.cpp:224] vTaskPitch(): [NaMa] Pitch PID Output: 1000.000000
[ 40133][I][main.cpp:224] vTaskPitch(): [NaMa] Pitch PID Output: 1000.000000
[ 40143][I][main.cpp:224] vTaskPitch(): [NaMa] Pitch PID Output: 1000.000000
[ 40153][I][main.cpp:224] vTaskPitch(): [NaMa] Pitch PID Output: 1000.000000
[ 40163][I][main.cpp:224] vTaskPitch(): [NaMa] Pitch PID Output: 1000.000000
[ 40173][I][main.cpp:224] vTaskPitch(): [NaMa] Pitch PID Output: 1000.000000
[ 40183][I][main.cpp:224] vTaskPitch(): [NaMa] Pitch PID Output: 1000.000000
[ 40193][I][main.cpp:224] vTaskPitch(): [NaMa] Pitch PID Output: 1000.000000
[ 40203][I][main.cpp:224] vTaskPitch(): [NaMa] Pitch PID Output: 1000.000000
[ 40213][I][main.cpp:224] vTaskPitch(): [NaMa] Pitch PID Output: 1000.000000
[ 40223][I][main.cpp:224] vTaskPitch(): [NaMa] Pitch PID Output: 1000.000000
[ 40233][I][main.cpp:224] vTaskPitch(): [NaMa] Pitch PID Output: 1000.000000
[ 40243][I][main.cpp:224] vTaskPitch(): [NaMa] Pitch PID Output: 1000.000000
[ 40253][I][main.cpp:224] vTaskPitch(): [NaMa] Pitch PID Output: 1000.000000
[ 40263][I][main.cpp:224] vTaskPitch(): [NaMa] Pitch PID Output: 1000.000000
[ 40273][I][main.cpp:224] vTaskPitch(): [NaMa] Pitch PID Output: 1000.000000
[ 40283][I][main.cpp:224] vTaskPitch(): [NaMa] Pitch PID Output: 1000.000000
[ 40293][I][main.cpp:224] vTaskPitch(): [NaMa] Pitch PID Output: 1000.000000
[ 40303][I][main.cpp:224] vTaskPitch(): [NaMa] Pitch PID Output: 1000.000000
[ 40313][I][main.cpp:224] vTaskPitch(): [NaMa] Pitch PID Output: 1000.000000
[ 40323][I][main.cpp:224] vTaskPitch(): [NaMa] Pitch PID Output: 1000.000000
[ 40333][I][main.cpp:224] vTaskPitch(): [NaMa] Pitch PID Output: 1000.000000
[ 40343][I][main.cpp:224] vTaskPitch(): [NaMa] Pitch PID Output: 1000.000000
[ 40353][I][main.cpp:224] vTaskPitch(): [NaMa] Pitch PID Output: 1000.000000
[ 40363][I][main.cpp:224] vTaskPitch(): [NaMa] Pitch PID Output: 1000.000000
[ 40373][I][main.cpp:224] vTaskPitch(): [NaMa] Pitch PID Output: 1000.000000
[ 40383][I][main.cpp:224] vTaskPitch(): [NaMa] Pitch PID Output: 1000.000000
[ 40393][I][main.cpp:224] vTaskPitch(): [NaMa] Pitch PID Output: 1000.000000
[ 40403][I][main.cpp:224] vTaskPitch(): [NaMa] Pitch PID Output: 1000.000000
[ 40413][I][main.cpp:224] vTaskPitch(): [NaMa] Pitch PID Output: 1000.000000
[ 40423][I][main.cpp:224] vTaskPitch(): [NaMa] Pitch PID Output: 1000.000000
[ 40433][I][main.cpp:224] vTaskPitch(): [NaMa] Pitch PID Output: 1000.000000
[ 40443][I][main.cpp:224] vTaskPitch(): [NaMa] Pitch PID Output: 1000.000000
[ 40453][I][main.cpp:224] vTaskPitch(): [NaMa] Pitch PID Output: 1000.000000
[ 40463][I][main.cpp:224] vTaskPitch(): [NaMa] Pitch PID Output: 1000.000000
[ 40473][I][main.cpp:224] vTaskPitch(): [NaMa] Pitch PID Output: 1000.000000
[ 40483][I][main.cpp:224] vTaskPitch(): [NaMa] Pitch PID Output: 1000.000000
[ 40493][I][main.cpp:224] vTaskPitch(): [NaMa] Pitch PID Output: 1000.000000
[ 40503][I][main.cpp:224] vTaskPitch(): [NaMa] Pitch PID Output: 1000.000000
[ 40513][I][main.cpp:224] vTaskPitch(): [NaMa] Pitch PID Output: 1000.000000
[ 40523][I][main.cpp:224] vTaskPitch(): [NaMa] Pitch PID Output: 1000.000000
[ 40533][I][main.cpp:224] vTaskPitch(): [NaMa] Pitch PID Output: 1000.000000
[ 40543][I][main.cpp:224] vTaskPitch(): [NaMa] Pitch PID Output: 1000.000000
[ 40553][I][main.cpp:224] vTaskPitch(): [NaMa] Pitch PID Output: 1000.000000
[ 40563][I][main.cpp:224] vTaskPitch(): [NaMa] Pitch PID Output: 1000.000000
[ 40573][I][main.cpp:224] vTaskPitch(): [NaMa] Pitch PID Output: 1000.000000
[ 40583][I][main.cpp:224] vTaskPitch(): [NaMa] Pitch PID Output: 1000.000000
[ 40593][I][main.cpp:224] vTaskPitch(): [NaMa] Pitch PID Output: 1000.000000
[ 40603][I][main.cpp:224] vTaskPitch(): [NaMa] Pitch PID Output: 1000.000000
[ 40611][I][main.cpp:373] vTaskLogData(): [NaMa] T: Poll, U: 276, F: 1772
[ 40611][I][main.cpp:373] vTaskLogData(): [NaMa] T: Ptch, U: 2188, F: 1908
[ 40611][I][main.cpp:373] vTaskLogData(): [NaMa] T: Recv, U: 204, F: 1844
[ 40611][I][main.cpp:373] vTaskLogData(): [NaMa] T: Send, U: 204, F: 1844
[ 40612][I][main.cpp:373] vTaskLogData(): [NaMa] T: Cfg, U: 232, F: 280
[ 40612][I][main.cpp:373] vTaskLogData(): [NaMa] T: LED, U: 216, F: 40
[ 40612][I][main.cpp:373] vTaskLogData(): [NaMa] T: Log, U: 2340, F: 1756
[ 40613][I][main.cpp:224] vTaskPitch(): [NaMa] Pitch PID Output: 1000.000000
[ 40623][I][main.cpp:224] vTaskPitch(): [NaMa] Pitch PID Output: 1000.000000
[ 40633][I][main.cpp:224] vTaskPitch(): [NaMa] Pitch PID Output: 1000.000000
[ 40643][I][main.cpp:224] vTaskPitch(): [NaMa] Pitch PID Output: 1000.000000
[ 40653][I][main.cpp:224] vTaskPitch(): [NaMa] Pitch PID Output: 1000.000000
[ 40663][I][main.cpp:224] vTaskPitch(): [NaMa] Pitch PID Output: 1000.000000
[ 40673][I][main.cpp:224] vTaskPitch(): [NaMa] Pitch PID Output: 1000.000000
[ 40683][I][main.cpp:224] vTaskPitch(): [NaMa] Pitch PID Output: 1000.000000
[ 40693][I][main.cpp:224] vTaskPitch(): [NaMa] Pitch PID Output: 1000.000000
[ 40703][I][main.cpp:224] vTaskPitch(): [NaMa] Pitch PID Output: 1000.000000
[ 40713][I][main.cpp:224] vTaskPitch(): [NaMa] Pitch PID Output: 1000.000000
[ 40723][I][main.cpp:224] vTaskPitch(): [NaMa] Pitch PID Output: 1000.000000
[ 40733][I][main.cpp:224] vTaskPitch(): [NaMa] Pitch PID Output: 1000.000000
[ 40743][I][main.cpp:224] vTaskPitch(): [NaMa] Pitch PID Output: 1000.000000
[ 40753][I][main.cpp:224] vTaskPitch(): [NaMa] Pitch PID Output: 1000.000000
[ 40763][I][main.cpp:224] vTaskPitch(): [NaMa] Pitch PID Output: 1000.000000
[ 40773][I][main.cpp:224] vTaskPitch(): [NaMa] Pitch PID Output: 1000.000000
[ 40783][I][main.cpp:224] vTaskPitch(): [NaMa] Pitch PID Output: 1000.000000
[ 40793][I][main.cpp:224] vTaskPitch(): [NaMa] Pitch PID Output: 1000.000000
[ 40803][I][main.cpp:224] vTaskPitch(): [NaMa] Pitch PID Output: 1000.000000
[ 40813][I][main.cpp:224] vTaskPitch(): [NaMa] Pitch PID Output: 1000.000000
[ 40823][I][main.cpp:224] vTaskPitch(): [NaMa] Pitch PID Output: 1000.000000
[ 40833][I][main.cpp:224] vTaskPitch(): [NaMa] Pitch PID Output: 1000.000000
[ 40843][I][main.cpp:224] vTaskPitch(): [NaMa] Pitch PID Output: 1000.000000
[ 40853][I][main.cpp:224] vTaskPitch(): [NaMa] Pitch PID Output: 1000.000000
[ 40863][I][main.cpp:224] vTaskPitch(): [NaMa] Pitch PID Output: 1000.000000
[ 40873][I][main.cpp:224] vTaskPitch(): [NaMa] Pitch PID Output: 1000.000000
[ 40883][I][main.cpp:224] vTaskPitch(): [NaMa] Pitch PID Output: 1000.000000
[ 40893][I][main.cpp:224] vTaskPitch(): [NaMa] Pitch PID Output: 1000.000000
[ 40903][I][main.cpp:224] vTaskPitch(): [NaMa] Pitch PID Output: 1000.000000
[ 40913][I][main.cpp:224] vTaskPitch(): [NaMa] Pitch PID Output: 1000.000000
[ 40923][I][main.cpp:224] vTaskPitch(): [NaMa] Pitch PID Output: 1000.000000
[ 40933][I][main.cpp:224] vTaskPitch(): [NaMa] Pitch PID Output: 1000.000000
[ 40943][I][main.cpp:224] vTaskPitch(): [NaMa] Pitch PID Output: 1000.000000
[ 40953][I][main.cpp:224] vTaskPitch(): [NaMa] Pitch PID Output: 1000.000000
[ 40963][I][main.cpp:224] vTaskPitch(): [NaMa] Pitch PID Output: 1000.000000
[ 40973][I][main.cpp:224] vTaskPitch(): [NaMa] Pitch PID Output: 1000.000000
[ 40983][I][main.cpp:224] vTaskPitch(): [NaMa] Pitch PID Output: 1000.000000
[ 40993][I][main.cpp:224] vTaskPitch(): [NaMa] Pitch PID Output: 1000.000000
[ 41003][I][main.cpp:224] vTaskPitch(): [NaMa] Pitch PID Output: 1000.000000
[ 41013][I][main.cpp:224] vTaskPitch(): [NaMa] Pitch PID Output: 1000.000000
[ 41023][I][main.cpp:224] vTaskPitch(): [NaMa] Pitch PID Output: 1000.000000
[ 41033][I][main.cpp:224] vTaskPitch(): [NaMa] Pitch PID Output: 1000.000000
[ 41043][I][main.cpp:224] vTaskPitch(): [NaMa] Pitch PID Output: 1000.000000
[ 41053][I][main.cpp:224] vTaskPitch(): [NaMa] Pitch PID Output: 1000.000000
[ 41063][I][main.cpp:224] vTaskPitch(): [NaMa] Pitch PID Output: 1000.000000
[ 41073][I][main.cpp:224] vTaskPitch(): [NaMa] Pitch PID Output: 1000.000000
[ 41083][I][main.cpp:224] vTaskPitch(): [NaMa] Pitch PID Output: 1000.000000
[ 41093][I][main.cpp:224] vTaskPitch(): [NaMa] Pitch PID Output: 1000.000000
[ 41103][I][main.cpp:224] vTaskPitch(): [NaMa] Pitch PID Output: 1000.000000
[ 41113][I][main.cpp:224] vTaskPitch(): [NaMa] Pitch PID Output: 1000.000000
[ 41123][I][main.cpp:224] vTaskPitch(): [NaMa] Pitch PID Output: 1000.000000
[ 41133][I][main.cpp:224] vTaskPitch(): [NaMa] Pitch PID Output: 1000.000000
[ 41143][I][main.cpp:224] vTaskPitch(): [NaMa] Pitch PID Output: 1000.000000
[ 41153][I][main.cpp:224] vTaskPitch(): [NaMa] Pitch PID Output: 1000.000000
[ 41163][I][main.cpp:224] vTaskPitch(): [NaMa] Pitch PID Output: 1000.000000
[ 41173][I][main.cpp:224] vTaskPitch(): [NaMa] Pitch PID Output: 1000.000000
[ 41183][I][main.cpp:224] vTaskPitch(): [NaMa] Pitch PID Output: 1000.000000
[ 41193][I][main.cpp:224] vTaskPitch(): [NaMa] Pitch PID Output: 1000.000000
[ 41203][I][main.cpp:224] vTaskPitch(): [NaMa] Pitch PID Output: 1000.000000
[ 41213][I][main.cpp:224] vTaskPitch(): [NaMa] Pitch PID Output: 1000.000000
[ 41223][I][main.cpp:224] vTaskPitch(): [NaMa] Pitch PID Output: 1000.000000
[ 41233][I][main.cpp:224] vTaskPitch(): [NaMa] Pitch PID Output: 1000.000000
[ 41243][I][main.cpp:224] vTaskPitch(): [NaMa] Pitch PID Output: 1000.000000
[ 41253][I][main.cpp:224] vTaskPitch(): [NaMa] Pitch PID Output: 1000.000000
[ 41263][I][main.cpp:224] vTaskPitch(): [NaMa] Pitch PID Output: 1000.000000
[ 41273][I][main.cpp:224] vTaskPitch(): [NaMa] Pitch PID Output: 1000.000000
[ 41283][I][main.cpp:224] vTaskPitch(): [NaMa] Pitch PID Output: 1000.000000
[ 41293][I][main.cpp:224] vTaskPitch(): [NaMa] Pitch PID Output: 1000.000000
[ 41303][I][main.cpp:224] vTaskPitch(): [NaMa] Pitch PID Output: 1000.000000
[ 41313][I][main.cpp:224] vTaskPitch(): [NaMa] Pitch PID Output: 1000.000000
[ 41323][I][main.cpp:224] vTaskPitch(): [NaMa] Pitch PID Output: 1000.000000
[ 41333][I][main.cpp:224] vTaskPitch(): [NaMa] Pitch PID Output: 1000.000000
[ 41343][I][main.cpp:224] vTaskPitch(): [NaMa] Pitch PID Output: 1000.000000
[ 41353][I][main.cpp:224] vTaskPitch(): [NaMa] Pitch PID Output: 1000.000000
[ 41363][I][main.cpp:224] vTaskPitch(): [NaMa] Pitch PID Output: 1000.000000
[ 41373][I][main.cpp:224] vTaskPitch(): [NaMa] Pitch PID Output: 1000.000000
[ 41383][I][main.cpp:224] vTaskPitch(): [NaMa] Pitch PID Output: 1000.000000
[ 41393][I][main.cpp:224] vTaskPitch(): [NaMa] Pitch PID Output: 1000.000000
[ 41403][I][main.cpp:224] vTaskPitch(): [NaMa] Pitch PID Output: 1000.000000
[ 41413][I][main.cpp:224] vTaskPitch(): [NaMa] Pitch PID Output: 1000.000000
[ 41423][I][main.cpp:224] vTaskPitch(): [NaMa] Pitch PID Output: 1000.000000
[ 41433][I][main.cpp:224] vTaskPitch(): [NaMa] Pitch PID Output: 1000.000000
[ 41443][I][main.cpp:224] vTaskPitch(): [NaMa] Pitch PID Output: 1000.000000
[ 41453][I][main.cpp:224] vTaskPitch(): [NaMa] Pitch PID Output: 1000.000000
[ 41463][I][main.cpp:224] vTaskPitch(): [NaMa] Pitch PID Output: 1000.000000
[ 41473][I][main.cpp:224] vTaskPitch(): [NaMa] Pitch PID Output: 1000.000000
[ 41483][I][main.cpp:224] vTaskPitch(): [NaMa] Pitch PID Output: 1000.000000
[ 41493][I][main.cpp:224] vTaskPitch(): [NaMa] Pitch PID Output: 1000.000000
[ 41503][I][main.cpp:224] vTaskPitch(): [NaMa] Pitch PID Output: 1000.000000
[ 41513][I][main.cpp:224] vTaskPitch(): [NaMa] Pitch PID Output: 1000.000000
[ 41523][I][main.cpp:224] vTaskPitch(): [NaMa] Pitch PID Output: 1000.000000