E (253) MSPI Timing: Failed to allocate dummy cacheline for PSRA=========== Before Setup Start ===========
Chip Info:
------------------------------------------
  Model             : ESP32-C5
  Package           : 0
  Revision          : 1.00
  Cores             : 1
  CPU Frequency     : 240 MHz
  XTAL Frequency    : 48 MHz
  Features Bitfield : 0x00000052
  Embedded Flash    : No
  Embedded PSRAM    : No
  2.4GHz WiFi       : Yes
  Classic BT        : No
  BT Low Energy     : Yes
  IEEE 802.15.4     : Yes
------------------------------------------
INTERNAL Memory Info:
------------------------------------------
  Total Size        :   252560 B ( 246.6 KB)
  Free Bytes        :   221288 B ( 216.1 KB)
  Allocated Bytes   :    28088 B (  27.4 KB)
  Minimum Free Bytes:   216156 B ( 211.1 KB)
  Largest Free Block:   196596 B ( 192.0 KB)
------------------------------------------
Flash Info:
------------------------------------------
  Chip Size         :  4194304 B (4 MB)
  Block Size        :    65536 B (  64.0 KB)
  Sector Size       :     4096 B (   4.0 KB)
  Page Size         :      256 B (   0.2 KB)
  Bus Speed         : 80 MHz
  Flash Frequency   : 80 MHz (source: 80 MHz, divider: 1)
  Bus Mode          : QIO
------------------------------------------
Partitions Info:
------------------------------------------
                nvs : addr: 0x00009000, size:    20.0 KB, type: DATA, subtype: NVS
            otadata : addr: 0x0000E000, size:     8.0 KB, type: DATA, subtype: OTA
               app0 : addr: 0x00010000, size:  1280.0 KB, type:  APP, subtype: OTA_0
               app1 : addr: 0x00150000, size:  1280.0 KB, type:  APP, subtype: OTA_1
             spiffs : addr: 0x00290000, size:  1408.0 KB, type: DATA, subtype: SPIFFS
           coredump : addr: 0x003F0000, size:    64.0 KB, type: DATA, subtype: COREDUMP
------------------------------------------
Software Info:
------------------------------------------
  Compile Date/Time : Apr 26 2026 03:22:58
  ESP-IDF Version   : v5.5.2-729-g87912cd291
  Arduino Version   : 3.3.7
------------------------------------------
Board Info:
------------------------------------------
  Arduino Board     : DFRobot FireBeetle 2 ESP32-C5
  Arduino Variant   : esp32c5
  Core Debug Level  : 4
  Arduino Runs Core : 0
  Arduino Events on : 0
  Arduino USB Mode  : 1
  CDC On Boot       : 1
============ Before Setup End ============
[   367][I][esp32-hal-periman.c:141] perimanSetPinBus(): Pin 13 already has type USB_DM (38) with bus 0x4081e088

[   367][I][esp32-hal-periman.c:141] perimanSetPinBus(): Pin 14 already has type USB_DP (39) with bus 0x4081e088

[   368][I][main.cpp:72] setup(): [NaMa] Serial initialized

[   368][I][main.cpp:81] setup(): [NaMa] LED initialized

[   368][I][ActuonixL12.cpp:10] begin(): [AL12] Attaching on pin 3 (range 1230-1900 us)

[   368][W][ESP32Servo.cpp:84] attach(): [ESP32Servo] Attempting to Attach servo on pin=3 min=544 max=2400

[   369][D][esp32-hal-ledc.c:53] find_matching_timer(): Searching for timer with freq=50, resolution=10

[   369][D][esp32-hal-ledc.c:69] find_matching_timer(): No matching timer found for freq=50, resolution=10

[   369][D][esp32-hal-ledc.c:97] find_free_timer(): Found free timer 0

[   370][I][esp32-hal-ledc.c:288] ledcAttachChannel(): LEDC attached to pin 3 (channel 0, resolution 10)

[   370][I][ESP32PWM.cpp:530] attachPin(): [ESP32PWM] Pin Setup 3 with code 1

[   370][E][esp32-hal-ledc.c:206] ledcAttachChannel(): Pin 3 is already attached to LEDC (channel 0, resolution 10)

[   371][E][ESP32PWM.cpp:508] attachPin(): [ESP32PWM] ERROR PWM channel failed to configure on pin 3!

[   371][W][ESP32Servo.cpp:136] attach(): [ESP32Servo] Success to Attach servo : 3 on PWM 0

[   371][I][main.cpp:92] setup(): [NaMa] Actuator Initialized

[   371][I][esp32-hal-i2c-ng.c:112] i2cInit(): Initializing I2C Master: num=0 sda=9 scl=10 freq=100000

[   372][E][Encoder.cpp:60] initialize(): [Enc] AS5600 init failed

[   372][E][main.cpp:102] setup(): [NaMa] Failed to initialize encoder

[ 11714][I][AdapterWLAN.cpp:83] identifyOptimalChannel(): [AW] WiFI Net Cnt: 38

[ 11714][D][AdapterWLAN.cpp:100] identifyOptimalChannel(): [AW] RSSI: -41

[ 11715][D][AdapterWLAN.cpp:115] identifyOptimalChannel(): [AW] Ch.: 6, RSSI: -41, iRSSI: 79

[ 11715][D][AdapterWLAN.cpp:155] identifyOptimalChannel(): [AW] Subtotals: C1: 0, C6: 79, C11: 0

[ 11715][D][AdapterWLAN.cpp:100] identifyOptimalChannel(): [AW] RSSI: -41

[ 11715][D][AdapterWLAN.cpp:115] identifyOptimalChannel(): [AW] Ch.: 6, RSSI: -41, iRSSI: 79

[ 11716][D][AdapterWLAN.cpp:155] identifyOptimalChannel(): [AW] Subtotals: C1: 0, C6: 158, C11: 0

[ 11716][D][AdapterWLAN.cpp:100] identifyOptimalChannel(): [AW] RSSI: -41

[ 11716][D][AdapterWLAN.cpp:115] identifyOptimalChannel(): [AW] Ch.: 6, RSSI: -41, iRSSI: 79

[ 11716][D][AdapterWLAN.cpp:155] identifyOptimalChannel(): [AW] Subtotals: C1: 0, C6: 237, C11: 0

[ 11717][D][AdapterWLAN.cpp:100] identifyOptimalChannel(): [AW] RSSI: -41

[ 11717][D][AdapterWLAN.cpp:115] identifyOptimalChannel(): [AW] Ch.: 124, RSSI: -41, iRSSI: 79

[ 11717][D][AdapterWLAN.cpp:155] identifyOptimalChannel(): [AW] Subtotals: C1: 0, C6: 237, C11: 0

[ 11717][D][AdapterWLAN.cpp:100] identifyOptimalChannel(): [AW] RSSI: -46

[ 11718][D][AdapterWLAN.cpp:115] identifyOptimalChannel(): [AW] Ch.: 124, RSSI: -46, iRSSI: 74

[ 11718][D][AdapterWLAN.cpp:155] identifyOptimalChannel(): [AW] Subtotals: C1: 0, C6: 237, C11: 0

[ 11718][D][AdapterWLAN.cpp:100] identifyOptimalChannel(): [AW] RSSI: -46

[ 11718][D][AdapterWLAN.cpp:115] identifyOptimalChannel(): [AW] Ch.: 124, RSSI: -46, iRSSI: 74

[ 11719][D][AdapterWLAN.cpp:155] identifyOptimalChannel(): [AW] Subtotals: C1: 0, C6: 237, C11: 0

[ 11719][D][AdapterWLAN.cpp:100] identifyOptimalChannel(): [AW] RSSI: -70

[ 11719][D][AdapterWLAN.cpp:115] identifyOptimalChannel(): [AW] Ch.: 11, RSSI: -70, iRSSI: 50

[ 11719][D][AdapterWLAN.cpp:155] identifyOptimalChannel(): [AW] Subtotals: C1: 0, C6: 237, C11: 50

[ 11720][D][AdapterWLAN.cpp:100] identifyOptimalChannel(): [AW] RSSI: -71

[ 11720][D][AdapterWLAN.cpp:115] identifyOptimalChannel(): [AW] Ch.: 11, RSSI: -71, iRSSI: 49

[ 11720][D][AdapterWLAN.cpp:155] identifyOptimalChannel(): [AW] Subtotals: C1: 0, C6: 237, C11: 99

[ 11720][D][AdapterWLAN.cpp:100] identifyOptimalChannel(): [AW] RSSI: -72

[ 11721][D][AdapterWLAN.cpp:115] identifyOptimalChannel(): [AW] Ch.: 1, RSSI: -72, iRSSI: 48

[ 11721][D][AdapterWLAN.cpp:155] identifyOptimalChannel(): [AW] Subtotals: C1: 48, C6: 237, C11: 99

[ 11721][D][AdapterWLAN.cpp:100] identifyOptimalChannel(): [AW] RSSI: -72

[ 11721][D][AdapterWLAN.cpp:115] identifyOptimalChannel(): [AW] Ch.: 11, RSSI: -72, iRSSI: 48

[ 11722][D][AdapterWLAN.cpp:155] identifyOptimalChannel(): [AW] Subtotals: C1: 48, C6: 237, C11: 147

[ 11722][D][AdapterWLAN.cpp:100] identifyOptimalChannel(): [AW] RSSI: -73

[ 11722][D][AdapterWLAN.cpp:115] identifyOptimalChannel(): [AW] Ch.: 1, RSSI: -73, iRSSI: 47

[ 11723][D][AdapterWLAN.cpp:155] identifyOptimalChannel(): [AW] Subtotals: C1: 95, C6: 237, C11: 147

[ 11723][D][AdapterWLAN.cpp:100] identifyOptimalChannel(): [AW] RSSI: -75

[ 11723][D][AdapterWLAN.cpp:115] identifyOptimalChannel(): [AW] Ch.: 1, RSSI: -75, iRSSI: 45

[ 11723][D][AdapterWLAN.cpp:155] identifyOptimalChannel(): [AW] Subtotals: C1: 140, C6: 237, C11: 147

[ 11724][D][AdapterWLAN.cpp:100] identifyOptimalChannel(): [AW] RSSI: -81

[ 11724][D][AdapterWLAN.cpp:115] identifyOptimalChannel(): [AW] Ch.: 13, RSSI: -81, iRSSI: 39

[ 11724][E][AdapterWLAN.cpp:153] identifyOptimalChannel(): [AW] Detected Illegal WiFi Ch.: 13

[ 11724][D][AdapterWLAN.cpp:155] identifyOptimalChannel(): [AW] Subtotals: C1: 140, C6: 237, C11: 147

[ 11725][D][AdapterWLAN.cpp:100] identifyOptimalChannel(): [AW] RSSI: -81

[ 11725][D][AdapterWLAN.cpp:115] identifyOptimalChannel(): [AW] Ch.: 157, RSSI: -81, iRSSI: 39

[ 11725][D][AdapterWLAN.cpp:155] identifyOptimalChannel(): [AW] Subtotals: C1: 140, C6: 237, C11: 147

[ 11726][D][AdapterWLAN.cpp:100] identifyOptimalChannel(): [AW] RSSI: -82

[ 11726][D][AdapterWLAN.cpp:115] identifyOptimalChannel(): [AW] Ch.: 11, RSSI: -82, iRSSI: 38

[ 11726][D][AdapterWLAN.cpp:155] identifyOptimalChannel(): [AW] Subtotals: C1: 140, C6: 237, C11: 185

[ 11726][D][AdapterWLAN.cpp:100] identifyOptimalChannel(): [AW] RSSI: -82

[ 11726][D][AdapterWLAN.cpp:115] identifyOptimalChannel(): [AW] Ch.: 157, RSSI: -82, iRSSI: 38

[ 11727][D][AdapterWLAN.cpp:155] identifyOptimalChannel(): [AW] Subtotals: C1: 140, C6: 237, C11: 185

[ 11727][D][AdapterWLAN.cpp:100] identifyOptimalChannel(): [AW] RSSI: -82

[ 11727][D][AdapterWLAN.cpp:115] identifyOptimalChannel(): [AW] Ch.: 157, RSSI: -82, iRSSI: 38

[ 11728][D][AdapterWLAN.cpp:155] identifyOptimalChannel(): [AW] Subtotals: C1: 140, C6: 237, C11: 185

[ 11728][D][AdapterWLAN.cpp:100] identifyOptimalChannel(): [AW] RSSI: -83

[ 11728][D][AdapterWLAN.cpp:115] identifyOptimalChannel(): [AW] Ch.: 6, RSSI: -83, iRSSI: 37

[ 11728][D][AdapterWLAN.cpp:155] identifyOptimalChannel(): [AW] Subtotals: C1: 140, C6: 274, C11: 185

[ 11729][D][AdapterWLAN.cpp:100] identifyOptimalChannel(): [AW] RSSI: -83

[ 11729][D][AdapterWLAN.cpp:115] identifyOptimalChannel(): [AW] Ch.: 64, RSSI: -83, iRSSI: 37

[ 11729][D][AdapterWLAN.cpp:155] identifyOptimalChannel(): [AW] Subtotals: C1: 140, C6: 274, C11: 185

[ 11729][D][AdapterWLAN.cpp:100] identifyOptimalChannel(): [AW] RSSI: -84

[ 11730][D][AdapterWLAN.cpp:115] identifyOptimalChannel(): [AW] Ch.: 11, RSSI: -84, iRSSI: 36

[ 11730][D][AdapterWLAN.cpp:155] identifyOptimalChannel(): [AW] Subtotals: C1: 140, C6: 274, C11: 221

[ 11730][D][AdapterWLAN.cpp:100] identifyOptimalChannel(): [AW] RSSI: -84

[ 11730][D][AdapterWLAN.cpp:115] identifyOptimalChannel(): [AW] Ch.: 149, RSSI: -84, iRSSI: 36

[ 11731][D][AdapterWLAN.cpp:155] identifyOptimalChannel(): [AW] Subtotals: C1: 140, C6: 274, C11: 221

[ 11731][D][AdapterWLAN.cpp:100] identifyOptimalChannel(): [AW] RSSI: -84

[ 11731][D][AdapterWLAN.cpp:115] identifyOptimalChannel(): [AW] Ch.: 149, RSSI: -84, iRSSI: 36

[ 11731][D][AdapterWLAN.cpp:155] identifyOptimalChannel(): [AW] Subtotals: C1: 140, C6: 274, C11: 221

[ 11732][D][AdapterWLAN.cpp:100] identifyOptimalChannel(): [AW] RSSI: -84

[ 11732][D][AdapterWLAN.cpp:115] identifyOptimalChannel(): [AW] Ch.: 149, RSSI: -84, iRSSI: 36

[ 11732][D][AdapterWLAN.cpp:155] identifyOptimalChannel(): [AW] Subtotals: C1: 140, C6: 274, C11: 221

[ 11732][D][AdapterWLAN.cpp:100] identifyOptimalChannel(): [AW] RSSI: -85

[ 11733][D][AdapterWLAN.cpp:115] identifyOptimalChannel(): [AW] Ch.: 1, RSSI: -85, iRSSI: 35

[ 11733][D][AdapterWLAN.cpp:155] identifyOptimalChannel(): [AW] Subtotals: C1: 175, C6: 274, C11: 221

[ 11733][D][AdapterWLAN.cpp:100] identifyOptimalChannel(): [AW] RSSI: -86

[ 11734][D][AdapterWLAN.cpp:115] identifyOptimalChannel(): [AW] Ch.: 11, RSSI: -86, iRSSI: 34

[ 11734][D][AdapterWLAN.cpp:155] identifyOptimalChannel(): [AW] Subtotals: C1: 175, C6: 274, C11: 255

[ 11734][D][AdapterWLAN.cpp:100] identifyOptimalChannel(): [AW] RSSI: -86

[ 11734][D][AdapterWLAN.cpp:115] identifyOptimalChannel(): [AW] Ch.: 11, RSSI: -86, iRSSI: 34

[ 11735][D][AdapterWLAN.cpp:155] identifyOptimalChannel(): [AW] Subtotals: C1: 175, C6: 274, C11: 289

[ 11735][D][AdapterWLAN.cpp:100] identifyOptimalChannel(): [AW] RSSI: -87

[ 11735][D][AdapterWLAN.cpp:115] identifyOptimalChannel(): [AW] Ch.: 11, RSSI: -87, iRSSI: 33

[ 11735][D][AdapterWLAN.cpp:155] identifyOptimalChannel(): [AW] Subtotals: C1: 175, C6: 274, C11: 322

[ 11736][D][AdapterWLAN.cpp:100] identifyOptimalChannel(): [AW] RSSI: -87

[ 11736][D][AdapterWLAN.cpp:115] identifyOptimalChannel(): [AW] Ch.: 132, RSSI: -87, iRSSI: 33

[ 11736][D][AdapterWLAN.cpp:155] identifyOptimalChannel(): [AW] Subtotals: C1: 175, C6: 274, C11: 322

[ 11736][D][AdapterWLAN.cpp:100] identifyOptimalChannel(): [AW] RSSI: -88

[ 11737][D][AdapterWLAN.cpp:115] identifyOptimalChannel(): [AW] Ch.: 64, RSSI: -88, iRSSI: 32

[ 11737][D][AdapterWLAN.cpp:155] identifyOptimalChannel(): [AW] Subtotals: C1: 175, C6: 274, C11: 322

[ 11737][D][AdapterWLAN.cpp:100] identifyOptimalChannel(): [AW] RSSI: -88

[ 11737][D][AdapterWLAN.cpp:115] identifyOptimalChannel(): [AW] Ch.: 64, RSSI: -88, iRSSI: 32

[ 11738][D][AdapterWLAN.cpp:155] identifyOptimalChannel(): [AW] Subtotals: C1: 175, C6: 274, C11: 322

[ 11738][D][AdapterWLAN.cpp:100] identifyOptimalChannel(): [AW] RSSI: -90

[ 11738][D][AdapterWLAN.cpp:115] identifyOptimalChannel(): [AW] Ch.: 11, RSSI: -90, iRSSI: 30

[ 11738][D][AdapterWLAN.cpp:155] identifyOptimalChannel(): [AW] Subtotals: C1: 175, C6: 274, C11: 352

[ 11739][D][AdapterWLAN.cpp:100] identifyOptimalChannel(): [AW] RSSI: -90

[ 11739][D][AdapterWLAN.cpp:115] identifyOptimalChannel(): [AW] Ch.: 48, RSSI: -90, iRSSI: 30

[ 11739][D][AdapterWLAN.cpp:155] identifyOptimalChannel(): [AW] Subtotals: C1: 175, C6: 274, C11: 352

[ 11739][D][AdapterWLAN.cpp:100] identifyOptimalChannel(): [AW] RSSI: -90

[ 11740][D][AdapterWLAN.cpp:115] identifyOptimalChannel(): [AW] Ch.: 48, RSSI: -90, iRSSI: 30

[ 11740][D][AdapterWLAN.cpp:155] identifyOptimalChannel(): [AW] Subtotals: C1: 175, C6: 274, C11: 352

[ 11740][D][AdapterWLAN.cpp:100] identifyOptimalChannel(): [AW] RSSI: -91

[ 11740][D][AdapterWLAN.cpp:115] identifyOptimalChannel(): [AW] Ch.: 40, RSSI: -91, iRSSI: 29

[ 11741][D][AdapterWLAN.cpp:155] identifyOptimalChannel(): [AW] Subtotals: C1: 175, C6: 274, C11: 352

[ 11741][D][AdapterWLAN.cpp:100] identifyOptimalChannel(): [AW] RSSI: -91

[ 11741][D][AdapterWLAN.cpp:115] identifyOptimalChannel(): [AW] Ch.: 132, RSSI: -91, iRSSI: 29

[ 11741][D][AdapterWLAN.cpp:155] identifyOptimalChannel(): [AW] Subtotals: C1: 175, C6: 274, C11: 352

[ 11742][D][AdapterWLAN.cpp:100] identifyOptimalChannel(): [AW] RSSI: -92

[ 11742][D][AdapterWLAN.cpp:115] identifyOptimalChannel(): [AW] Ch.: 40, RSSI: -92, iRSSI: 28

[ 11742][D][AdapterWLAN.cpp:155] identifyOptimalChannel(): [AW] Subtotals: C1: 175, C6: 274, C11: 352

[ 11742][D][AdapterWLAN.cpp:100] identifyOptimalChannel(): [AW] RSSI: -92

[ 11743][D][AdapterWLAN.cpp:115] identifyOptimalChannel(): [AW] Ch.: 132, RSSI: -92, iRSSI: 28

[ 11743][D][AdapterWLAN.cpp:155] identifyOptimalChannel(): [AW] Subtotals: C1: 175, C6: 274, C11: 352

[ 11743][D][AdapterWLAN.cpp:100] identifyOptimalChannel(): [AW] RSSI: -95

[ 11743][D][AdapterWLAN.cpp:115] identifyOptimalChannel(): [AW] Ch.: 161, RSSI: -95, iRSSI: 25

[ 11744][D][AdapterWLAN.cpp:155] identifyOptimalChannel(): [AW] Subtotals: C1: 175, C6: 274, C11: 352

[ 11744][I][AdapterWLAN.cpp:161] identifyOptimalChannel(): [AW] Optimal Ch.: 1

[ 11744][I][main.cpp:113] setup(): [NaMa] Optimal WiFi Channel: 1

[ 11744][D][WiFiGeneric.cpp:821] setBandMode(): Switching Band Mode from 3 to 1

[ 11849][E][AdapterWLAN.cpp:314] begin(): [AW] Failed to set WiFi bandwidth

[ 11849][E][main.cpp:118] setup(): [NaMa] Failed to initialize WiFi

[ 11850][D][AdapterESPNow.cpp:42] begin(): [AE] ESP-NOW init. success

[ 11850][I][main.cpp:127] setup(): [NaMa] ESP-NOW initialized.

[ 11851][D][AdapterESPNow.cpp:185] registerPeer(): [AE] Peer registered: 

[ 11851][I][main.cpp:139] setup(): [NaMa] Registered peer

[ 11851][I][main.cpp:151] setup(): [NaMa] Time sync initialized successfully

[ 11852][D][WiFiGeneric.cpp:818] setBandMode(): No change in Band Mode

[ 11852][D][AdapterWLAN.cpp:227] getMACAddress(): [AW] Queried MACAddr

[ 11852][D][AdapterWLAN.cpp:284] getMACAddress(): [AW] MACAddrFormatted: MACADDR: 

[ 11852][I][main.cpp:160] setup(): [NaMa] MAC Address: d0:cf:13:ea:4a:08

[ 11853][I][main.cpp:174] setup(): [NaMa] Setting up task: FSM

[ 11853][I][main.cpp:174] setup(): [NaMa] Setting up task: Poll

[ 11[ 11853][E][esp32-hal-i2c-ng.c:275] i2cWrite(): i2c_master_transmit failed: [259] ESP_ERR_INVALID_STATE

853][I][main.cpp:174] setup(): [NaMa] Setting up task: Ptch

[ 11854][I][main.cpp:285] vTaskPitch(): [NaMa] No pitch updates needed in state 2, supsending

[ 11854][I][main.cpp:174] setup(): [NaMa] Setting up task: Recv

[ 11855][I][main.cpp:174] setup(): [NaMa] Setting up task: Send

[ 11855][E][esp32-hal-i2c-ng.c:275] i2cWrite(): i2c_master_transmit failed: [259] ESP_ERR_INVALID_STATE

[ 11855][I][main.cpp:174] setup(): [NaMa] Setting up task: Cfg

[ 11855][I][main.cpp:174] setup(): [NaMa] Setting up task: LED

[ 11856][I][main.cpp:174] setup(): [NaMa] Setting up task: Log

[ 11856][D][main.cpp:492] vTaskLogData(): [NaMa] Logging Data:

[ 11856][I][main.cpp:497] vTaskLogData(): [NaMa] Num tasks reported by FreeRTOS: 16

[ 11857][E][esp32-hal-i2c-ng.c:275] i2cWrite(): i2c_master_transmit failed: [259] ESP_ERR_INVALID_STATE

[ 11858][E][main.cp[ 11858][I][main.cpp:520] vTaskLogData(): [NaMa] Task Run Time Stats:
Log            	0		<1%

loopTask       	51085		<1%

IDLE           	11104293		93%

Send           	12		<1%

tiT            	2704		<1%

Recv           	19		<1%

LED            	16		<1%

Cfg            	12		<1%

Poll           	939		<1%

sys_evt        	1202		<1%

arduino_events 	338		<1%

FSM            	57		<1%

wifi           	611696		5%

esp_timer      	77552		<1p:203] setup(): [NaMa] Failed to enter a valid [ 11859][E][esp32-hal-i2c-ng.c:275] i2cWrite(): i2c_master_transmit failed: [259] ESP_ERR_INVALID_STATE

%

Ptch           	346		<1%

Tmr Svc        	6		<1%



state

[ 11859][I][main.cpp:210] setup(): [NaMa] Setup complete!

=========== After Setup Start ============
INTERNAL Memory Info:
------------------------------------------
  Total Size        :   252560 B ( 246.6 KB)
  Free Bytes        :   135172 B ( 132.0 KB)
  Allocated Bytes   :   110932 B ( 108.3 KB)
  Minimum Free Bytes:   134392 B ( 131.2 KB)
  Largest Free Block:   1187[ 11861][E][esp32-hal-i2c-ng.c:275] i2cWrite(): i2c_master_transmit failed: [259] ESP_ERR_INVALID_STATE

72 B ( 116.0 KB)
------------------------------------------
GPIO Info:
------------------------------------------
  GPIO : BUS_TYPE[bus/unit][chan]
  --------------------------------------  
     3 : LEDC[0][0]
     9 : I2C_MASTER_SDA[0]
    10 : I2C_MASTER_SCL[0]
    11 : UART_TX[0]
    12 : UART_RX[0]
    13 : USB_DM
    14 : USB_DP
    15 : GPIO
============ After Setup End =============
[ 11863][E][esp32-hal-i2c-ng.c:275] i2cWrite(): i2c_master_transmit failed: [259] ESP_ERR_INVALID_STATE

[ 11865][E][esp32-hal-i2c-ng.c:275] i2cWrite(): i2c_master_transmit failed: [259] ESP_ERR_INVALID_STATE

[ 11867][E][esp32-hal-i2c-ng.c:275] i2cWrite(): i2c_master_transmit failed: [259] ESP_ERR_INVALID_STATE

[ 11869][E][esp32-hal-i2c-ng.c:275] i2cWrite(): i2c_master_transmit failed: [259] ESP_ERR_INVALID_STATE

[ 11871][E][esp32-hal-i2c-ng.c:275] i2cWrite(): i2c_master_transmit failed: [259] ESP_ERR_INVALID_STATE

[ 11873][E][esp32-hal-i2c-ng.c:275] i2cWrite(): i2c_master_transmit failed: [259] ESP_ERR_INVALID_STATE

[ 11875][E][esp32-hal-i2c-ng.c:275] i2cWrite(): i2c_master_transmit failed: [259] ESP_ERR_INVALID_STATE

[ 11877][E][esp32-hal-i2c-ng.c:275] i2cWrite(): i2c_master_transmit failed: [259] ESP_ERR_INVALID_STATE

[ 11879][E][esp32-hal-i2c-ng.c:275] i2cWrite(): i2c_master_transmit failed: [259] ESP_ERR_INVALID_STATE

[ 11881][E][esp32-hal-i2c-ng.c:275] i2cWrite(): i2c_master_transmit failed: [259] ESP_ERR_INVALID_STATE

[ 11883][E][esp32-hal-i2c-ng.c:275] i2cWrite(): i2c_master_transmit failed: [259] ESP_ERR_INVALID_STATE

[ 11885][E][esp32-hal-i2c-ng.c:275] i2cWrite(): i2c_master_transmit failed: [259] ESP_ERR_INVALID_STATE

[ 11887][E][esp32-hal-i2c-ng.c:275] i2cWrite(): i2c_master_transmit failed: [259] ESP_ERR_INVALID_STATE

[ 11889][E][esp32-hal-i2c-ng.c:275] i2cWrite(): i2c_master_transmit failed: [259] ESP_ERR_INVALID_STATE

[ 11891][E][esp32-hal-i2c-ng.c:275] i2cWrite(): i2c_master_transmit failed: [259] ESP_ERR_INVALID_STATE

[ 11893][E][esp32-hal-i2c-ng.c:275] i2cWrite(): i2c_master_transmit failed: [259] ESP_ERR_INVALID_STATE

[ 11895][E][esp32-hal-i2c-ng.c:275] i2cWrite(): i2c_master_transmit failed: [259] ESP_ERR_INVALID_STATE

[ 11897][E][esp32-hal-i2c-ng.c:275] i2cWrite(): i2c_master_transmit failed: [259] ESP_ERR_INVALID_STATE

[ 11899][E][esp32-hal-i2c-ng.c:275] i2cWrite(): i2c_master_transmit failed: [259] ESP_ERR_INVALID_STATE

[ 11901][E][esp32-hal-i2c-ng.c:275] i2cWrite(): i2c_master_transmit failed: [259] ESP_ERR_INVALID_STATE

[ 11903][E][esp32-hal-i2c-ng.c:275] i2cWrite(): i2c_master_transmit failed: [259] ESP_ERR_INVALID_STATE

[ 11905][E][esp32-hal-i2c-ng.c:275] i2cWrite(): i2c_master_transmit failed: [259] ESP_ERR_INVALID_STATE

[ 11907][E][esp32-hal-i2c-ng.c:275] i2cWrite(): i2c_master_transmit failed: [259] ESP_ERR_INVALID_STATE

[ 11909][E][esp32-hal-i2c-ng.c:275] i2cWrite(): i2c_master_transmit failed: [259] ESP_ERR_INVALID_STATE

[ 11911][E][esp32-hal-i2c-ng.c:275] i2cWrite(): i2c_master_transmit failed: [259] ESP_ERR_INVALID_STATE

[ 11913][E][esp32-hal-i2c-ng.c:275] i2cWrite(): i2c_master_transmit failed: [259] ESP_ERR_INVALID_STATE

[ 11915][E][esp32-hal-i2c-ng.c:275] i2cWrite(): i2c_master_transmit failed: [259] ESP_ERR_INVALID_STATE

[ 11917][E][esp32-hal-i2c-ng.c:275] i2cWrite(): i2c_master_transmit failed: [259] ESP_ERR_INVALID_STATE

[ 11919][E][esp32-hal-i2c-ng.c:275] i2cWrite(): i2c_master_transmit failed: [259] ESP_ERR_INVALID_STATE

[ 11921][E][esp32-hal-i2c-ng.c:275] i2cWrite(): i2c_master_transmit failed: [259] ESP_ERR_INVALID_STATE

[ 11923][E][esp32-hal-i2c-ng.c:275] i2cWrite(): i2c_master_transmit failed: [259] ESP_ERR_INVALID_STATE

[ 11925][E][esp32-hal-i2c-ng.c:275] i2cWrite(): i2c_master_transmit failed: [259] ESP_ERR_INVALID_STATE

[ 11927][E][esp32-hal-i2c-ng.c:275] i2cWrite(): i2c_master_transmit failed: [259] ESP_ERR_INVALID_STATE

[ 11929][E][esp32-hal-i2c-ng.c:275] i2cWrite(): i2c_master_transmit failed: [259] ESP_ERR_INVALID_STATE

[ 11931][E][esp32-hal-i2c-ng.c:275] i2cWrite(): i2c_master_transmit failed: [259] ESP_ERR_INVALID_STATE

[ 11933][E][esp32-hal-i2c-ng.c:275] i2cWrite(): i2c_master_transmit failed: [259] ESP_ERR_INVALID_STATE

[ 11935][E][esp32-hal-i2c-ng.c:275] i2cWrite(): i2c_master_transmit failed: [259] ESP_ERR_INVALID_STATE

[ 11937][E][esp32-hal-i2c-ng.c:275] i2cWrite(): i2c_master_transmit failed: [259] ESP_ERR_INVALID_STATE

[ 11939][E][esp32-hal-i2c-ng.c:275] i2cWrite(): i2c_master_transmit failed: [259] ESP_ERR_INVALID_STATE

[ 11941][E][esp32-hal-i2c-ng.c:275] i2cWrite(): i2c_master_transmit failed: [259] ESP_ERR_INVALID_STATE

[ 11943][E][esp32-hal-i2c-ng.c:275] i2cWrite(): i2c_master_transmit failed: [259] ESP_ERR_INVALID_STATE

[ 11945][E][esp32-hal-i2c-ng.c:275] i2cWrite(): i2c_master_transmit failed: [259] ESP_ERR_INVALID_STATE

[ 11947][E][esp32-hal-i2c-ng.c:275] i2cWrite(): i2c_master_transmit failed: [259] ESP_ERR_INVALID_STATE

[ 11949][E][esp32-hal-i2c-ng.c:275] i2cWrite(): i2c_master_transmit failed: [259] ESP_ERR_INVALID_STATE

[ 11951][E][esp32-hal-i2c-ng.c:275] i2cWrite(): i2c_master_transmit failed: [259] ESP_ERR_INVALID_STATE

[ 11953][E][esp32-hal-i2c-ng.c:275] i2cWrite(): i2c_master_transmit failed: [259] ESP_ERR_INVALID_STATE

[ 11955][E][esp32-hal-i2c-ng.c:275] i2cWrite(): i2c_master_transmit failed: [259] ESP_ERR_INVALID_STATE

[ 11957][E][esp32-hal-i2c-ng.c:275] i2cWrite(): i2c_master_transmit failed: [259] ESP_ERR_INVALID_STATE

[ 11959][E][esp32-hal-i2c-ng.c:275] i2cWrite(): i2c_master_transmit failed: [259] ESP_ERR_INVALID_STATE

[ 11961][E][esp32-hal-i2c-ng.c:275] i2cWrite(): i2c_master_transmit failed: [259] ESP_ERR_INVALID_STATE

[ 11963][E][esp32-hal-i2c-ng.c:275] i2cWrite(): i2c_master_transmit failed: [259] ESP_ERR_INVALID_STATE

[ 11965][E][esp32-hal-i2c-ng.c:275] i2cWrite(): i2c_master_transmit failed: [259] ESP_ERR_INVALID_STATE

[ 11967][E][esp32-hal-i2c-ng.c:275] i2cWrite(): i2c_master_transmit failed: [259] ESP_ERR_INVALID_STATE

[ 11969][E][esp32-hal-i2c-ng.c:275] i2cWrite(): i2c_master_transmit failed: [259] ESP_ERR_INVALID_STATE

[ 11971][E][esp32-hal-i2c-ng.c:275] i2cWrite(): i2c_master_transmit failed: [259] ESP_ERR_INVALID_STATE

[ 11973][E][esp32-hal-i2c-ng.c:275] i2cWrite(): i2c_master_transmit failed: [259] ESP_ERR_INVALID_STATE

[ 11975][E][esp32-hal-i2c-ng.c:275] i2cWrite(): i2c_master_transmit failed: [259] ESP_ERR_INVALID_STATE

[ 11977][E][esp32-hal-i2c-ng.c:275] i2cWrite(): i2c_master_transmit failed: [259] ESP_ERR_INVALID_STATE

[ 11979][E][esp32-hal-i2c-ng.c:275] i2cWrite(): i2c_master_transmit failed: [259] ESP_ERR_INVALID_STATE

[ 11981][E][esp32-hal-i2c-ng.c:275] i2cWrite(): i2c_master_transmit failed: [259] ESP_ERR_INVALID_STATE

[ 11983][E][esp32-hal-i2c-ng.c:275] i2cWrite(): i2c_master_transmit failed: [259] ESP_ERR_INVALID_STATE

[ 11985][E][esp32-hal-i2c-ng.c:275] i2cWrite(): i2c_master_transmit failed: [259] ESP_ERR_INVALID_STATE

[ 11987][E][esp32-hal-i2c-ng.c:275] i2cWrite(): i2c_master_transmit failed: [259] ESP_ERR_INVALID_STATE

[ 11989][E][esp32-hal-i2c-ng.c:275] i2cWrite(): i2c_master_transmit failed: [259] ESP_ERR_INVALID_STATE

[ 11991][E][esp32-hal-i2c-ng.c:275] i2cWrite(): i2c_master_transmit failed: [259] ESP_ERR_INVALID_STATE

[ 11993][E][esp32-hal-i2c-ng.c:275] i2cWrite(): i2c_master_transmit failed: [259] ESP_ERR_INVALID_STATE

[ 11995][E][esp32-hal-i2c-ng.c:275] i2cWrite(): i2c_master_transmit failed: [259] ESP_ERR_INVALID_STATE

[ 11997][E][esp32-hal-i2c-ng.c:275] i2cWrite(): i2c_master_transmit failed: [259] ESP_ERR_INVALID_STATE

[ 11999][E][esp32-hal-i2c-ng.c:275] i2cWrite(): i2c_master_transmit failed: [259] ESP_ERR_INVALID_STATE

[ 12001][E][esp32-hal-i2c-ng.c:275] i2cWrite(): i2c_master_transmit failed: [259] ESP_ERR_INVALID_STATE

[ 12003][E][esp32-hal-i2c-ng.c:275] i2cWrite(): i2c_master_transmit failed: [259] ESP_ERR_INVALID_STATE

[ 12005][E][esp32-hal-i2c-ng.c:275] i2cWrite(): i2c_master_transmit failed: [259] ESP_ERR_INVALID_STATE

[ 12007][E][esp32-hal-i2c-ng.c:275] i2cWrite(): i2c_master_transmit failed: [259] ESP_ERR_INVALID_STATE

[ 12009][E][esp32-hal-i2c-ng.c:275] i2cWrite(): i2c_master_transmit failed: [259] ESP_ERR_INVALID_STATE

[ 12011][E][esp32-hal-i2c-ng.c:275] i2cWrite(): i2c_master_transmit failed: [259] ESP_ERR_INVALID_STATE

[ 12013][E][esp32-hal-i2c-ng.c:275] i2cWrite(): i2c_master_transmit failed: [259] ESP_ERR_INVALID_STATE

[ 12015][E][esp32-hal-i2c-ng.c:275] i2cWrite(): i2c_master_transmit failed: [259] ESP_ERR_INVALID_STATE

[ 12017][E][esp32-hal-i2c-ng.c:275] i2cWrite(): i2c_master_transmit failed: [259] ESP_ERR_INVALID_STATE

[ 12019][E][esp32-hal-i2c-ng.c:275] i2cWrite(): i2c_master_transmit failed: [259] ESP_ERR_INVALID_STATE

[ 12021][E][esp32-hal-i2c-ng.c:275] i2cWrite(): i2c_master_transmit failed: [259] ESP_ERR_INVALID_STATE

[ 12023][E][esp32-hal-i2c-ng.c:275] i2cWrite(): i2c_master_transmit failed: [259] ESP_ERR_INVALID_STATE

[ 12025][E][esp32-hal-i2c-ng.c:275] i2cWrite(): i2c_master_transmit failed: [259] ESP_ERR_INVALID_STATE

[ 12027][E][esp32-hal-i2c-ng.c:275] i2cWrite(): i2c_master_transmit failed: [259] ESP_ERR_INVALID_STATE

[ 12029][E][esp32-hal-i2c-ng.c:275] i2cWrite(): i2c_master_transmit failed: [259] ESP_ERR_INVALID_STATE

[ 12031][E][esp32-hal-i2c-ng.c:275] i2cWrite(): i2c_master_transmit failed: [259] ESP_ERR_INVALID_STATE

[ 12033][E][esp32-hal-i2c-ng.c:275] i2cWrite(): i2c_master_transmit failed: [259] ESP_ERR_INVALID_STATE

[ 12035][E][esp32-hal-i2c-ng.c:275] i2cWrite(): i2c_master_transmit failed: [259] ESP_ERR_INVALID_STATE

[ 12037][E][esp32-hal-i2c-ng.c:275] i2cWrite(): i2c_master_transmit failed: [259] ESP_ERR_INVALID_STATE

[ 12039][E][esp32-hal-i2c-ng.c:275] i2cWrite(): i2c_master_transmit failed: [259] ESP_ERR_INVALID_STATE

[ 12041][E][esp32-hal-i2c-ng.c:275] i2cWrite(): i2c_master_transmit failed: [259] ESP_ERR_INVALID_STATE

[ 12043][E][esp32-hal-i2c-ng.c:275] i2cWrite(): i2c_master_transmit failed: [259] ESP_ERR_INVALID_STATE

[ 12045][E][esp32-hal-i2c-ng.c:275] i2cWrite(): i2c_master_transmit failed: [259] ESP_ERR_INVALID_STATE

[ 12047][E][esp32-hal-i2c-ng.c:275] i2cWrite(): i2c_master_transmit failed: [259] ESP_ERR_INVALID_STATE

[ 12049][E][esp32-hal-i2c-ng.c:275] i2cWrite(): i2c_master_transmit failed: [259] ESP_ERR_INVALID_STATE

[ 12051][E][esp32-hal-i2c-ng.c:275] i2cWrite(): i2c_master_transmit failed: [259] ESP_ERR_INVALID_STATE

[ 12053][E][esp32-hal-i2c-ng.c:275] i2cWrite(): i2c_master_transmit failed: [259] ESP_ERR_INVALID_STATE

[ 12055][E][esp32-hal-i2c-ng.c:275] i2cWrite(): i2c_master_transmit failed: [259] ESP_ERR_INVALID_STATE

[ 12057][E][esp32-hal-i2c-ng.c:275] i2cWrite(): i2c_master_transmit failed: [259] ESP_ERR_INVALID_STATE

[ 12059][E][esp32-hal-i2c-ng.c:275] i2cWrite(): i2c_master_transmit failed: [259] ESP_ERR_INVALID_STATE

[ 12061][E][esp32-hal-i2c-ng.c:275] i2cWrite(): i2c_master_transmit failed: [259] ESP_ERR_INVALID_STATE

[ 12063][E][esp32-hal-i2c-ng.c:275] i2cWrite(): i2c_master_transmit failed: [259] ESP_ERR_INVALID_STATE

[ 12065][E][esp32-hal-i2c-ng.c:275] i2cWrite(): i2c_master_transmit failed: [259] ESP_ERR_INVALID_STATE

[ 12067][E][esp32-hal-i2c-ng.c:275] i2cWrite(): i2c_master_transmit failed: [259] ESP_ERR_INVALID_STATE

[ 12069][E][esp32-hal-i2c-ng.c:275] i2cWrite(): i2c_master_transmit failed: [259] ESP_ERR_INVALID_STATE

[ 12071][E][esp32-hal-i2c-ng.c:275] i2cWrite(): i2c_master_transmit failed: [259] ESP_ERR_INVALID_STATE

[ 12073][E][esp32-hal-i2c-ng.c:275] i2cWrite(): i2c_master_transmit failed: [259] ESP_ERR_INVALID_STATE

[ 12075][E][esp32-hal-i2c-ng.c:275] i2cWrite(): i2c_master_transmit failed: [259] ESP_ERR_INVALID_STATE

[ 12077][E][esp32-hal-i2c-ng.c:275] i2cWrite(): i2c_master_transmit failed: [259] ESP_ERR_INVALID_STATE

[ 12079][E][esp32-hal-i2c-ng.c:275] i2cWrite(): i2c_master_transmit failed: [259] ESP_ERR_INVALID_STATE

[ 12081][E][esp32-hal-i2c-ng.c:275] i2cWrite(): i2c_master_transmit failed: [259] ESP_ERR_INVALID_STATE

[ 12083][E][esp32-hal-i2c-ng.c:275] i2cWrite(): i2c_master_transmit failed: [259] ESP_ERR_INVALID_STATE

[ 12085][E][esp32-hal-i2c-ng.c:275] i2cWrite(): i2c_master_transmit failed: [259] ESP_ERR_INVALID_STATE

[ 12087][E][esp32-hal-i2c-ng.c:275] i2cWrite(): i2c_master_transmit failed: [259] ESP_ERR_INVALID_STATE

[ 12089][E][esp32-hal-i2c-ng.c:275] i2cWrite(): i2c_master_transmit failed: [259] ESP_ERR_INVALID_STATE

[ 12091][E][esp32-hal-i2c-ng.c:275] i2cWrite(): i2c_master_transmit failed: [259] ESP_ERR_INVALID_STATE

[ 12093][E][esp32-hal-i2c-ng.c:275] i2cWrite(): i2c_master_transmit failed: [259] ESP_ERR_INVALID_STATE

[ 12095][E][esp32-hal-i2c-ng.c:275] i2cWrite(): i2c_master_transmit failed: [259] ESP_ERR_INVALID_STATE

[ 12097][E][esp32-hal-i2c-ng.c:275] i2cWrite(): i2c_master_transmit failed: [259] ESP_ERR_INVALID_STATE

[ 12099][E][esp32-hal-i2c-ng.c:275] i2cWrite(): i2c_master_transmit failed: [259] ESP_ERR_INVALID_STATE

[ 12101][E][esp32-hal-i2c-ng.c:275] i2cWrite(): i2c_master_transmit failed: [259] ESP_ERR_INVALID_STATE

[ 12103][E][esp32-hal-i2c-ng.c:275] i2cWrite(): i2c_master_transmit failed: [259] ESP_ERR_INVALID_STATE

[ 12105][E][esp32-hal-i2c-ng.c:275] i2cWrite(): i2c_master_transmit failed: [259] ESP_ERR_INVALID_STATE

[ 12107][E][esp32-hal-i2c-ng.c:275] i2cWrite(): i2c_master_transmit failed: [259] ESP_ERR_INVALID_STATE

[ 12109][E][esp32-hal-i2c-ng.c:275] i2cWrite(): i2c_master_transmit failed: [259] ESP_ERR_INVALID_STATE

[ 12111][E][esp32-hal-i2c-ng.c:275] i2cWrite(): i2c_master_transmit failed: [259] ESP_ERR_INVALID_STATE

[ 12113][E][esp32-hal-i2c-ng.c:275] i2cWrite(): i2c_master_transmit failed: [259] ESP_ERR_INVALID_STATE

[ 12115][E][esp32-hal-i2c-ng.c:275] i2cWrite(): i2c_master_transmit failed: [259] ESP_ERR_INVALID_STATE

[ 12117][E][esp32-hal-i2c-ng.c:275] i2cWrite(): i2c_master_transmit failed: [259] ESP_ERR_INVALID_STATE

[ 12119][E][esp32-hal-i2c-ng.c:275] i2cWrite(): i2c_master_transmit failed: [259] ESP_ERR_INVALID_STATE

[ 12121][E][esp32-hal-i2c-ng.c:275] i2cWrite(): i2c_master_transmit failed: [259] ESP_ERR_INVALID_STATE

[ 12123][E][esp32-hal-i2c-ng.c:275] i2cWrite(): i2c_master_transmit failed: [259] ESP_ERR_INVALID_STATE

[ 12125][E][esp32-hal-i2c-ng.c:275] i2cWrite(): i2c_master_transmit failed: [259] ESP_ERR_INVALID_STATE

[ 12127][E][esp32-hal-i2c-ng.c:275] i2cWrite(): i2c_master_transmit failed: [259] ESP_ERR_INVALID_STATE

[ 12129][E][esp32-hal-i2c-ng.c:275] i2cWrite(): i2c_master_transmit failed: [259] ESP_ERR_INVALID_STATE

[ 12131][E][esp32-hal-i2c-ng.c:275] i2cWrite(): i2c_master_transmit failed: [259] ESP_ERR_INVALID_STATE

[ 12133][E][esp32-hal-i2c-ng.c:275] i2cWrite(): i2c_master_transmit failed: [259] ESP_ERR_INVALID_STATE

[ 12135][E][esp32-hal-i2c-ng.c:275] i2cWrite(): i2c_master_transmit failed: [259] ESP_ERR_INVALID_STATE

[ 12137][E][esp32-hal-i2c-ng.c:275] i2cWrite(): i2c_master_transmit failed: [259] ESP_ERR_INVALID_STATE

[ 12139][E][esp32-hal-i2c-ng.c:275] i2cWrite(): i2c_master_transmit failed: [259] ESP_ERR_INVALID_STATE

[ 12141][E][esp32-hal-i2c-ng.c:275] i2cWrite(): i2c_master_transmit failed: [259] ESP_ERR_INVALID_STATE

[ 12143][E][esp32-hal-i2c-ng.c:275] i2cWrite(): i2c_master_transmit failed: [259] ESP_ERR_INVALID_STATE

[ 12145][E][esp32-hal-i2c-ng.c:275] i2cWrite(): i2c_master_transmit failed: [259] ESP_ERR_INVALID_STATE

[ 12147][E][esp32-hal-i2c-ng.c:275] i2cWrite(): i2c_master_transmit failed: [259] ESP_ERR_INVALID_STATE

[ 12149][E][esp32-hal-i2c-ng.c:275] i2cWrite(): i2c_master_transmit failed: [259] ESP_ERR_INVALID_STATE

[ 12151][E][esp32-hal-i2c-ng.c:275] i2cWrite(): i2c_master_transmit failed: [259] ESP_ERR_INVALID_STATE

[ 12153][E][esp32-hal-i2c-ng.c:275] i2cWrite(): i2c_master_transmit failed: [259] ESP_ERR_INVALID_STATE

[ 12155][E][esp32-hal-i2c-ng.c:275] i2cWrite(): i2c_master_transmit failed: [259] ESP_ERR_INVALID_STATE

[ 12157][E][esp32-hal-i2c-ng.c:275] i2cWrite(): i2c_master_transmit failed: [259] ESP_ERR_INVALID_STATE

[ 12159][E][esp32-hal-i2c-ng.c:275] i2cWrite(): i2c_master_transmit failed: [259] ESP_ERR_INVALID_STATE

[ 12161][E][esp32-hal-i2c-ng.c:275] i2cWrite(): i2c_master_transmit failed: [259] ESP_ERR_INVALID_STATE

[ 12163][E][esp32-hal-i2c-ng.c:275] i2cWrite(): i2c_master_transmit failed: [259] ESP_ERR_INVALID_STATE

[ 12165][E][esp32-hal-i2c-ng.c:275] i2cWrite(): i2c_master_transmit failed: [259] ESP_ERR_INVALID_STATE

[ 12167][E][esp32-hal-i2c-ng.c:275] i2cWrite(): i2c_master_transmit failed: [259] ESP_ERR_INVALID_STATE

[ 12169][E][esp32-hal-i2c-ng.c:275] i2cWrite(): i2c_master_transmit failed: [259] ESP_ERR_INVALID_STATE

[ 12171][E][esp32-hal-i2c-ng.c:275] i2cWrite(): i2c_master_transmit failed: [259] ESP_ERR_INVALID_STATE

[ 12173][E][esp32-hal-i2c-ng.c:275] i2cWrite(): i2c_master_transmit failed: [259] ESP_ERR_INVALID_STATE

[ 12175][E][esp32-hal-i2c-ng.c:275] i2cWrite(): i2c_master_transmit failed: [259] ESP_ERR_INVALID_STATE

[ 12177][E][esp32-hal-i2c-ng.c:275] i2cWrite(): i2c_master_transmit failed: [259] ESP_ERR_INVALID_STATE

[ 12179][E][esp32-hal-i2c-ng.c:275] i2cWrite(): i2c_master_transmit failed: [259] ESP_ERR_INVALID_STATE

[ 12181][E][esp32-hal-i2c-ng.c:275] i2cWrite(): i2c_master_transmit failed: [259] ESP_ERR_INVALID_STATE

[ 12183][E][esp32-hal-i2c-ng.c:275] i2cWrite(): i2c_master_transmit failed: [259] ESP_ERR_INVALID_STATE

[ 12185][E][esp32-hal-i2c-ng.c:275] i2cWrite(): i2c_master_transmit failed: [259] ESP_ERR_INVALID_STATE

[ 12187][E][esp32-hal-i2c-ng.c:275] i2cWrite(): i2c_master_transmit failed: [259] ESP_ERR_INVALID_STATE

[ 12189][E][esp32-hal-i2c-ng.c:275] i2cWrite(): i2c_master_transmit failed: [259] ESP_ERR_INVALID_STATE

[ 12191][E][esp32-hal-i2c-ng.c:275] i2cWrite(): i2c_master_transmit failed: [259] ESP_ERR_INVALID_STATE

[ 12193][E][esp32-hal-i2c-ng.c:275] i2cWrite(): i2c_master_transmit failed: [259] ESP_ERR_INVALID_STATE

[ 12195][E][esp32-hal-i2c-ng.c:275] i2cWrite(): i2c_master_transmit failed: [259] ESP_ERR_INVALID_STATE

[ 12197][E][esp32-hal-i2c-ng.c:275] i2cWrite(): i2c_master_transmit failed: [259] ESP_ERR_INVALID_STATE

[ 12199][E][esp32-hal-i2c-ng.c:275] i2cWrite(): i2c_master_transmit failed: [259] ESP_ERR_INVALID_STATE

[ 12201][E][esp32-hal-i2c-ng.c:275] i2cWrite(): i2c_master_transmit failed: [259] ESP_ERR_INVALID_STATE

[ 12203][E][esp32-hal-i2c-ng.c:275] i2cWrite(): i2c_master_transmit failed: [259] ESP_ERR_INVALID_STATE

[ 12205][E][esp32-hal-i2c-ng.c:275] i2cWrite(): i2c_master_transmit failed: [259] ESP_ERR_INVALID_STATE

[ 12207][E][esp32-hal-i2c-ng.c:275] i2cWrite(): i2c_master_transmit failed: [259] ESP_ERR_INVALID_STATE

[ 12209][E][esp32-hal-i2c-ng.c:275] i2cWrite(): i2c_master_transmit failed: [259] ESP_ERR_INVALID_STATE

[ 12211][E][esp32-hal-i2c-ng.c:275] i2cWrite(): i2c_master_transmit failed: [259] ESP_ERR_INVALID_STATE

[ 12213][E][esp32-hal-i2c-ng.c:275] i2cWrite(): i2c_master_transmit failed: [259] ESP_ERR_INVALID_STATE

[ 12215][E][esp32-hal-i2c-ng.c:275] i2cWrite(): i2c_master_transmit failed: [259] ESP_ERR_INVALID_STATE

[ 12217][E][esp32-hal-i2c-ng.c:275] i2cWrite(): i2c_master_transmit failed: [259] ESP_ERR_INVALID_STATE

[ 12219][E][esp32-hal-i2c-ng.c:275] i2cWrite(): i2c_master_transmit failed: [259] ESP_ERR_INVALID_STATE

[ 12221][E][esp32-hal-i2c-ng.c:275] i2cWrite(): i2c_master_transmit failed: [259] ESP_ERR_INVALID_STATE

[ 12223][E][esp32-hal-i2c-ng.c:275] i2cWrite(): i2c_master_transmit failed: [259] ESP_ERR_INVALID_STATE

[ 12225][E][esp32-hal-i2c-ng.c:275] i2cWrite(): i2c_master_transmit failed: [259] ESP_ERR_INVALID_STATE

[ 12227][E][esp32-hal-i2c-ng.c:275] i2cWrite(): i2c_master_transmit failed: [259] ESP_ERR_INVALID_STATE

[ 12229][E][esp32-hal-i2c-ng.c:275] i2cWrite(): i2c_master_transmit failed: [259] ESP_ERR_INVALID_STATE

[ 12231][E][esp32-hal-i2c-ng.c:275] i2cWrite(): i2c_master_transmit failed: [259] ESP_ERR_INVALID_STATE

[ 12233][E][esp32-hal-i2c-ng.c:275] i2cWrite(): i2c_master_transmit failed: [259] ESP_ERR_INVALID_STATE

[ 12235][E][esp32-hal-i2c-ng.c:275] i2cWrite(): i2c_master_transmit failed: [259] ESP_ERR_INVALID_STATE

[ 12237][E][esp32-hal-i2c-ng.c:275] i2cWrite(): i2c_master_transmit failed: [259] ESP_ERR_INVALID_STATE

[ 12239][E][esp32-hal-i2c-ng.c:275] i2cWrite(): i2c_master_transmit failed: [259] ESP_ERR_INVALID_STATE

[ 12241][E][esp32-hal-i2c-ng.c:275] i2cWrite(): i2c_master_transmit failed: [259] ESP_ERR_INVALID_STATE

[ 12243][E][esp32-hal-i2c-ng.c:275] i2cWrite(): i2c_master_transmit failed: [259] ESP_ERR_INVALID_STATE

[ 12245][E][esp32-hal-i2c-ng.c:275] i2cWrite(): i2c_master_transmit failed: [259] ESP_ERR_INVALID_STATE

[ 12247][E][esp32-hal-i2c-ng.c:275] i2cWrite(): i2c_master_transmit failed: [259] ESP_ERR_INVALID_STATE

[ 12249][E][esp32-hal-i2c-ng.c:275] i2cWrite(): i2c_master_transmit failed: [259] ESP_ERR_INVALID_STATE

[ 12251][E][esp32-hal-i2c-ng.c:275] i2cWrite(): i2c_master_transmit failed: [259] ESP_ERR_INVALID_STATE

[ 12253][E][esp32-hal-i2c-ng.c:275] i2cWrite(): i2c_master_transmit failed: [259] ESP_ERR_INVALID_STATE

[ 12255][E][esp32-hal-i2c-ng.c:275] i2cWrite(): i2c_master_transmit failed: [259] ESP_ERR_INVALID_STATE

[ 12257][E][esp32-hal-i2c-ng.c:275] i2cWrite(): i2c_master_transmit failed: [259] ESP_ERR_INVALID_STATE

[ 12259][E][esp32-hal-i2c-ng.c:275] i2cWrite(): i2c_master_transmit failed: [259] ESP_ERR_INVALID_STATE

[ 12261][E][esp32-hal-i2c-ng.c:275] i2cWrite(): i2c_master_transmit failed: [259] ESP_ERR_INVALID_STATE

[ 12263][E][esp32-hal-i2c-ng.c:275] i2cWrite(): i2c_master_transmit failed: [259] ESP_ERR_INVALID_STATE

[ 12265][E][esp32-hal-i2c-ng.c:275] i2cWrite(): i2c_master_transmit failed: [259] ESP_ERR_INVALID_STATE

[ 12267][E][esp32-hal-i2c-ng.c:275] i2cWrite(): i2c_master_transmit failed: [259] ESP_ERR_INVALID_STATE

[ 12269][E][esp32-hal-i2c-ng.c:275] i2cWrite(): i2c_master_transmit failed: [259] ESP_ERR_INVALID_STATE

[ 12271][E][esp32-hal-i2c-ng.c:275] i2cWrite(): i2c_master_transmit failed: [259] ESP_ERR_INVALID_STATE

[ 12273][E][esp32-hal-i2c-ng.c:275] i2cWrite(): i2c_master_transmit failed: [259] ESP_ERR_INVALID_STATE

[ 12275][E][esp32-hal-i2c-ng.c:275] i2cWrite(): i2c_master_transmit failed: [259] ESP_ERR_INVALID_STATE

[ 12277][E][esp32-hal-i2c-ng.c:275] i2cWrite(): i2c_master_transmit failed: [259] ESP_ERR_INVALID_STATE

[ 12279][E][esp32-hal-i2c-ng.c:275] i2cWrite(): i2c_master_transmit failed: [259] ESP_ERR_INVALID_STATE

[ 12281][E][esp32-hal-i2c-ng.c:275] i2cWrite(): i2c_master_transmit failed: [259] ESP_ERR_INVALID_STATE

[ 12283][E][esp32-hal-i2c-ng.c:275] i2cWrite(): i2c_master_transmit failed: [259] ESP_ERR_INVALID_STATE

[ 12285][E][esp32-hal-i2c-ng.c:275] i2cWrite(): i2c_master_transmit failed: [259] ESP_ERR_INVALID_STATE

[ 12287][E][esp32-hal-i2c-ng.c:275] i2cWrite(): i2c_master_transmit failed: [259] ESP_ERR_INVALID_STATE

[ 12289][E][esp32-hal-i2c-ng.c:275] i2cWrite(): i2c_master_transmit failed: [259] ESP_ERR_INVALID_STATE

[ 12291][E][esp32-hal-i2c-ng.c:275] i2cWrite(): i2c_master_transmit failed: [259] ESP_ERR_INVALID_STATE

[ 12293][E][esp32-hal-i2c-ng.c:275] i2cWrite(): i2c_master_transmit failed: [259] ESP_ERR_INVALID_STATE

[ 12295][E][esp32-hal-i2c-ng.c:275] i2cWrite(): i2c_master_transmit failed: [259] ESP_ERR_INVALID_STATE

[ 12297][E][esp32-hal-i2c-ng.c:275] i2cWrite(): i2c_master_transmit failed: [259] ESP_ERR_INVALID_STATE

[ 12299][E][esp32-hal-i2c-ng.c:275] i2cWrite(): i2c_master_transmit failed: [259] ESP_ERR_INVALID_STATE

[ 12301][E][esp32-hal-i2c-ng.c:275] i2cWrite(): i2c_master_transmit failed: [259] ESP_ERR_INVALID_STATE

[ 12303][E][esp32-hal-i2c-ng.c:275] i2cWrite(): i2c_master_transmit failed: [259] ESP_ERR_INVALID_STATE

[ 12305][E][esp32-hal-i2c-ng.c:275] i2cWrite(): i2c_master_transmit failed: [259] ESP_ERR_INVALID_STATE

[ 12307][E][esp32-hal-i2c-ng.c:275] i2cWrite(): i2c_master_transmit failed: [259] ESP_ERR_INVALID_STATE

[ 12309][E][esp32-hal-i2c-ng.c:275] i2cWrite(): i2c_master_transmit failed: [259] ESP_ERR_INVALID_STATE

[ 12311][E][esp32-hal-i2c-ng.c:275] i2cWrite(): i2c_master_transmit failed: [259] ESP_ERR_INVALID_STATE

[ 12313][E][esp32-hal-i2c-ng.c:275] i2cWrite(): i2c_master_transmit failed: [259] ESP_ERR_INVALID_STATE

[ 12315][E][esp32-hal-i2c-ng.c:275] i2cWrite(): i2c_master_transmit failed: [259] ESP_ERR_INVALID_STATE

[ 12317][E][esp32-hal-i2c-ng.c:275] i2cWrite(): i2c_master_transmit failed: [259] ESP_ERR_INVALID_STATE

[ 12319][E][esp32-hal-i2c-ng.c:275] i2cWrite(): i2c_master_transmit failed: [259] ESP_ERR_INVALID_STATE

[ 12321][E][esp32-hal-i2c-ng.c:275] i2cWrite(): i2c_master_transmit failed: [259] ESP_ERR_INVALID_STATE

[ 12323][E][esp32-hal-i2c-ng.c:275] i2cWrite(): i2c_master_transmit failed: [259] ESP_ERR_INVALID_STATE

[ 12325][E][esp32-hal-i2c-ng.c:275] i2cWrite(): i2c_master_transmit failed: [259] ESP_ERR_INVALID_STATE

[ 12327][E][esp32-hal-i2c-ng.c:275] i2cWrite(): i2c_master_transmit failed: [259] ESP_ERR_INVALID_STATE

[ 12329][E][esp32-hal-i2c-ng.c:275] i2cWrite(): i2c_master_transmit failed: [259] ESP_ERR_INVALID_STATE

[ 12331][E][esp32-hal-i2c-ng.c:275] i2cWrite(): i2c_master_transmit failed: [259] ESP_ERR_INVALID_STATE

[ 12333][E][esp32-hal-i2c-ng.c:275] i2cWrite(): i2c_master_transmit failed: [259] ESP_ERR_INVALID_STATE

[ 12335][E][esp32-hal-i2c-ng.c:275] i2cWrite(): i2c_master_transmit failed: [259] ESP_ERR_INVALID_STATE

[ 12337][E][esp32-hal-i2c-ng.c:275] i2cWrite(): i2c_master_transmit failed: [259] ESP_ERR_INVALID_STATE

[ 12339][E][esp32-hal-i2c-ng.c:275] i2cWrite(): i2c_master_transmit failed: [259] ESP_ERR_INVALID_STATE

[ 12341][E][esp32-hal-i2c-ng.c:275] i2cWrite(): i2c_master_transmit failed: [259] ESP_ERR_INVALID_STATE

[ 12343][E][esp32-hal-i2c-ng.c:275] i2cWrite(): i2c_master_transmit failed: [259] ESP_ERR_INVALID_STATE

[ 12345][E][esp32-hal-i2c-ng.c:275] i2cWrite(): i2c_master_transmit failed: [259] ESP_ERR_INVALID_STATE

[ 12347][E][esp32-hal-i2c-ng.c:275] i2cWrite(): i2c_master_transmit failed: [259] ESP_ERR_INVALID_STATE

[ 12349][E][esp32-hal-i2c-ng.c:275] i2cWrite(): i2c_master_transmit failed: [259] ESP_ERR_INVALID_STATE

[ 12351][E][esp32-hal-i2c-ng.c:275] i2cWrite(): i2c_master_transmit failed: [259] ESP_ERR_INVALID_STATE

[ 12353][E][esp32-hal-i2c-ng.c:275] i2cWrite(): i2c_master_transmit failed: [259] ESP_ERR_INVALID_STATE

[ 12355][E][esp32-hal-i2c-ng.c:275] i2cWrite(): i2c_master_transmit failed: [259] ESP_ERR_INVALID_STATE

[ 12357][E][esp32-hal-i2c-ng.c:275] i2cWrite(): i2c_master_transmit failed: [259] ESP_ERR_INVALID_STATE

[ 12359][E][esp32-hal-i2c-ng.c:275] i2cWrite(): i2c_master_transmit failed: [259] ESP_ERR_INVALID_STATE

[ 12361][E][esp32-hal-i2c-ng.c:275] i2cWrite(): i2c_master_transmit failed: [259] ESP_ERR_INVALID_STATE

[ 12363][E][esp32-hal-i2c-ng.c:275] i2cWrite(): i2c_master_transmit failed: [259] ESP_ERR_INVALID_STATE

[ 12365][E][esp32-hal-i2c-ng.c:275] i2cWrite(): i2c_master_transmit failed: [259] ESP_ERR_INVALID_STATE

[ 12367][E][esp32-hal-i2c-ng.c:275] i2cWrite(): i2c_master_transmit failed: [259] ESP_ERR_INVALID_STATE

[ 12369][E][esp32-hal-i2c-ng.c:275] i2cWrite(): i2c_master_transmit failed: [259] ESP_ERR_INVALID_STATE

[ 12371][E][esp32-hal-i2c-ng.c:275] i2cWrite(): i2c_master_transmit failed: [259] ESP_ERR_INVALID_STATE

[ 12373][E][esp32-hal-i2c-ng.c:275] i2cWrite(): i2c_master_transmit failed: [259] ESP_ERR_INVALID_STATE

[ 12375][E][esp32-hal-i2c-ng.c:275] i2cWrite(): i2c_master_transmit failed: [259] ESP_ERR_INVALID_STATE

[ 12377][E][esp32-hal-i2c-ng.c:275] i2cWrite(): i2c_master_transmit failed: [259] ESP_ERR_INVALID_STATE

[ 12379][E][esp32-hal-i2c-ng.c:275] i2cWrite(): i2c_master_transmit failed: [259] ESP_ERR_INVALID_STATE

[ 12381][E][esp32-hal-i2c-ng.c:275] i2cWrite(): i2c_master_transmit failed: [259] ESP_ERR_INVALID_STATE

[ 12383][E][esp32-hal-i2c-ng.c:275] i2cWrite(): i2c_master_transmit failed: [259] ESP_ERR_INVALID_STATE

[ 12385][E][esp32-hal-i2c-ng.c:275] i2cWrite(): i2c_master_transmit failed: [259] ESP_ERR_INVALID_STATE

[ 12387][E][esp32-hal-i2c-ng.c:275] i2cWrite(): i2c_master_transmit failed: [259] ESP_ERR_INVALID_STATE

[ 12389][E][esp32-hal-i2c-ng.c:275] i2cWrite(): i2c_master_transmit failed: [259] ESP_ERR_INVALID_STATE

[ 12391][E][esp32-hal-i2c-ng.c:275] i2cWrite(): i2c_master_transmit failed: [259] ESP_ERR_INVALID_STATE

[ 12393][E][esp32-hal-i2c-ng.c:275] i2cWrite(): i2c_master_transmit failed: [259] ESP_ERR_INVALID_STATE

[ 12395][E][esp32-hal-i2c-ng.c:275] i2cWrite(): i2c_master_transmit failed: [259] ESP_ERR_INVALID_STATE

[ 12397][E][esp32-hal-i2c-ng.c:275] i2cWrite(): i2c_master_transmit failed: [259] ESP_ERR_INVALID_STATE

[ 12399][E][esp32-hal-i2c-ng.c:275] i2cWrite(): i2c_master_transmit failed: [259] ESP_ERR_INVALID_STATE

[ 12401][E][esp32-hal-i2c-ng.c:275] i2cWrite(): i2c_master_transmit failed: [259] ESP_ERR_INVALID_STATE

[ 12403][E][esp32-hal-i2c-ng.c:275] i2cWrite(): i2c_master_transmit failed: [259] ESP_ERR_INVALID_STATE

[ 12405][E][esp32-hal-i2c-ng.c:275] i2cWrite(): i2c_master_transmit failed: [259] ESP_ERR_INVALID_STATE

[ 12407][E][esp32-hal-i2c-ng.c:275] i2cWrite(): i2c_master_transmit failed: [259] ESP_ERR_INVALID_STATE

[ 12409][E][esp32-hal-i2c-ng.c:275] i2cWrite(): i2c_master_transmit failed: [259] ESP_ERR_INVALID_STATE

[ 12411][E][esp32-hal-i2c-ng.c:275] i2cWrite(): i2c_master_transmit failed: [259] ESP_ERR_INVALID_STATE

[ 12413][E][esp32-hal-i2c-ng.c:275] i2cWrite(): i2c_master_transmit failed: [259] ESP_ERR_INVALID_STATE

[ 12415][E][esp32-hal-i2c-ng.c:275] i2cWrite(): i2c_master_transmit failed: [259] ESP_ERR_INVALID_STATE

[ 12417][E][esp32-hal-i2c-ng.c:275] i2cWrite(): i2c_master_transmit failed: [259] ESP_ERR_INVALID_STATE

[ 12419][E][esp32-hal-i2c-ng.c:275] i2cWrite(): i2c_master_transmit failed: [259] ESP_ERR_INVALID_STATE

[ 12421][E][esp32-hal-i2c-ng.c:275] i2cWrite(): i2c_master_transmit failed: [259] ESP_ERR_INVALID_STATE

[ 12423][E][esp32-hal-i2c-ng.c:275] i2cWrite(): i2c_master_transmit failed: [259] ESP_ERR_INVALID_STATE

[ 12425][E][esp32-hal-i2c-ng.c:275] i2cWrite(): i2c_master_transmit failed: [259] ESP_ERR_INVALID_STATE

[ 12427][E][esp32-hal-i2c-ng.c:275] i2cWrite(): i2c_master_transmit failed: [259] ESP_ERR_INVALID_STATE

[ 12429][E][esp32-hal-i2c-ng.c:275] i2cWrite(): i2c_master_transmit failed: [259] ESP_ERR_INVALID_STATE

[ 12431][E][esp32-hal-i2c-ng.c:275] i2cWrite(): i2c_master_transmit failed: [259] ESP_ERR_INVALID_STATE

[ 12433][E][esp32-hal-i2c-ng.c:275] i2cWrite(): i2c_master_transmit failed: [259] ESP_ERR_INVALID_STATE

[ 12435][E][esp32-hal-i2c-ng.c:275] i2cWrite(): i2c_master_transmit failed: [259] ESP_ERR_INVALID_STATE

[ 12437][E][esp32-hal-i2c-ng.c:275] i2cWrite(): i2c_master_transmit failed: [259] ESP_ERR_INVALID_STATE

[ 12439][E][esp32-hal-i2c-ng.c:275] i2cWrite(): i2c_master_transmit failed: [259] ESP_ERR_INVALID_STATE

[ 12441][E][esp32-hal-i2c-ng.c:275] i2cWrite(): i2c_master_transmit failed: [259] ESP_ERR_INVALID_STATE

[ 12443][E][esp32-hal-i2c-ng.c:275] i2cWrite(): i2c_master_transmit failed: [259] ESP_ERR_INVALID_STATE

[ 12445][E][esp32-hal-i2c-ng.c:275] i2cWrite(): i2c_master_transmit failed: [259] ESP_ERR_INVALID_STATE

[ 12447][E][esp32-hal-i2c-ng.c:275] i2cWrite(): i2c_master_transmit failed: [259] ESP_ERR_INVALID_STATE

[ 12449][E][esp32-hal-i2c-ng.c:275] i2cWrite(): i2c_master_transmit failed: [259] ESP_ERR_INVALID_STATE

[ 12451][E][esp32-hal-i2c-ng.c:275] i2cWrite(): i2c_master_transmit failed: [259] ESP_ERR_INVALID_STATE

[ 12453][E][esp32-hal-i2c-ng.c:275] i2cWrite(): i2c_master_transmit failed: [259] ESP_ERR_INVALID_STATE

[ 12455][E][esp32-hal-i2c-ng.c:275] i2cWrite(): i2c_master_transmit failed: [259] ESP_ERR_INVALID_STATE

[ 12457][E][esp32-hal-i2c-ng.c:275] i2cWrite(): i2c_master_transmit failed: [259] ESP_ERR_INVALID_STATE

[ 12459][E][esp32-hal-i2c-ng.c:275] i2cWrite(): i2c_master_transmit failed: [259] ESP_ERR_INVALID_STATE

[ 12461][E][esp32-hal-i2c-ng.c:275] i2cWrite(): i2c_master_transmit failed: [259] ESP_ERR_INVALID_STATE

[ 12463][E][esp32-hal-i2c-ng.c:275] i2cWrite(): i2c_master_transmit failed: [259] ESP_ERR_INVALID_STATE

[ 12465][E][esp32-hal-i2c-ng.c:275] i2cWrite(): i2c_master_transmit failed: [259] ESP_ERR_INVALID_STATE

[ 12467][E][esp32-hal-i2c-ng.c:275] i2cWrite(): i2c_master_transmit failed: [259] ESP_ERR_INVALID_STATE

[ 12469][E][esp32-hal-i2c-ng.c:275] i2cWrite(): i2c_master_transmit failed: [259] ESP_ERR_INVALID_STATE

[ 12471][E][esp32-hal-i2c-ng.c:275] i2cWrite(): i2c_master_transmit failed: [259] ESP_ERR_INVALID_STATE

[ 12473][E][esp32-hal-i2c-ng.c:275] i2cWrite(): i2c_master_transmit failed: [259] ESP_ERR_INVALID_STATE

[ 12475][E][esp32-hal-i2c-ng.c:275] i2cWrite(): i2c_master_transmit failed: [259] ESP_ERR_INVALID_STATE

[ 12477][E][esp32-hal-i2c-ng.c:275] i2cWrite(): i2c_master_transmit failed: [259] ESP_ERR_INVALID_STATE

[ 12479][E][esp32-hal-i2c-ng.c:275] i2cWrite(): i2c_master_transmit failed: [259] ESP_ERR_INVALID_STATE

[ 12481][E][esp32-hal-i2c-ng.c:275] i2cWrite(): i2c_master_transmit failed: [259] ESP_ERR_INVALID_STATE

[ 12483][E][esp32-hal-i2c-ng.c:275] i2cWrite(): i2c_master_transmit failed: [259] ESP_ERR_INVALID_STATE

[ 12485][E][esp32-hal-i2c-ng.c:275] i2cWrite(): i2c_master_transmit failed: [259] ESP_ERR_INVALID_STATE

[ 12487][E][esp32-hal-i2c-ng.c:275] i2cWrite(): i2c_master_transmit failed: [259] ESP_ERR_INVALID_STATE

[ 12489][E][esp32-hal-i2c-ng.c:275] i2cWrite(): i2c_master_transmit failed: [259] ESP_ERR_INVALID_STATE

[ 12491][E][esp32-hal-i2c-ng.c:275] i2cWrite(): i2c_master_transmit failed: [259] ESP_ERR_INVALID_STATE

[ 12493][E][esp32-hal-i2c-ng.c:275] i2cWrite(): i2c_master_transmit failed: [259] ESP_ERR_INVALID_STATE

[ 12495][E][esp32-hal-i2c-ng.c:275] i2cWrite(): i2c_master_transmit failed: [259] ESP_ERR_INVALID_STATE

[ 12497][E][esp32-hal-i2c-ng.c:275] i2cWrite(): i2c_master_transmit failed: [259] ESP_ERR_INVALID_STATE

[ 12499][E][esp32-hal-i2c-ng.c:275] i2cWrite(): i2c_master_transmit failed: [259] ESP_ERR_INVALID_STATE

[ 12501][E][esp32-hal-i2c-ng.c:275] i2cWrite(): i2c_master_transmit failed: [259] ESP_ERR_INVALID_STATE

[ 12503][E][esp32-hal-i2c-ng.c:275] i2cWrite(): i2c_master_transmit failed: [259] ESP_ERR_INVALID_STATE

[ 12505][E][esp32-hal-i2c-ng.c:275] i2cWrite(): i2c_master_transmit failed: [259] ESP_ERR_INVALID_STATE

[ 12507][E][esp32-hal-i2c-ng.c:275] i2cWrite(): i2c_master_transmit failed: [259] ESP_ERR_INVALID_STATE

[ 12509][E][esp32-hal-i2c-ng.c:275] i2cWrite(): i2c_master_transmit failed: [259] ESP_ERR_INVALID_STATE

[ 12511][E][esp32-hal-i2c-ng.c:275] i2cWrite(): i2c_master_transmit failed: [259] ESP_ERR_INVALID_STATE

[ 12513][E][esp32-hal-i2c-ng.c:275] i2cWrite(): i2c_master_transmit failed: [259] ESP_ERR_INVALID_STATE

[ 12515][E][esp32-hal-i2c-ng.c:275] i2cWrite(): i2c_master_transmit failed: [259] ESP_ERR_INVALID_STATE

[ 12517][E][esp32-hal-i2c-ng.c:275] i2cWrite(): i2c_master_transmit failed: [259] ESP_ERR_INVALID_STATE

[ 12519][E][esp32-hal-i2c-ng.c:275] i2cWrite(): i2c_master_transmit failed: [259] ESP_ERR_INVALID_STATE

[ 12521][E][esp32-hal-i2c-ng.c:275] i2cWrite(): i2c_master_transmit failed: [259] ESP_ERR_INVALID_STATE

[ 12523][E][esp32-hal-i2c-ng.c:275] i2cWrite(): i2c_master_transmit failed: [259] ESP_ERR_INVALID_STATE

[ 12525][E][esp32-hal-i2c-ng.c:275] i2cWrite(): i2c_master_transmit failed: [259] ESP_ERR_INVALID_STATE

[ 12527][E][esp32-hal-i2c-ng.c:275] i2cWrite(): i2c_master_transmit failed: [259] ESP_ERR_INVALID_STATE

[ 12529][E][esp32-hal-i2c-ng.c:275] i2cWrite(): i2c_master_transmit failed: [259] ESP_ERR_INVALID_STATE

[ 12531][E][esp32-hal-i2c-ng.c:275] i2cWrite(): i2c_master_transmit failed: [259] ESP_ERR_INVALID_STATE

[ 12533][E][esp32-hal-i2c-ng.c:275] i2cWrite(): i2c_master_transmit failed: [259] ESP_ERR_INVALID_STATE

[ 12535][E][esp32-hal-i2c-ng.c:275] i2cWrite(): i2c_master_transmit failed: [259] ESP_ERR_INVALID_STATE

[ 12537][E][esp32-hal-i2c-ng.c:275] i2cWrite(): i2c_master_transmit failed: [259] ESP_ERR_INVALID_STATE

[ 12539][E][esp32-hal-i2c-ng.c:275] i2cWrite(): i2c_master_transmit failed: [259] ESP_ERR_INVALID_STATE

[ 12541][E][esp32-hal-i2c-ng.c:275] i2cWrite(): i2c_master_transmit failed: [259] ESP_ERR_INVALID_STATE

[ 12543][E][esp32-hal-i2c-ng.c:275] i2cWrite(): i2c_master_transmit failed: [259] ESP_ERR_INVALID_STATE

[ 12545][E][esp32-hal-i2c-ng.c:275] i2cWrite(): i2c_master_transmit failed: [259] ESP_ERR_INVALID_STATE

[ 12547][E][esp32-hal-i2c-ng.c:275] i2cWrite(): i2c_master_transmit failed: [259] ESP_ERR_INVALID_STATE

[ 12549][E][esp32-hal-i2c-ng.c:275] i2cWrite(): i2c_master_transmit failed: [259] ESP_ERR_INVALID_STATE

[ 12551][E][esp32-hal-i2c-ng.c:275] i2cWrite(): i2c_master_transmit failed: [259] ESP_ERR_INVALID_STATE

[ 12553][E][esp32-hal-i2c-ng.c:275] i2cWrite(): i2c_master_transmit failed: [259] ESP_ERR_INVALID_STATE

[ 12555][E][esp32-hal-i2c-ng.c:275] i2cWrite(): i2c_master_transmit failed: [259] ESP_ERR_INVALID_STATE

[ 12557][E][esp32-hal-i2c-ng.c:275] i2cWrite(): i2c_master_transmit failed: [259] ESP_ERR_INVALID_STATE

[ 12559][E][esp32-hal-i2c-ng.c:275] i2cWrite(): i2c_master_transmit failed: [259] ESP_ERR_INVALID_STATE

[ 12561][E][esp32-hal-i2c-ng.c:275] i2cWrite(): i2c_master_transmit failed: [259] ESP_ERR_INVALID_STATE

[ 12563][E][esp32-hal-i2c-ng.c:275] i2cWrite(): i2c_master_transmit failed: [259] ESP_ERR_INVALID_STATE

[ 12565][E][esp32-hal-i2c-ng.c:275] i2cWrite(): i2c_master_transmit failed: [259] ESP_ERR_INVALID_STATE

[ 12567][E][esp32-hal-i2c-ng.c:275] i2cWrite(): i2c_master_transmit failed: [259] ESP_ERR_INVALID_STATE

[ 12569][E][esp32-hal-i2c-ng.c:275] i2cWrite(): i2c_master_transmit failed: [259] ESP_ERR_INVALID_STATE

[ 12571][E][esp32-hal-i2c-ng.c:275] i2cWrite(): i2c_master_transmit failed: [259] ESP_ERR_INVALID_STATE

[ 12573][E][esp32-hal-i2c-ng.c:275] i2cWrite(): i2c_master_transmit failed: [259] ESP_ERR_INVALID_STATE

[ 12575][E][esp32-hal-i2c-ng.c:275] i2cWrite(): i2c_master_transmit failed: [259] ESP_ERR_INVALID_STATE

[ 12577][E][esp32-hal-i2c-ng.c:275] i2cWrite(): i2c_master_transmit failed: [259] ESP_ERR_INVALID_STATE

[ 12579][E][esp32-hal-i2c-ng.c:275] i2cWrite(): i2c_master_transmit failed: [259] ESP_ERR_INVALID_STATE

[ 12581][E][esp32-hal-i2c-ng.c:275] i2cWrite(): i2c_master_transmit failed: [259] ESP_ERR_INVALID_STATE

[ 12583][E][esp32-hal-i2c-ng.c:275] i2cWrite(): i2c_master_transmit failed: [259] ESP_ERR_INVALID_STATE

[ 12585][E][esp32-hal-i2c-ng.c:275] i2cWrite(): i2c_master_transmit failed: [259] ESP_ERR_INVALID_STATE

[ 12587][E][esp32-hal-i2c-ng.c:275] i2cWrite(): i2c_master_transmit failed: [259] ESP_ERR_INVALID_STATE

[ 12589][E][esp32-hal-i2c-ng.c:275] i2cWrite(): i2c_master_transmit failed: [259] ESP_ERR_INVALID_STATE

[ 12591][E][esp32-hal-i2c-ng.c:275] i2cWrite(): i2c_master_transmit failed: [259] ESP_ERR_INVALID_STATE

[ 12593][E][esp32-hal-i2c-ng.c:275] i2cWrite(): i2c_master_transmit failed: [259] ESP_ERR_INVALID_STATE

[ 12595][E][esp32-hal-i2c-ng.c:275] i2cWrite(): i2c_master_transmit failed: [259] ESP_ERR_INVALID_STATE

[ 12597][E][esp32-hal-i2c-ng.c:275] i2cWrite(): i2c_master_transmit failed: [259] ESP_ERR_INVALID_STATE

[ 12599][E][esp32-hal-i2c-ng.c:275] i2cWrite(): i2c_master_transmit failed: [259] ESP_ERR_INVALID_STATE

[ 12601][E][esp32-hal-i2c-ng.c:275] i2cWrite(): i2c_master_transmit failed: [259] ESP_ERR_INVALID_STATE

[ 12603][E][esp32-hal-i2c-ng.c:275] i2cWrite(): i2c_master_transmit failed: [259] ESP_ERR_INVALID_STATE

[ 12605][E][esp32-hal-i2c-ng.c:275] i2cWrite(): i2c_master_transmit failed: [259] ESP_ERR_INVALID_STATE

[ 12607][E][esp32-hal-i2c-ng.c:275] i2cWrite(): i2c_master_transmit failed: [259] ESP_ERR_INVALID_STATE

[ 12609][E][esp32-hal-i2c-ng.c:275] i2cWrite(): i2c_master_transmit failed: [259] ESP_ERR_INVALID_STATE

[ 12611][E][esp32-hal-i2c-ng.c:275] i2cWrite(): i2c_master_transmit failed: [259] ESP_ERR_INVALID_STATE

[ 12613][E][esp32-hal-i2c-ng.c:275] i2cWrite(): i2c_master_transmit failed: [259] ESP_ERR_INVALID_STATE

[ 12615][E][esp32-hal-i2c-ng.c:275] i2cWrite(): i2c_master_transmit failed: [259] ESP_ERR_INVALID_STATE

[ 12617][E][esp32-hal-i2c-ng.c:275] i2cWrite(): i2c_master_transmit failed: [259] ESP_ERR_INVALID_STATE

[ 12619][E][esp32-hal-i2c-ng.c:275] i2cWrite(): i2c_master_transmit failed: [259] ESP_ERR_INVALID_STATE

[ 12621][E][esp32-hal-i2c-ng.c:275] i2cWrite(): i2c_master_transmit failed: [259] ESP_ERR_INVALID_STATE

[ 12623][E][esp32-hal-i2c-ng.c:275] i2cWrite(): i2c_master_transmit failed: [259] ESP_ERR_INVALID_STATE

[ 12625][E][esp32-hal-i2c-ng.c:275] i2cWrite(): i2c_master_transmit failed: [259] ESP_ERR_INVALID_STATE

[ 12627][E][esp32-hal-i2c-ng.c:275] i2cWrite(): i2c_master_transmit failed: [259] ESP_ERR_INVALID_STATE

[ 12629][E][esp32-hal-i2c-ng.c:275] i2cWrite(): i2c_master_transmit failed: [259] ESP_ERR_INVALID_STATE

[ 12631][E][esp32-hal-i2c-ng.c:275] i2cWrite(): i2c_master_transmit failed: [259] ESP_ERR_INVALID_STATE

[ 12633][E][esp32-hal-i2c-ng.c:275] i2cWrite(): i2c_master_transmit failed: [259] ESP_ERR_INVALID_STATE

[ 12635][E][esp32-hal-i2c-ng.c:275] i2cWrite(): i2c_master_transmit failed: [259] ESP_ERR_INVALID_STATE

[ 12637][E][esp32-hal-i2c-ng.c:275] i2cWrite(): i2c_master_transmit failed: [259] ESP_ERR_INVALID_STATE

[ 12639][E][esp32-hal-i2c-ng.c:275] i2cWrite(): i2c_master_transmit failed: [259] ESP_ERR_INVALID_STATE

[ 12641][E][esp32-hal-i2c-ng.c:275] i2cWrite(): i2c_master_transmit failed: [259] ESP_ERR_INVALID_STATE

[ 12643][E][esp32-hal-i2c-ng.c:275] i2cWrite(): i2c_master_transmit failed: [259] ESP_ERR_INVALID_STATE

[ 12645][E][esp32-hal-i2c-ng.c:275] i2cWrite(): i2c_master_transmit failed: [259] ESP_ERR_INVALID_STATE

[ 12647][E][esp32-hal-i2c-ng.c:275] i2cWrite(): i2c_master_transmit failed: [259] ESP_ERR_INVALID_STATE

[ 12649][E][esp32-hal-i2c-ng.c:275] i2cWrite(): i2c_master_transmit failed: [259] ESP_ERR_INVALID_STATE

[ 12651][E][esp32-hal-i2c-ng.c:275] i2cWrite(): i2c_master_transmit failed: [259] ESP_ERR_INVALID_STATE

[ 12653][E][esp32-hal-i2c-ng.c:275] i2cWrite(): i2c_master_transmit failed: [259] ESP_ERR_INVALID_STATE

[ 12655][E][esp32-hal-i2c-ng.c:275] i2cWrite(): i2c_master_transmit failed: [259] ESP_ERR_INVALID_STATE

[ 12657][E][esp32-hal-i2c-ng.c:275] i2cWrite(): i2c_master_transmit failed: [259] ESP_ERR_INVALID_STATE

[ 12659][E][esp32-hal-i2c-ng.c:275] i2cWrite(): i2c_master_transmit failed: [259] ESP_ERR_INVALID_STATE

[ 12661][E][esp32-hal-i2c-ng.c:275] i2cWrite(): i2c_master_transmit failed: [259] ESP_ERR_INVALID_STATE

[ 12663][E][esp32-hal-i2c-ng.c:275] i2cWrite(): i2c_master_transmit failed: [259] ESP_ERR_INVALID_STATE

[ 12665][E][esp32-hal-i2c-ng.c:275] i2cWrite(): i2c_master_transmit failed: [259] ESP_ERR_INVALID_STATE

[ 12667][E][esp32-hal-i2c-ng.c:275] i2cWrite(): i2c_master_transmit failed: [259] ESP_ERR_INVALID_STATE

[ 12669][E][esp32-hal-i2c-ng.c:275] i2cWrite(): i2c_master_transmit failed: [259] ESP_ERR_INVALID_STATE

[ 12671][E][esp32-hal-i2c-ng.c:275] i2cWrite(): i2c_master_transmit failed: [259] ESP_ERR_INVALID_STATE

[ 12673][E][esp32-hal-i2c-ng.c:275] i2cWrite(): i2c_master_transmit failed: [259] ESP_ERR_INVALID_STATE

[ 12675][E][esp32-hal-i2c-ng.c:275] i2cWrite(): i2c_master_transmit failed: [259] ESP_ERR_INVALID_STATE

[ 12677][E][esp32-hal-i2c-ng.c:275] i2cWrite(): i2c_master_transmit failed: [259] ESP_ERR_INVALID_STATE

[ 12679][E][esp32-hal-i2c-ng.c:275] i2cWrite(): i2c_master_transmit failed: [259] ESP_ERR_INVALID_STATE

[ 12681][E][esp32-hal-i2c-ng.c:275] i2cWrite(): i2c_master_transmit failed: [259] ESP_ERR_INVALID_STATE

[ 12683][E][esp32-hal-i2c-ng.c:275] i2cWrite(): i2c_master_transmit failed: [259] ESP_ERR_INVALID_STATE

[ 12685][E][esp32-hal-i2c-ng.c:275] i2cWrite(): i2c_master_transmit failed: [259] ESP_ERR_INVALID_STATE

[ 12687][E][esp32-hal-i2c-ng.c:275] i2cWrite(): i2c_master_transmit failed: [259] ESP_ERR_INVALID_STATE

[ 12689][E][esp32-hal-i2c-ng.c:275] i2cWrite(): i2c_master_transmit failed: [259] ESP_ERR_INVALID_STATE

[ 12691][E][esp32-hal-i2c-ng.c:275] i2cWrite(): i2c_master_transmit failed: [259] ESP_ERR_INVALID_STATE

[ 12693][E][esp32-hal-i2c-ng.c:275] i2cWrite(): i2c_master_transmit failed: [259] ESP_ERR_INVALID_STATE

[ 12695][E][esp32-hal-i2c-ng.c:275] i2cWrite(): i2c_master_transmit failed: [259] ESP_ERR_INVALID_STATE

[ 12697][E][esp32-hal-i2c-ng.c:275] i2cWrite(): i2c_master_transmit failed: [259] ESP_ERR_INVALID_STATE

[ 12699][E][esp32-hal-i2c-ng.c:275] i2cWrite(): i2c_master_transmit failed: [259] ESP_ERR_INVALID_STATE

[ 12701][E][esp32-hal-i2c-ng.c:275] i2cWrite(): i2c_master_transmit failed: [259] ESP_ERR_INVALID_STATE

[ 12703][E][esp32-hal-i2c-ng.c:275] i2cWrite(): i2c_master_transmit failed: [259] ESP_ERR_INVALID_STATE

[ 12705][E][esp32-hal-i2c-ng.c:275] i2cWrite(): i2c_master_transmit failed: [259] ESP_ERR_INVALID_STATE

[ 12707][E][esp32-hal-i2c-ng.c:275] i2cWrite(): i2c_master_transmit failed: [259] ESP_ERR_INVALID_STATE

[ 12709][E][esp32-hal-i2c-ng.c:275] i2cWrite(): i2c_master_transmit failed: [259] ESP_ERR_INVALID_STATE

[ 12711][E][esp32-hal-i2c-ng.c:275] i2cWrite(): i2c_master_transmit failed: [259] ESP_ERR_INVALID_STATE

[ 12713][E][esp32-hal-i2c-ng.c:275] i2cWrite(): i2c_master_transmit failed: [259] ESP_ERR_INVALID_STATE

[ 12715][E][esp32-hal-i2c-ng.c:275] i2cWrite(): i2c_master_transmit failed: [259] ESP_ERR_INVALID_STATE

[ 12717][E][esp32-hal-i2c-ng.c:275] i2cWrite(): i2c_master_transmit failed: [259] ESP_ERR_INVALID_STATE

[ 12719][E][esp32-hal-i2c-ng.c:275] i2cWrite(): i2c_master_transmit failed: [259] ESP_ERR_INVALID_STATE

[ 12721][E][esp32-hal-i2c-ng.c:275] i2cWrite(): i2c_master_transmit failed: [259] ESP_ERR_INVALID_STATE

[ 12723][E][esp32-hal-i2c-ng.c:275] i2cWrite(): i2c_master_transmit failed: [259] ESP_ERR_INVALID_STATE

[ 12725][E][esp32-hal-i2c-ng.c:275] i2cWrite(): i2c_master_transmit failed: [259] ESP_ERR_INVALID_STATE

[ 12727][E][esp32-hal-i2c-ng.c:275] i2cWrite(): i2c_master_transmit failed: [259] ESP_ERR_INVALID_STATE

[ 12729][E][esp32-hal-i2c-ng.c:275] i2cWrite(): i2c_master_transmit failed: [259] ESP_ERR_INVALID_STATE

[ 12731][E][esp32-hal-i2c-ng.c:275] i2cWrite(): i2c_master_transmit failed: [259] ESP_ERR_INVALID_STATE

[ 12733][E][esp32-hal-i2c-ng.c:275] i2cWrite(): i2c_master_transmit failed: [259] ESP_ERR_INVALID_STATE

[ 12735][E][esp32-hal-i2c-ng.c:275] i2cWrite(): i2c_master_transmit failed: [259] ESP_ERR_INVALID_STATE

[ 12737][E][esp32-hal-i2c-ng.c:275] i2cWrite(): i2c_master_transmit failed: [259] ESP_ERR_INVALID_STATE

[ 12739][E][esp32-hal-i2c-ng.c:275] i2cWrite(): i2c_master_transmit failed: [259] ESP_ERR_INVALID_STATE

[ 12741][E][esp32-hal-i2c-ng.c:275] i2cWrite(): i2c_master_transmit failed: [259] ESP_ERR_INVALID_STATE

[ 12743][E][esp32-hal-i2c-ng.c:275] i2cWrite(): i2c_master_transmit failed: [259] ESP_ERR_INVALID_STATE

[ 12745][E][esp32-hal-i2c-ng.c:275] i2cWrite(): i2c_master_transmit failed: [259] ESP_ERR_INVALID_STATE

[ 12747][E][esp32-hal-i2c-ng.c:275] i2cWrite(): i2c_master_transmit failed: [259] ESP_ERR_INVALID_STATE

[ 12749][E][esp32-hal-i2c-ng.c:275] i2cWrite(): i2c_master_transmit failed: [259] ESP_ERR_INVALID_STATE

[ 12751][E][esp32-hal-i2c-ng.c:275] i2cWrite(): i2c_master_transmit failed: [259] ESP_ERR_INVALID_STATE

[ 12753][E][esp32-hal-i2c-ng.c:275] i2cWrite(): i2c_master_transmit failed: [259] ESP_ERR_INVALID_STATE

[ 12755][E][esp32-hal-i2c-ng.c:275] i2cWrite(): i2c_master_transmit failed: [259] ESP_ERR_INVALID_STATE

[ 12757][E][esp32-hal-i2c-ng.c:275] i2cWrite(): i2c_master_transmit failed: [259] ESP_ERR_INVALID_STATE

[ 12759][E][esp32-hal-i2c-ng.c:275] i2cWrite(): i2c_master_transmit failed: [259] ESP_ERR_INVALID_STATE

[ 12761][E][esp32-hal-i2c-ng.c:275] i2cWrite(): i2c_master_transmit failed: [259] ESP_ERR_INVALID_STATE

[ 12763][E][esp32-hal-i2c-ng.c:275] i2cWrite(): i2c_master_transmit failed: [259] ESP_ERR_INVALID_STATE

[ 12765][E][esp32-hal-i2c-ng.c:275] i2cWrite(): i2c_master_transmit failed: [259] ESP_ERR_INVALID_STATE

[ 12767][E][esp32-hal-i2c-ng.c:275] i2cWrite(): i2c_master_transmit failed: [259] ESP_ERR_INVALID_STATE

[ 12769][E][esp32-hal-i2c-ng.c:275] i2cWrite(): i2c_master_transmit failed: [259] ESP_ERR_INVALID_STATE

[ 12771][E][esp32-hal-i2c-ng.c:275] i2cWrite(): i2c_master_transmit failed: [259] ESP_ERR_INVALID_STATE

[ 12773][E][esp32-hal-i2c-ng.c:275] i2cWrite(): i2c_master_transmit failed: [259] ESP_ERR_INVALID_STATE

[ 12775][E][esp32-hal-i2c-ng.c:275] i2cWrite(): i2c_master_transmit failed: [259] ESP_ERR_INVALID_STATE

[ 12777][E][esp32-hal-i2c-ng.c:275] i2cWrite(): i2c_master_transmit failed: [259] ESP_ERR_INVALID_STATE

[ 12779][E][esp32-hal-i2c-ng.c:275] i2cWrite(): i2c_master_transmit failed: [259] ESP_ERR_INVALID_STATE

[ 12781][E][esp32-hal-i2c-ng.c:275] i2cWrite(): i2c_master_transmit failed: [259] ESP_ERR_INVALID_STATE

[ 12783][E][esp32-hal-i2c-ng.c:275] i2cWrite(): i2c_master_transmit failed: [259] ESP_ERR_INVALID_STATE

[ 12785][E][esp32-hal-i2c-ng.c:275] i2cWrite(): i2c_master_transmit failed: [259] ESP_ERR_INVALID_STATE

[ 12787][E][esp32-hal-i2c-ng.c:275] i2cWrite(): i2c_master_transmit failed: [259] ESP_ERR_INVALID_STATE

[ 12789][E][esp32-hal-i2c-ng.c:275] i2cWrite(): i2c_master_transmit failed: [259] ESP_ERR_INVALID_STATE

[ 12791][E][esp32-hal-i2c-ng.c:275] i2cWrite(): i2c_master_transmit failed: [259] ESP_ERR_INVALID_STATE

[ 12793][E][esp32-hal-i2c-ng.c:275] i2cWrite(): i2c_master_transmit failed: [259] ESP_ERR_INVALID_STATE

[ 12795][E][esp32-hal-i2c-ng.c:275] i2cWrite(): i2c_master_transmit failed: [259] ESP_ERR_INVALID_STATE

[ 12797][E][esp32-hal-i2c-ng.c:275] i2cWrite(): i2c_master_transmit failed: [259] ESP_ERR_INVALID_STATE

[ 12799][E][esp32-hal-i2c-ng.c:275] i2cWrite(): i2c_master_transmit failed: [259] ESP_ERR_INVALID_STATE

[ 12801][E][esp32-hal-i2c-ng.c:275] i2cWrite(): i2c_master_transmit failed: [259] ESP_ERR_INVALID_STATE

[ 12803][E][esp32-hal-i2c-ng.c:275] i2cWrite(): i2c_master_transmit failed: [259] ESP_ERR_INVALID_STATE

[ 12805][E][esp32-hal-i2c-ng.c:275] i2cWrite(): i2c_master_transmit failed: [259] ESP_ERR_INVALID_STATE

[ 12807][E][esp32-hal-i2c-ng.c:275] i2cWrite(): i2c_master_transmit failed: [259] ESP_ERR_INVALID_STATE

[ 12809][E][esp32-hal-i2c-ng.c:275] i2cWrite(): i2c_master_transmit failed: [259] ESP_ERR_INVALID_STATE

[ 12811][E][esp32-hal-i2c-ng.c:275] i2cWrite(): i2c_master_transmit failed: [259] ESP_ERR_INVALID_STATE

[ 12813][E][esp32-hal-i2c-ng.c:275] i2cWrite(): i2c_master_transmit failed: [259] ESP_ERR_INVALID_STATE

[ 12815][E][esp32-hal-i2c-ng.c:275] i2cWrite(): i2c_master_transmit failed: [259] ESP_ERR_INVALID_STATE

[ 12817][E][esp32-hal-i2c-ng.c:275] i2cWrite(): i2c_master_transmit failed: [259] ESP_ERR_INVALID_STATE

[ 12819][E][esp32-hal-i2c-ng.c:275] i2cWrite(): i2c_master_transmit failed: [259] ESP_ERR_INVALID_STATE

[ 12821][E][esp32-hal-i2c-ng.c:275] i2cWrite(): i2c_master_transmit failed: [259] ESP_ERR_INVALID_STATE

[ 12823][E][esp32-hal-i2c-ng.c:275] i2cWrite(): i2c_master_transmit failed: [259] ESP_ERR_INVALID_STATE

[ 12825][E][esp32-hal-i2c-ng.c:275] i2cWrite(): i2c_master_transmit failed: [259] ESP_ERR_INVALID_STATE

[ 12827][E][esp32-hal-i2c-ng.c:275] i2cWrite(): i2c_master_transmit failed: [259] ESP_ERR_INVALID_STATE

[ 12829][E][esp32-hal-i2c-ng.c:275] i2cWrite(): i2c_master_transmit failed: [259] ESP_ERR_INVALID_STATE

[ 12831][E][esp32-hal-i2c-ng.c:275] i2cWrite(): i2c_master_transmit failed: [259] ESP_ERR_INVALID_STATE

[ 12833][E][esp32-hal-i2c-ng.c:275] i2cWrite(): i2c_master_transmit failed: [259] ESP_ERR_INVALID_STATE

[ 12835][E][esp32-hal-i2c-ng.c:275] i2cWrite(): i2c_master_transmit failed: [259] ESP_ERR_INVALID_STATE

[ 12837][E][esp32-hal-i2c-ng.c:275] i2cWrite(): i2c_master_transmit failed: [259] ESP_ERR_INVALID_STATE

[ 12839][E][esp32-hal-i2c-ng.c:275] i2cWrite(): i2c_master_transmit failed: [259] ESP_ERR_INVALID_STATE

[ 12841][E][esp32-hal-i2c-ng.c:275] i2cWrite(): i2c_master_transmit failed: [259] ESP_ERR_INVALID_STATE

[ 12843][E][esp32-hal-i2c-ng.c:275] i2cWrite(): i2c_master_transmit failed: [259] ESP_ERR_INVALID_STATE

[ 12845][E][esp32-hal-i2c-ng.c:275] i2cWrite(): i2c_master_transmit failed: [259] ESP_ERR_INVALID_STATE

[ 12847][E][esp32-hal-i2c-ng.c:275] i2cWrite(): i2c_master_transmit failed: [259] ESP_ERR_INVALID_STATE

[ 12849][E][esp32-hal-i2c-ng.c:275] i2cWrite(): i2c_master_transmit failed: [259] ESP_ERR_INVALID_STATE

[ 12851][E][esp32-hal-i2c-ng.c:275] i2cWrite(): i2c_master_transmit failed: [259] ESP_ERR_INVALID_STATE

[ 12853][E][esp32-hal-i2c-ng.c:275] i2cWrite(): i2c_master_transmit failed: [259] ESP_ERR_INVALID_STATE

[ 12855][E][esp32-hal-i2c-ng.c:275] i2cWrite(): i2c_master_transmit failed: [259] ESP_ERR_INVALID_STATE

[ 12857][E][esp32-hal-i2c-ng.c:275] i2cWrite(): i2c_master_transmit failed: [259] ESP_ERR_INVALID_STATE

[ 12[ 12859][E][esp32-hal-i2c-ng.c:275] i2cWrite(): i2c_master_transmit failed: [259] ESP_ERR_INVALID_STATE

859][I][main.cpp:526] vTaskLogData(): [NaMa] T: FSM, U: 340, F: 172

[ 12859][I][main.cpp:526] vTaskLogData(): [NaMa] T: Poll, U: 1768, F: 280

[ 12860][I][main.cpp:526] vTaskLogData(): [NaMa] T: Ptch, U: 1632, F: 2464

[ 12860][I][main.cpp:526] vTaskLogData(): [NaMa] T: Recv, U: 320, F: 1728

[ 12860][I][main.cpp:526] vTaskLogData(): [NaMa] T: Send, U: 256, F: 1792

[ 12860][I][main.cpp:526] vTaskLogData(): [NaMa] T: Cfg, U: 256, F: 256

[ 12861][E][esp32-hal-i2c-ng.c:275] i2cWrite(): i2c_master_transmit failed: [259] ESP_ERR_INVALID_STATE

[ 12861][I][main.cpp:526] vTaskLogData(): [NaMa] T: LED, U: 268, F: 244

[ 12861][I][main.cpp:526] vTaskLogData(): [NaMa] T: Log, U: 2456, F: 1640

[ 12863][E][esp32-hal-i2c-ng.c:275] i2cWrite(): i2c_master_transmit failed: [259] ESP_ERR_INVALID_STATE

[ 12865][E][esp32-hal-i2c-ng.c:275] i2cWrite(): i2c_master_transmit failed: [259] ESP_ERR_INVALID_STATE

[ 12867][E][esp32-hal-i2c-ng.c:275] i2cWrite(): i2c_master_transmit failed: [259] ESP_ERR_INVALID_STATE

[ 12869][E][esp32-hal-i2c-ng.c:275] i2cWrite(): i2c_master_transmit failed: [259] ESP_ERR_INVALID_STATE

[ 12871][E][esp32-hal-i2c-ng.c:275] i2cWrite(): i2c_master_transmit failed: [259] ESP_ERR_INVALID_STATE

[ 12873][E][esp32-hal-i2c-ng.c:275] i2cWrite(): i2c_master_transmit failed: [259] ESP_ERR_INVALID_STATE

[ 12875][E][esp32-hal-i2c-ng.c:275] i2cWrite(): i2c_master_transmit failed: [259] ESP_ERR_INVALID_STATE

[ 12877][E][esp32-hal-i2c-ng.c:275] i2cWrite(): i2c_master_transmit failed: [259] ESP_ERR_INVALID_STATE

[ 12879][E][esp32-hal-i2c-ng.c:275] i2cWrite(): i2c_master_transmit failed: [259] ESP_ERR_INVALID_STATE

[ 12881][E][esp32-hal-i2c-ng.c:275] i2cWrite(): i2c_master_transmit failed: [259] ESP_ERR_INVALID_STATE

[ 12883][E][esp32-hal-i2c-ng.c:275] i2cWrite(): i2c_master_transmit failed: [259] ESP_ERR_INVALID_STATE

[ 12885][E][esp32-hal-i2c-ng.c:275] i2cWrite(): i2c_master_transmit failed: [259] ESP_ERR_INVALID_STATE

[ 12887][E][esp32-hal-i2c-ng.c:275] i2cWrite(): i2c_master_transmit failed: [259] ESP_ERR_INVALID_STATE

[ 12889][E][esp32-hal-i2c-ng.c:275] i2cWrite(): i2c_master_transmit failed: [259] ESP_ERR_INVALID_STATE

[ 12891][E][esp32-hal-i2c-ng.c:275] i2cWrite(): i2c_master_transmit failed: [259] ESP_ERR_INVALID_STATE

[ 12893][E][esp32-hal-i2c-ng.c:275] i2cWrite(): i2c_master_transmit failed: [259] ESP_ERR_INVALID_STATE

[ 12895][E][esp32-hal-i2c-ng.c:275] i2cWrite(): i2c_master_transmit failed: [259] ESP_ERR_INVALID_STATE

[ 12897][E][esp32-hal-i2c-ng.c:275] i2cWrite(): i2c_master_transmit failed: [259] ESP_ERR_INVALID_STATE

[ 12899][E][esp32-hal-i2c-ng.c:275] i2cWrite(): i2c_master_transmit failed: [259] ESP_ERR_INVALID_STATE

[ 12901][E][esp32-hal-i2c-ng.c:275] i2cWrite(): i2c_master_transmit failed: [259] ESP_ERR_INVALID_STATE

[ 12903][E][esp32-hal-i2c-ng.c:275] i2cWrite(): i2c_master_transmit failed: [259] ESP_ERR_INVALID_STATE

[ 12905][E][esp32-hal-i2c-ng.c:275] i2cWrite(): i2c_master_transmit failed: [259] ESP_ERR_INVALID_STATE

[ 12907][E][esp32-hal-i2c-ng.c:275] i2cWrite(): i2c_master_transmit failed: [259] ESP_ERR_INVALID_STATE

[ 12909][E][esp32-hal-i2c-ng.c:275] i2cWrite(): i2c_master_transmit failed: [259] ESP_ERR_INVALID_STATE

[ 12911][E][esp32-hal-i2c-ng.c:275] i2cWrite(): i2c_master_transmit failed: [259] ESP_ERR_INVALID_STATE

[ 12913][E][esp32-hal-i2c-ng.c:275] i2cWrite(): i2c_master_transmit failed: [259] ESP_ERR_INVALID_STATE

[ 12915][E][esp32-hal-i2c-ng.c:275] i2cWrite(): i2c_master_transmit failed: [259] ESP_ERR_INVALID_STATE

[ 12917][E][esp32-hal-i2c-ng.c:275] i2cWrite(): i2c_master_transmit failed: [259] ESP_ERR_INVALID_STATE

[ 12919][E][esp32-hal-i2c-ng.c:275] i2cWrite(): i2c_master_transmit failed: [259] ESP_ERR_INVALID_STATE

[ 12921][E][esp32-hal-i2c-ng.c:275] i2cWrite(): i2c_master_transmit failed: [259] ESP_ERR_INVALID_STATE

[ 12923][E][esp32-hal-i2c-ng.c:275] i2cWrite(): i2c_master_transmit failed: [259] ESP_ERR_INVALID_STATE

[ 12925][E][esp32-hal-i2c-ng.c:275] i2cWrite(): i2c_master_transmit failed: [259] ESP_ERR_INVALID_STATE

[ 12927][E][esp32-hal-i2c-ng.c:275] i2cWrite(): i2c_master_transmit failed: [259] ESP_ERR_INVALID_STATE

[ 12929][E][esp32-hal-i2c-ng.c:275] i2cWrite(): i2c_master_transmit failed: [259] ESP_ERR_INVALID_STATE

[ 12931][E][esp32-hal-i2c-ng.c:275] i2cWrite(): i2c_master_transmit failed: [259] ESP_ERR_INVALID_STATE

[ 12933][E][esp32-hal-i2c-ng.c:275] i2cWrite(): i2c_master_transmit failed: [259] ESP_ERR_INVALID_STATE

[ 12935][E][esp32-hal-i2c-ng.c:275] i2cWrite(): i2c_master_transmit failed: [259] ESP_ERR_INVALID_STATE

[ 12937][E][esp32-hal-i2c-ng.c:275] i2cWrite(): i2c_master_transmit failed: [259] ESP_ERR_INVALID_STATE

[ 12939][E][esp32-hal-i2c-ng.c:275] i2cWrite(): i2c_master_transmit failed: [259] ESP_ERR_INVALID_STATE

[ 12941][E][esp32-hal-i2c-ng.c:275] i2cWrite(): i2c_master_transmit failed: [259] ESP_ERR_INVALID_STATE

[ 12943][E][esp32-hal-i2c-ng.c:275] i2cWrite(): i2c_master_transmit failed: [259] ESP_ERR_INVALID_STATE

[ 12945][E][esp32-hal-i2c-ng.c:275] i2cWrite(): i2c_master_transmit failed: [259] ESP_ERR_INVALID_STATE

[ 12947][E][esp32-hal-i2c-ng.c:275] i2cWrite(): i2c_master_transmit failed: [259] ESP_ERR_INVALID_STATE

[ 12949][E][esp32-hal-i2c-ng.c:275] i2cWrite(): i2c_master_transmit failed: [259] ESP_ERR_INVALID_STATE

[ 12951][E][esp32-hal-i2c-ng.c:275] i2cWrite(): i2c_master_transmit failed: [259] ESP_ERR_INVALID_STATE

[ 12953][E][esp32-hal-i2c-ng.c:275] i2cWrite(): i2c_master_transmit failed: [259] ESP_ERR_INVALID_STATE

[ 12955][E][esp32-hal-i2c-ng.c:275] i2cWrite(): i2c_master_transmit failed: [259] ESP_ERR_INVALID_STATE

[ 12957][E][esp32-hal-i2c-ng.c:275] i2cWrite(): i2c_master_transmit failed: [259] ESP_ERR_INVALID_STATE

[ 12959][E][esp32-hal-i2c-ng.c:275] i2cWrite(): i2c_master_transmit failed: [259] ESP_ERR_INVALID_STATE

[ 12961][E][esp32-hal-i2c-ng.c:275] i2cWrite(): i2c_master_transmit failed: [259] ESP_ERR_INVALID_STATE

[ 12963][E][esp32-hal-i2c-ng.c:275] i2cWrite(): i2c_master_transmit failed: [259] ESP_ERR_INVALID_STATE

[ 12965][E][esp32-hal-i2c-ng.c:275] i2cWrite(): i2c_master_transmit failed: [259] ESP_ERR_INVALID_STATE

[ 12967][E][esp32-hal-i2c-ng.c:275] i2cWrite(): i2c_master_transmit failed: [259] ESP_ERR_INVALID_STATE

[ 12969][E][esp32-hal-i2c-ng.c:275] i2cWrite(): i2c_master_transmit failed: [259] ESP_ERR_INVALID_STATE

[ 12971][E][esp32-hal-i2c-ng.c:275] i2cWrite(): i2c_master_transmit failed: [259] ESP_ERR_INVALID_STATE

[ 12973][E][esp32-hal-i2c-ng.c:275] i2cWrite(): i2c_master_transmit failed: [259] ESP_ERR_INVALID_STATE

[ 12975][E][esp32-hal-i2c-ng.c:275] i2cWrite(): i2c_master_transmit failed: [259] ESP_ERR_INVALID_STATE

[ 12977][E][esp32-hal-i2c-ng.c:275] i2cWrite(): i2c_master_transmit failed: [259] ESP_ERR_INVALID_STATE

[ 12979][E][esp32-hal-i2c-ng.c:275] i2cWrite(): i2c_master_transmit failed: [259] ESP_ERR_INVALID_STATE

[ 12981][E][esp32-hal-i2c-ng.c:275] i2cWrite(): i2c_master_transmit failed: [259] ESP_ERR_INVALID_STATE

[ 12983][E][esp32-hal-i2c-ng.c:275] i2cWrite(): i2c_master_transmit failed: [259] ESP_ERR_INVALID_STATE

[ 12985][E][esp32-hal-i2c-ng.c:275] i2cWrite(): i2c_master_transmit failed: [259] ESP_ERR_INVALID_STATE

[ 12987][E][esp32-hal-i2c-ng.c:275] i2cWrite(): i2c_master_transmit failed: [259] ESP_ERR_INVALID_STATE

[ 12989][E][esp32-hal-i2c-ng.c:275] i2cWrite(): i2c_master_transmit failed: [259] ESP_ERR_INVALID_STATE

[ 12991][E][esp32-hal-i2c-ng.c:275] i2cWrite(): i2c_master_transmit failed: [259] ESP_ERR_INVALID_STATE

[ 12993][E][esp32-hal-i2c-ng.c:275] i2cWrite(): i2c_master_transmit failed: [259] ESP_ERR_INVALID_STATE

[ 12995][E][esp32-hal-i2c-ng.c:275] i2cWrite(): i2c_master_transmit failed: [259] ESP_ERR_INVALID_STATE

[ 12997][E][esp32-hal-i2c-ng.c:275] i2cWrite(): i2c_master_transmit failed: [259] ESP_ERR_INVALID_STATE

[ 12999][E][esp32-hal-i2c-ng.c:275] i2cWrite(): i2c_master_transmit failed: [259] ESP_ERR_INVALID_STATE

[ 13001][E][esp32-hal-i2c-ng.c:275] i2cWrite(): i2c_master_transmit failed: [259] ESP_ERR_INVALID_STATE

[ 13003][E][esp32-hal-i2c-ng.c:275] i2cWrite(): i2c_master_transmit failed: [259] ESP_ERR_INVALID_STATE

[ 13005][E][esp32-hal-i2c-ng.c:275] i2cWrite(): i2c_master_transmit failed: [259] ESP_ERR_INVALID_STATE

[ 13007][E][esp32-hal-i2c-ng.c:275] i2cWrite(): i2c_master_transmit failed: [259] ESP_ERR_INVALID_STATE

[ 13009][E][esp32-hal-i2c-ng.c:275] i2cWrite(): i2c_master_transmit failed: [259] ESP_ERR_INVALID_STATE

[ 13011][E][esp32-hal-i2c-ng.c:275] i2cWrite(): i2c_master_transmit failed: [259] ESP_ERR_INVALID_STATE

[ 13013][E][esp32-hal-i2c-ng.c:275] i2cWrite(): i2c_master_transmit failed: [259] ESP_ERR_INVALID_STATE

[ 13015][E][esp32-hal-i2c-ng.c:275] i2cWrite(): i2c_master_transmit failed: [259] ESP_ERR_INVALID_STATE

[ 13017][E][esp32-hal-i2c-ng.c:275] i2cWrite(): i2c_master_transmit failed: [259] ESP_ERR_INVALID_STATE

[ 13019][E][esp32-hal-i2c-ng.c:275] i2cWrite(): i2c_master_transmit failed: [259] ESP_ERR_INVALID_STATE

[ 13021][E][esp32-hal-i2c-ng.c:275] i2cWrite(): i2c_master_transmit failed: [259] ESP_ERR_INVALID_STATE

[ 13023][E][esp32-hal-i2c-ng.c:275] i2cWrite(): i2c_master_transmit failed: [259] ESP_ERR_INVALID_STATE

[ 13025][E][esp32-hal-i2c-ng.c:275] i2cWrite(): i2c_master_transmit failed: [259] ESP_ERR_INVALID_STATE

[ 13027][E][esp32-hal-i2c-ng.c:275] i2cWrite(): i2c_master_transmit failed: [259] ESP_ERR_INVALID_STATE

[ 13029][E][esp32-hal-i2c-ng.c:275] i2cWrite(): i2c_master_transmit failed: [259] ESP_ERR_INVALID_STATE

[ 13031][E][esp32-hal-i2c-ng.c:275] i2cWrite(): i2c_master_transmit failed: [259] ESP_ERR_INVALID_STATE

[ 13033][E][esp32-hal-i2c-ng.c:275] i2cWrite(): i2c_master_transmit failed: [259] ESP_ERR_INVALID_STATE

[ 13035][E][esp32-hal-i2c-ng.c:275] i2cWrite(): i2c_master_transmit failed: [259] ESP_ERR_INVALID_STATE

[ 13037][E][esp32-hal-i2c-ng.c:275] i2cWrite(): i2c_master_transmit failed: [259] ESP_ERR_INVALID_STATE

[ 13039][E][esp32-hal-i2c-ng.c:275] i2cWrite(): i2c_master_transmit failed: [259] ESP_ERR_INVALID_STATE

[ 13041][E][esp32-hal-i2c-ng.c:275] i2cWrite(): i2c_master_transmit failed: [259] ESP_ERR_INVALID_STATE

[ 13043][E][esp32-hal-i2c-ng.c:275] i2cWrite(): i2c_master_transmit failed: [259] ESP_ERR_INVALID_STATE

[ 13045][E][esp32-hal-i2c-ng.c:275] i2cWrite(): i2c_master_transmit failed: [259] ESP_ERR_INVALID_STATE

[ 13047][E][esp32-hal-i2c-ng.c:275] i2cWrite(): i2c_master_transmit failed: [259] ESP_ERR_INVALID_STATE

[ 13049][E][esp32-hal-i2c-ng.c:275] i2cWrite(): i2c_master_transmit failed: [259] ESP_ERR_INVALID_STATE

[ 13051][E][esp32-hal-i2c-ng.c:275] i2cWrite(): i2c_master_transmit failed: [259] ESP_ERR_INVALID_STATE

[ 13053][E][esp32-hal-i2c-ng.c:275] i2cWrite(): i2c_master_transmit failed: [259] ESP_ERR_INVALID_STATE

[ 13055][E][esp32-hal-i2c-ng.c:275] i2cWrite(): i2c_master_transmit failed: [259] ESP_ERR_INVALID_STATE

[ 13057][E][esp32-hal-i2c-ng.c:275] i2cWrite(): i2c_master_transmit failed: [259] ESP_ERR_INVALID_STATE

[ 13059][E][esp32-hal-i2c-ng.c:275] i2cWrite(): i2c_master_transmit failed: [259] ESP_ERR_INVALID_STATE

[ 13061][E][esp32-hal-i2c-ng.c:275] i2cWrite(): i2c_master_transmit failed: [259] ESP_ERR_INVALID_STATE

[ 13063][E][esp32-hal-i2c-ng.c:275] i2cWrite(): i2c_master_transmit failed: [259] ESP_ERR_INVALID_STATE

[ 13065][E][esp32-hal-i2c-ng.c:275] i2cWrite(): i2c_master_transmit failed: [259] ESP_ERR_INVALID_STATE

[ 13067][E][esp32-hal-i2c-ng.c:275] i2cWrite(): i2c_master_transmit failed: [259] ESP_ERR_INVALID_STATE

[ 13069][E][esp32-hal-i2c-ng.c:275] i2cWrite(): i2c_master_transmit failed: [259] ESP_ERR_INVALID_STATE

[ 13071][E][esp32-hal-i2c-ng.c:275] i2cWrite(): i2c_master_transmit failed: [259] ESP_ERR_INVALID_STATE

[ 13073][E][esp32-hal-i2c-ng.c:275] i2cWrite(): i2c_master_transmit failed: [259] ESP_ERR_INVALID_STATE

[ 13075][E][esp32-hal-i2c-ng.c:275] i2cWrite(): i2c_master_transmit failed: [259] ESP_ERR_INVALID_STATE

[ 13077][E][esp32-hal-i2c-ng.c:275] i2cWrite(): i2c_master_transmit failed: [259] ESP_ERR_INVALID_STATE

[ 13079][E][esp32-hal-i2c-ng.c:275] i2cWrite(): i2c_master_transmit failed: [259] ESP_ERR_INVALID_STATE

[ 13081][E][esp32-hal-i2c-ng.c:275] i2cWrite(): i2c_master_transmit failed: [259] ESP_ERR_INVALID_STATE

[ 13083][E][esp32-hal-i2c-ng.c:275] i2cWrite(): i2c_master_transmit failed: [259] ESP_ERR_INVALID_STATE

[ 13085][E][esp32-hal-i2c-ng.c:275] i2cWrite(): i2c_master_transmit failed: [259] ESP_ERR_INVALID_STATE

[ 13087][E][esp32-hal-i2c-ng.c:275] i2cWrite(): i2c_master_transmit failed: [259] ESP_ERR_INVALID_STATE

[ 13089][E][esp32-hal-i2c-ng.c:275] i2cWrite(): i2c_master_transmit failed: [259] ESP_ERR_INVALID_STATE

[ 13091][E][esp32-hal-i2c-ng.c:275] i2cWrite(): i2c_master_transmit failed: [259] ESP_ERR_INVALID_STATE

[ 13093][E][esp32-hal-i2c-ng.c:275] i2cWrite(): i2c_master_transmit failed: [259] ESP_ERR_INVALID_STATE

[ 13095][E][esp32-hal-i2c-ng.c:275] i2cWrite(): i2c_master_transmit failed: [259] ESP_ERR_INVALID_STATE

[ 13097][E][esp32-hal-i2c-ng.c:275] i2cWrite(): i2c_master_transmit failed: [259] ESP_ERR_INVALID_STATE

[ 13099][E][esp32-hal-i2c-ng.c:275] i2cWrite(): i2c_master_transmit failed: [259] ESP_ERR_INVALID_STATE

[ 13101][E][esp32-hal-i2c-ng.c:275] i2cWrite(): i2c_master_transmit failed: [259] ESP_ERR_INVALID_STATE

[ 13103][E][esp32-hal-i2c-ng.c:275] i2cWrite(): i2c_master_transmit failed: [259] ESP_ERR_INVALID_STATE

[ 13105][E][esp32-hal-i2c-ng.c:275] i2cWrite(): i2c_master_transmit failed: [259] ESP_ERR_INVALID_STATE

[ 13107][E][esp32-hal-i2c-ng.c:275] i2cWrite(): i2c_master_transmit failed: [259] ESP_ERR_INVALID_STATE

[ 13109][E][esp32-hal-i2c-ng.c:275] i2cWrite(): i2c_master_transmit failed: [259] ESP_ERR_INVALID_STATE

[ 13111][E][esp32-hal-i2c-ng.c:275] i2cWrite(): i2c_master_transmit failed: [259] ESP_ERR_INVALID_STATE

[ 13113][E][esp32-hal-i2c-ng.c:275] i2cWrite(): i2c_master_transmit failed: [259] ESP_ERR_INVALID_STATE

[ 13115][E][esp32-hal-i2c-ng.c:275] i2cWrite(): i2c_master_transmit failed: [259] ESP_ERR_INVALID_STATE

[ 13117][E][esp32-hal-i2c-ng.c:275] i2cWrite(): i2c_master_transmit failed: [259] ESP_ERR_INVALID_STATE

[ 13119][E][esp32-hal-i2c-ng.c:275] i2cWrite(): i2c_master_transmit failed: [259] ESP_ERR_INVALID_STATE

[ 13121][E][esp32-hal-i2c-ng.c:275] i2cWrite(): i2c_master_transmit failed: [259] ESP_ERR_INVALID_STATE

[ 13123][E][esp32-hal-i2c-ng.c:275] i2cWrite(): i2c_master_transmit failed: [259] ESP_ERR_INVALID_STATE

[ 13125][E][esp32-hal-i2c-ng.c:275] i2cWrite(): i2c_master_transmit failed: [259] ESP_ERR_INVALID_STATE

[ 13127][E][esp32-hal-i2c-ng.c:275] i2cWrite(): i2c_master_transmit failed: [259] ESP_ERR_INVALID_STATE

[ 13129][E][esp32-hal-i2c-ng.c:275] i2cWrite(): i2c_master_transmit failed: [259] ESP_ERR_INVALID_STATE

[ 13131][E][esp32-hal-i2c-ng.c:275] i2cWrite(): i2c_master_transmit failed: [259] ESP_ERR_INVALID_STATE

[ 13133][E][esp32-hal-i2c-ng.c:275] i2cWrite(): i2c_master_transmit failed: [259] ESP_ERR_INVALID_STATE

[ 13135][E][esp32-hal-i2c-ng.c:275] i2cWrite(): i2c_master_transmit failed: [259] ESP_ERR_INVALID_STATE

[ 13137][E][esp32-hal-i2c-ng.c:275] i2cWrite(): i2c_master_transmit failed: [259] ESP_ERR_INVALID_STATE

[ 13139][E][esp32-hal-i2c-ng.c:275] i2cWrite(): i2c_master_transmit failed: [259] ESP_ERR_INVALID_STATE

[ 13141][E][esp32-hal-i2c-ng.c:275] i2cWrite(): i2c_master_transmit failed: [259] ESP_ERR_INVALID_STATE

[ 13143][E][esp32-hal-i2c-ng.c:275] i2cWrite(): i2c_master_transmit failed: [259] ESP_ERR_INVALID_STATE

[ 13145][E][esp32-hal-i2c-ng.c:275] i2cWrite(): i2c_master_transmit failed: [259] ESP_ERR_INVALID_STATE

[ 13147][E][esp32-hal-i2c-ng.c:275] i2cWrite(): i2c_master_transmit failed: [259] ESP_ERR_INVALID_STATE

[ 13149][E][esp32-hal-i2c-ng.c:275] i2cWrite(): i2c_master_transmit failed: [259] ESP_ERR_INVALID_STATE

[ 13151][E][esp32-hal-i2c-ng.c:275] i2cWrite(): i2c_master_transmit failed: [259] ESP_ERR_INVALID_STATE

[ 13153][E][esp32-hal-i2c-ng.c:275] i2cWrite(): i2c_master_transmit failed: [259] ESP_ERR_INVALID_STATE

[ 13155][E][esp32-hal-i2c-ng.c:275] i2cWrite(): i2c_master_transmit failed: [259] ESP_ERR_INVALID_STATE

[ 13157][E][esp32-hal-i2c-ng.c:275] i2cWrite(): i2c_master_transmit failed: [259] ESP_ERR_INVALID_STATE

[ 13159][E][esp32-hal-i2c-ng.c:275] i2cWrite(): i2c_master_transmit failed: [259] ESP_ERR_INVALID_STATE

[ 13161][E][esp32-hal-i2c-ng.c:275] i2cWrite(): i2c_master_transmit failed: [259] ESP_ERR_INVALID_STATE

[ 13163][E][esp32-hal-i2c-ng.c:275] i2cWrite(): i2c_master_transmit failed: [259] ESP_ERR_INVALID_STATE

[ 13165][E][esp32-hal-i2c-ng.c:275] i2cWrite(): i2c_master_transmit failed: [259] ESP_ERR_INVALID_STATE

[ 13167][E][esp32-hal-i2c-ng.c:275] i2cWrite(): i2c_master_transmit failed: [259] ESP_ERR_INVALID_STATE

[ 13169][E][esp32-hal-i2c-ng.c:275] i2cWrite(): i2c_master_transmit failed: [259] ESP_ERR_INVALID_STATE

[ 13171][E][esp32-hal-i2c-ng.c:275] i2cWrite(): i2c_master_transmit failed: [259] ESP_ERR_INVALID_STATE

[ 13173][E][esp32-hal-i2c-ng.c:275] i2cWrite(): i2c_master_transmit failed: [259] ESP_ERR_INVALID_STATE

[ 13175][E][esp32-hal-i2c-ng.c:275] i2cWrite(): i2c_master_transmit failed: [259] ESP_ERR_INVALID_STATE

[ 13177][E][esp32-hal-i2c-ng.c:275] i2cWrite(): i2c_master_transmit failed: [259] ESP_ERR_INVALID_STATE

[ 13179][E][esp32-hal-i2c-ng.c:275] i2cWrite(): i2c_master_transmit failed: [259] ESP_ERR_INVALID_STATE

[ 13181][E][esp32-hal-i2c-ng.c:275] i2cWrite(): i2c_master_transmit failed: [259] ESP_ERR_INVALID_STATE

[ 13183][E][esp32-hal-i2c-ng.c:275] i2cWrite(): i2c_master_transmit failed: [259] ESP_ERR_INVALID_STATE

[ 13185][E][esp32-hal-i2c-ng.c:275] i2cWrite(): i2c_master_transmit failed: [259] ESP_ERR_INVALID_STATE

[ 13187][E][esp32-hal-i2c-ng.c:275] i2cWrite(): i2c_master_transmit failed: [259] ESP_ERR_INVALID_STATE

[ 13189][E][esp32-hal-i2c-ng.c:275] i2cWrite(): i2c_master_transmit failed: [259] ESP_ERR_INVALID_STATE

[ 13191][E][esp32-hal-i2c-ng.c:275] i2cWrite(): i2c_master_transmit failed: [259] ESP_ERR_INVALID_STATE

[ 13193][E][esp32-hal-i2c-ng.c:275] i2cWrite(): i2c_master_transmit failed: [259] ESP_ERR_INVALID_STATE

[ 13195][E][esp32-hal-i2c-ng.c:275] i2cWrite(): i2c_master_transmit failed: [259] ESP_ERR_INVALID_STATE

[ 13197][E][esp32-hal-i2c-ng.c:275] i2cWrite(): i2c_master_transmit failed: [259] ESP_ERR_INVALID_STATE

[ 13199][E][esp32-hal-i2c-ng.c:275] i2cWrite(): i2c_master_transmit failed: [259] ESP_ERR_INVALID_STATE

[ 13201][E][esp32-hal-i2c-ng.c:275] i2cWrite(): i2c_master_transmit failed: [259] ESP_ERR_INVALID_STATE

[ 13203][E][esp32-hal-i2c-ng.c:275] i2cWrite(): i2c_master_transmit failed: [259] ESP_ERR_INVALID_STATE

[ 13205][E][esp32-hal-i2c-ng.c:275] i2cWrite(): i2c_master_transmit failed: [259] ESP_ERR_INVALID_STATE

[ 13207][E][esp32-hal-i2c-ng.c:275] i2cWrite(): i2c_master_transmit failed: [259] ESP_ERR_INVALID_STATE

[ 13209][E][esp32-hal-i2c-ng.c:275] i2cWrite(): i2c_master_transmit failed: [259] ESP_ERR_INVALID_STATE

[ 13211][E][esp32-hal-i2c-ng.c:275] i2cWrite(): i2c_master_transmit failed: [259] ESP_ERR_INVALID_STATE

[ 13213][E][esp32-hal-i2c-ng.c:275] i2cWrite(): i2c_master_transmit failed: [259] ESP_ERR_INVALID_STATE

[ 13215][E][esp32-hal-i2c-ng.c:275] i2cWrite(): i2c_master_transmit failed: [259] ESP_ERR_INVALID_STATE

[ 13217][E][esp32-hal-i2c-ng.c:275] i2cWrite(): i2c_master_transmit failed: [259] ESP_ERR_INVALID_STATE

[ 13219][E][esp32-hal-i2c-ng.c:275] i2cWrite(): i2c_master_transmit failed: [259] ESP_ERR_INVALID_STATE

[ 13221][E][esp32-hal-i2c-ng.c:275] i2cWrite(): i2c_master_transmit failed: [259] ESP_ERR_INVALID_STATE

[ 13223][E][esp32-hal-i2c-ng.c:275] i2cWrite(): i2c_master_transmit failed: [259] ESP_ERR_INVALID_STATE

[ 13225][E][esp32-hal-i2c-ng.c:275] i2cWrite(): i2c_master_transmit failed: [259] ESP_ERR_INVALID_STATE

[ 13227][E][esp32-hal-i2c-ng.c:275] i2cWrite(): i2c_master_transmit failed: [259] ESP_ERR_INVALID_STATE

[ 13229][E][esp32-hal-i2c-ng.c:275] i2cWrite(): i2c_master_transmit failed: [259] ESP_ERR_INVALID_STATE

[ 13231][E][esp32-hal-i2c-ng.c:275] i2cWrite(): i2c_master_transmit failed: [259] ESP_ERR_INVALID_STATE

[ 13233][E][esp32-hal-i2c-ng.c:275] i2cWrite(): i2c_master_transmit failed: [259] ESP_ERR_INVALID_STATE

[ 13235][E][esp32-hal-i2c-ng.c:275] i2cWrite(): i2c_master_transmit failed: [259] ESP_ERR_INVALID_STATE

[ 13237][E][esp32-hal-i2c-ng.c:275] i2cWrite(): i2c_master_transmit failed: [259] ESP_ERR_INVALID_STATE

[ 13239][E][esp32-hal-i2c-ng.c:275] i2cWrite(): i2c_master_transmit failed: [259] ESP_ERR_INVALID_STATE

[ 13241][E][esp32-hal-i2c-ng.c:275] i2cWrite(): i2c_master_transmit failed: [259] ESP_ERR_INVALID_STATE

[ 13243][E][esp32-hal-i2c-ng.c:275] i2cWrite(): i2c_master_transmit failed: [259] ESP_ERR_INVALID_STATE

[ 13245][E][esp32-hal-i2c-ng.c:275] i2cWrite(): i2c_master_transmit failed: [259] ESP_ERR_INVALID_STATE

[ 13247][E][esp32-hal-i2c-ng.c:275] i2cWrite(): i2c_master_transmit failed: [259] ESP_ERR_INVALID_STATE

[ 13249][E][esp32-hal-i2c-ng.c:275] i2cWrite(): i2c_master_transmit failed: [259] ESP_ERR_INVALID_STATE

[ 13251][E][esp32-hal-i2c-ng.c:275] i2cWrite(): i2c_master_transmit failed: [259] ESP_ERR_INVALID_STATE

[ 13253][E][esp32-hal-i2c-ng.c:275] i2cWrite(): i2c_master_transmit failed: [259] ESP_ERR_INVALID_STATE

[ 13255][E][esp32-hal-i2c-ng.c:275] i2cWrite(): i2c_master_transmit failed: [259] ESP_ERR_INVALID_STATE

[ 13257][E][esp32-hal-i2c-ng.c:275] i2cWrite(): i2c_master_transmit failed: [259] ESP_ERR_INVALID_STATE

[ 13259][E][esp32-hal-i2c-ng.c:275] i2cWrite(): i2c_master_transmit failed: [259] ESP_ERR_INVALID_STATE

[ 13261][E][esp32-hal-i2c-ng.c:275] i2cWrite(): i2c_master_transmit failed: [259] ESP_ERR_INVALID_STATE

[ 13263][E][esp32-hal-i2c-ng.c:275] i2cWrite(): i2c_master_transmit failed: [259] ESP_ERR_INVALID_STATE

[ 13265][E][esp32-hal-i2c-ng.c:275] i2cWrite(): i2c_master_transmit failed: [259] ESP_ERR_INVALID_STATE

[ 13267][E][esp32-hal-i2c-ng.c:275] i2cWrite(): i2c_master_transmit failed: [259] ESP_ERR_INVALID_STATE

[ 13269][E][esp32-hal-i2c-ng.c:275] i2cWrite(): i2c_master_transmit failed: [259] ESP_ERR_INVALID_STATE

[ 13271][E][esp32-hal-i2c-ng.c:275] i2cWrite(): i2c_master_transmit failed: [259] ESP_ERR_INVALID_STATE

[ 13273][E][esp32-hal-i2c-ng.c:275] i2cWrite(): i2c_master_transmit failed: [259] ESP_ERR_INVALID_STATE

[ 13275][E][esp32-hal-i2c-ng.c:275] i2cWrite(): i2c_master_transmit failed: [259] ESP_ERR_INVALID_STATE

[ 13277][E][esp32-hal-i2c-ng.c:275] i2cWrite(): i2c_master_transmit failed: [259] ESP_ERR_INVALID_STATE

[ 13279][E][esp32-hal-i2c-ng.c:275] i2cWrite(): i2c_master_transmit failed: [259] ESP_ERR_INVALID_STATE

[ 13281][E][esp32-hal-i2c-ng.c:275] i2cWrite(): i2c_master_transmit failed: [259] ESP_ERR_INVALID_STATE

[ 13283][E][esp32-hal-i2c-ng.c:275] i2cWrite(): i2c_master_transmit failed: [259] ESP_ERR_INVALID_STATE

[ 13285][E][esp32-hal-i2c-ng.c:275] i2cWrite(): i2c_master_transmit failed: [259] ESP_ERR_INVALID_STATE

[ 13287][E][esp32-hal-i2c-ng.c:275] i2cWrite(): i2c_master_transmit failed: [259] ESP_ERR_INVALID_STATE

[ 13289][E][esp32-hal-i2c-ng.c:275] i2cWrite(): i2c_master_transmit failed: [259] ESP_ERR_INVALID_STATE

[ 13291][E][esp32-hal-i2c-ng.c:275] i2cWrite(): i2c_master_transmit failed: [259] ESP_ERR_INVALID_STATE

[ 13293][E][esp32-hal-i2c-ng.c:275] i2cWrite(): i2c_master_transmit failed: [259] ESP_ERR_INVALID_STATE

[ 13295][E][esp32-hal-i2c-ng.c:275] i2cWrite(): i2c_master_transmit failed: [259] ESP_ERR_INVALID_STATE

[ 13297][E][esp32-hal-i2c-ng.c:275] i2cWrite(): i2c_master_transmit failed: [259] ESP_ERR_INVALID_STATE

[ 13299][E][esp32-hal-i2c-ng.c:275] i2cWrite(): i2c_master_transmit failed: [259] ESP_ERR_INVALID_STATE

[ 13301][E][esp32-hal-i2c-ng.c:275] i2cWrite(): i2c_master_transmit failed: [259] ESP_ERR_INVALID_STATE

[ 13303][E][esp32-hal-i2c-ng.c:275] i2cWrite(): i2c_master_transmit failed: [259] ESP_ERR_INVALID_STATE

[ 13305][E][esp32-hal-i2c-ng.c:275] i2cWrite(): i2c_master_transmit failed: [259] ESP_ERR_INVALID_STATE

[ 13307][E][esp32-hal-i2c-ng.c:275] i2cWrite(): i2c_master_transmit failed: [259] ESP_ERR_INVALID_STATE

[ 13309][E][esp32-hal-i2c-ng.c:275] i2cWrite(): i2c_master_transmit failed: [259] ESP_ERR_INVALID_STATE

[ 13311][E][esp32-hal-i2c-ng.c:275] i2cWrite(): i2c_master_transmit failed: [259] ESP_ERR_INVALID_STATE

[ 13313][E][esp32-hal-i2c-ng.c:275] i2cWrite(): i2c_master_transmit failed: [259] ESP_ERR_INVALID_STATE

[ 13315][E][esp32-hal-i2c-ng.c:275] i2cWrite(): i2c_master_transmit failed: [259] ESP_ERR_INVALID_STATE

[ 13317][E][esp32-hal-i2c-ng.c:275] i2cWrite(): i2c_master_transmit failed: [259] ESP_ERR_INVALID_STATE

[ 13319][E][esp32-hal-i2c-ng.c:275] i2cWrite(): i2c_master_transmit failed: [259] ESP_ERR_INVALID_STATE

[ 13321][E][esp32-hal-i2c-ng.c:275] i2cWrite(): i2c_master_transmit failed: [259] ESP_ERR_INVALID_STATE

[ 13323][E][esp32-hal-i2c-ng.c:275] i2cWrite(): i2c_master_transmit failed: [259] ESP_ERR_INVALID_STATE

[ 13325][E][esp32-hal-i2c-ng.c:275] i2cWrite(): i2c_master_transmit failed: [259] ESP_ERR_INVALID_STATE

[ 13327][E][esp32-hal-i2c-ng.c:275] i2cWrite(): i2c_master_transmit failed: [259] ESP_ERR_INVALID_STATE

[ 13329][E][esp32-hal-i2c-ng.c:275] i2cWrite(): i2c_master_transmit failed: [259] ESP_ERR_INVALID_STATE

[ 13331][E][esp32-hal-i2c-ng.c:275] i2cWrite(): i2c_master_transmit failed: [259] ESP_ERR_INVALID_STATE

[ 13333][E][esp32-hal-i2c-ng.c:275] i2cWrite(): i2c_master_transmit failed: [259] ESP_ERR_INVALID_STATE

[ 13335][E][esp32-hal-i2c-ng.c:275] i2cWrite(): i2c_master_transmit failed: [259] ESP_ERR_INVALID_STATE

[ 13337][E][esp32-hal-i2c-ng.c:275] i2cWrite(): i2c_master_transmit failed: [259] ESP_ERR_INVALID_STATE

[ 13339][E][esp32-hal-i2c-ng.c:275] i2cWrite(): i2c_master_transmit failed: [259] ESP_ERR_INVALID_STATE

[ 13341][E][esp32-hal-i2c-ng.c:275] i2cWrite(): i2c_master_transmit failed: [259] ESP_ERR_INVALID_STATE

[ 13343][E][esp32-hal-i2c-ng.c:275] i2cWrite(): i2c_master_transmit failed: [259] ESP_ERR_INVALID_STATE

[ 13345][E][esp32-hal-i2c-ng.c:275] i2cWrite(): i2c_master_transmit failed: [259] ESP_ERR_INVALID_STATE

[ 13347][E][esp32-hal-i2c-ng.c:275] i2cWrite(): i2c_master_transmit failed: [259] ESP_ERR_INVALID_STATE

[ 13349][E][esp32-hal-i2c-ng.c:275] i2cWrite(): i2c_master_transmit failed: [259] ESP_ERR_INVALID_STATE

[ 13351][E][esp32-hal-i2c-ng.c:275] i2cWrite(): i2c_master_transmit failed: [259] ESP_ERR_INVALID_STATE

[ 13353][E][esp32-hal-i2c-ng.c:275] i2cWrite(): i2c_master_transmit failed: [259] ESP_ERR_INVALID_STATE

[ 13355][E][esp32-hal-i2c-ng.c:275] i2cWrite(): i2c_master_transmit failed: [259] ESP_ERR_INVALID_STATE

[ 13357][E][esp32-hal-i2c-ng.c:275] i2cWrite(): i2c_master_transmit failed: [259] ESP_ERR_INVALID_STATE

[ 13359][E][esp32-hal-i2c-ng.c:275] i2cWrite(): i2c_master_transmit failed: [259] ESP_ERR_INVALID_STATE

[ 13361][E][esp32-hal-i2c-ng.c:275] i2cWrite(): i2c_master_transmit failed: [259] ESP_ERR_INVALID_STATE

[ 13363][E][esp32-hal-i2c-ng.c:275] i2cWrite(): i2c_master_transmit failed: [259] ESP_ERR_INVALID_STATE

[ 13365][E][esp32-hal-i2c-ng.c:275] i2cWrite(): i2c_master_transmit failed: [259] ESP_ERR_INVALID_STATE

[ 13367][E][esp32-hal-i2c-ng.c:275] i2cWrite(): i2c_master_transmit failed: [259] ESP_ERR_INVALID_STATE

[ 13369][E][esp32-hal-i2c-ng.c:275] i2cWrite(): i2c_master_transmit failed: [259] ESP_ERR_INVALID_STATE

[ 13371][E][esp32-hal-i2c-ng.c:275] i2cWrite(): i2c_master_transmit failed: [259] ESP_ERR_INVALID_STATE

[ 13373][E][esp32-hal-i2c-ng.c:275] i2cWrite(): i2c_master_transmit failed: [259] ESP_ERR_INVALID_STATE

[ 13375][E][esp32-hal-i2c-ng.c:275] i2cWrite(): i2c_master_transmit failed: [259] ESP_ERR_INVALID_STATE

[ 13377][E][esp32-hal-i2c-ng.c:275] i2cWrite(): i2c_master_transmit failed: [259] ESP_ERR_INVALID_STATE

[ 13379][E][esp32-hal-i2c-ng.c:275] i2cWrite(): i2c_master_transmit failed: [259] ESP_ERR_INVALID_STATE

[ 13381][E][esp32-hal-i2c-ng.c:275] i2cWrite(): i2c_master_transmit failed: [259] ESP_ERR_INVALID_STATE

[ 13383][E][esp32-hal-i2c-ng.c:275] i2cWrite(): i2c_master_transmit failed: [259] ESP_ERR_INVALID_STATE

[ 13385][E][esp32-hal-i2c-ng.c:275] i2cWrite(): i2c_master_transmit failed: [259] ESP_ERR_INVALID_STATE

[ 13387][E][esp32-hal-i2c-ng.c:275] i2cWrite(): i2c_master_transmit failed: [259] ESP_ERR_INVALID_STATE

[ 13389][E][esp32-hal-i2c-ng.c:275] i2cWrite(): i2c_master_transmit failed: [259] ESP_ERR_INVALID_STATE

[ 13391][E][esp32-hal-i2c-ng.c:275] i2cWrite(): i2c_master_transmit failed: [259] ESP_ERR_INVALID_STATE

[ 13393][E][esp32-hal-i2c-ng.c:275] i2cWrite(): i2c_master_transmit failed: [259] ESP_ERR_INVALID_STATE

[ 13395][E][esp32-hal-i2c-ng.c:275] i2cWrite(): i2c_master_transmit failed: [259] ESP_ERR_INVALID_STATE

[ 13397][E][esp32-hal-i2c-ng.c:275] i2cWrite(): i2c_master_transmit failed: [259] ESP_ERR_INVALID_STATE

[ 13399][E][esp32-hal-i2c-ng.c:275] i2cWrite(): i2c_master_transmit failed: [259] ESP_ERR_INVALID_STATE

[ 13401][E][esp32-hal-i2c-ng.c:275] i2cWrite(): i2c_master_transmit failed: [259] ESP_ERR_INVALID_STATE

[ 13403][E][esp32-hal-i2c-ng.c:275] i2cWrite(): i2c_master_transmit failed: [259] ESP_ERR_INVALID_STATE

[ 13405][E][esp32-hal-i2c-ng.c:275] i2cWrite(): i2c_master_transmit failed: [259] ESP_ERR_INVALID_STATE

[ 13407][E][esp32-hal-i2c-ng.c:275] i2cWrite(): i2c_master_transmit failed: [259] ESP_ERR_INVALID_STATE

[ 13409][E][esp32-hal-i2c-ng.c:275] i2cWrite(): i2c_master_transmit failed: [259] ESP_ERR_INVALID_STATE

[ 13411][E][esp32-hal-i2c-ng.c:275] i2cWrite(): i2c_master_transmit failed: [259] ESP_ERR_INVALID_STATE

[ 13413][E][esp32-hal-i2c-ng.c:275] i2cWrite(): i2c_master_transmit failed: [259] ESP_ERR_INVALID_STATE

[ 13415][E][esp32-hal-i2c-ng.c:275] i2cWrite(): i2c_master_transmit failed: [259] ESP_ERR_INVALID_STATE

[ 13417][E][esp32-hal-i2c-ng.c:275] i2cWrite(): i2c_master_transmit failed: [259] ESP_ERR_INVALID_STATE

[ 13419][E][esp32-hal-i2c-ng.c:275] i2cWrite(): i2c_master_transmit failed: [259] ESP_ERR_INVALID_STATE

[ 13421][E][esp32-hal-i2c-ng.c:275] i2cWrite(): i2c_master_transmit failed: [259] ESP_ERR_INVALID_STATE

[ 13423][E][esp32-hal-i2c-ng.c:275] i2cWrite(): i2c_master_transmit failed: [259] ESP_ERR_INVALID_STATE

[ 13425][E][esp32-hal-i2c-ng.c:275] i2cWrite(): i2c_master_transmit failed: [259] ESP_ERR_INVALID_STATE

[ 13427][E][esp32-hal-i2c-ng.c:275] i2cWrite(): i2c_master_transmit failed: [259] ESP_ERR_INVALID_STATE

[ 13429][E][esp32-hal-i2c-ng.c:275] i2cWrite(): i2c_master_transmit failed: [259] ESP_ERR_INVALID_STATE

[ 13431][E][esp32-hal-i2c-ng.c:275] i2cWrite(): i2c_master_transmit failed: [259] ESP_ERR_INVALID_STATE

[ 13433][E][esp32-hal-i2c-ng.c:275] i2cWrite(): i2c_master_transmit failed: [259] ESP_ERR_INVALID_STATE

[ 13435][E][esp32-hal-i2c-ng.c:275] i2cWrite(): i2c_master_transmit failed: [259] ESP_ERR_INVALID_STATE

[ 13437][E][esp32-hal-i2c-ng.c:275] i2cWrite(): i2c_master_transmit failed: [259] ESP_ERR_INVALID_STATE

[ 13439][E][esp32-hal-i2c-ng.c:275] i2cWrite(): i2c_master_transmit failed: [259] ESP_ERR_INVALID_STATE

[ 13441][E][esp32-hal-i2c-ng.c:275] i2cWrite(): i2c_master_transmit failed: [259] ESP_ERR_INVALID_STATE

[ 13443][E][esp32-hal-i2c-ng.c:275] i2cWrite(): i2c_master_transmit failed: [259] ESP_ERR_INVALID_STATE

[ 13445][E][esp32-hal-i2c-ng.c:275] i2cWrite(): i2c_master_transmit failed: [259] ESP_ERR_INVALID_STATE

[ 13447][E][esp32-hal-i2c-ng.c:275] i2cWrite(): i2c_master_transmit failed: [259] ESP_ERR_INVALID_STATE

[ 13449][E][esp32-hal-i2c-ng.c:275] i2cWrite(): i2c_master_transmit failed: [259] ESP_ERR_INVALID_STATE

[ 13451][E][esp32-hal-i2c-ng.c:275] i2cWrite(): i2c_master_transmit failed: [259] ESP_ERR_INVALID_STATE

[ 13453][E][esp32-hal-i2c-ng.c:275] i2cWrite(): i2c_master_transmit failed: [259] ESP_ERR_INVALID_STATE

[ 13455][E][esp32-hal-i2c-ng.c:275] i2cWrite(): i2c_master_transmit failed: [259] ESP_ERR_INVALID_STATE

[ 13457][E][esp32-hal-i2c-ng.c:275] i2cWrite(): i2c_master_transmit failed: [259] ESP_ERR_INVALID_STATE

[ 13459][E][esp32-hal-i2c-ng.c:275] i2cWrite(): i2c_master_transmit failed: [259] ESP_ERR_INVALID_STATE

[ 13461][E][esp32-hal-i2c-ng.c:275] i2cWrite(): i2c_master_transmit failed: [259] ESP_ERR_INVALID_STATE

[ 13463][E][esp32-hal-i2c-ng.c:275] i2cWrite(): i2c_master_transmit failed: [259] ESP_ERR_INVALID_STATE

[ 13465][E][esp32-hal-i2c-ng.c:275] i2cWrite(): i2c_master_transmit failed: [259] ESP_ERR_INVALID_STATE

[ 13467][E][esp32-hal-i2c-ng.c:275] i2cWrite(): i2c_master_transmit failed: [259] ESP_ERR_INVALID_STATE

[ 13469][E][esp32-hal-i2c-ng.c:275] i2cWrite(): i2c_master_transmit failed: [259] ESP_ERR_INVALID_STATE

[ 13471][E][esp32-hal-i2c-ng.c:275] i2cWrite(): i2c_master_transmit failed: [259] ESP_ERR_INVALID_STATE

[ 13473][E][esp32-hal-i2c-ng.c:275] i2cWrite(): i2c_master_transmit failed: [259] ESP_ERR_INVALID_STATE

[ 13475][E][esp32-hal-i2c-ng.c:275] i2cWrite(): i2c_master_transmit failed: [259] ESP_ERR_INVALID_STATE

[ 13477][E][esp32-hal-i2c-ng.c:275] i2cWrite(): i2c_master_transmit failed: [259] ESP_ERR_INVALID_STATE

[ 13479][E][esp32-hal-i2c-ng.c:275] i2cWrite(): i2c_master_transmit failed: [259] ESP_ERR_INVALID_STATE

[ 13481][E][esp32-hal-i2c-ng.c:275] i2cWrite(): i2c_master_transmit failed: [259] ESP_ERR_INVALID_STATE

[ 13483][E][esp32-hal-i2c-ng.c:275] i2cWrite(): i2c_master_transmit failed: [259] ESP_ERR_INVALID_STATE

[ 13485][E][esp32-hal-i2c-ng.c:275] i2cWrite(): i2c_master_transmit failed: [259] ESP_ERR_INVALID_STATE

[ 13487][E][esp32-hal-i2c-ng.c:275] i2cWrite(): i2c_master_transmit failed: [259] ESP_ERR_INVALID_STATE

[ 13489][E][esp32-hal-i2c-ng.c:275] i2cWrite(): i2c_master_transmit failed: [259] ESP_ERR_INVALID_STATE

[ 13491][E][esp32-hal-i2c-ng.c:275] i2cWrite(): i2c_master_transmit failed: [259] ESP_ERR_INVALID_STATE

[ 13493][E][esp32-hal-i2c-ng.c:275] i2cWrite(): i2c_master_transmit failed: [259] ESP_ERR_INVALID_STATE

[ 13495][E][esp32-hal-i2c-ng.c:275] i2cWrite(): i2c_master_transmit failed: [259] ESP_ERR_INVALID_STATE

[ 13497][E][esp32-hal-i2c-ng.c:275] i2cWrite(): i2c_master_transmit failed: [259] ESP_ERR_INVALID_STATE

[ 13499][E][esp32-hal-i2c-ng.c:275] i2cWrite(): i2c_master_transmit failed: [259] ESP_ERR_INVALID_STATE

[ 13501][E][esp32-hal-i2c-ng.c:275] i2cWrite(): i2c_master_transmit failed: [259] ESP_ERR_INVALID_STATE

[ 13503][E][esp32-hal-i2c-ng.c:275] i2cWrite(): i2c_master_transmit failed: [259] ESP_ERR_INVALID_STATE

[ 13505][E][esp32-hal-i2c-ng.c:275] i2cWrite(): i2c_master_transmit failed: [259] ESP_ERR_INVALID_STATE

[ 13507][E][esp32-hal-i2c-ng.c:275] i2cWrite(): i2c_master_transmit failed: [259] ESP_ERR_INVALID_STATE

[ 13509][E][esp32-hal-i2c-ng.c:275] i2cWrite(): i2c_master_transmit failed: [259] ESP_ERR_INVALID_STATE

[ 13511][E][esp32-hal-i2c-ng.c:275] i2cWrite(): i2c_master_transmit failed: [259] ESP_ERR_INVALID_STATE

[ 13513][E][esp32-hal-i2c-ng.c:275] i2cWrite(): i2c_master_transmit failed: [259] ESP_ERR_INVALID_STATE

[ 13515][E][esp32-hal-i2c-ng.c:275] i2cWrite(): i2c_master_transmit failed: [259] ESP_ERR_INVALID_STATE

[ 13517][E][esp32-hal-i2c-ng.c:275] i2cWrite(): i2c_master_transmit failed: [259] ESP_ERR_INVALID_STATE

[ 13519][E][esp32-hal-i2c-ng.c:275] i2cWrite(): i2c_master_transmit failed: [259] ESP_ERR_INVALID_STATE

[ 13521][E][esp32-hal-i2c-ng.c:275] i2cWrite(): i2c_master_transmit failed: [259] ESP_ERR_INVALID_STATE

[ 13523][E][esp32-hal-i2c-ng.c:275] i2cWrite(): i2c_master_transmit failed: [259] ESP_ERR_INVALID_STATE

[ 13525][E][esp32-hal-i2c-ng.c:275] i2cWrite(): i2c_master_transmit failed: [259] ESP_ERR_INVALID_STATE

[ 13527][E][esp32-hal-i2c-ng.c:275] i2cWrite(): i2c_master_transmit failed: [259] ESP_ERR_INVALID_STATE

[ 13529][E][esp32-hal-i2c-ng.c:275] i2cWrite(): i2c_master_transmit failed: [259] ESP_ERR_INVALID_STATE

[ 13531][E][esp32-hal-i2c-ng.c:275] i2cWrite(): i2c_master_transmit failed: [259] ESP_ERR_INVALID_STATE

[ 13533][E][esp32-hal-i2c-ng.c:275] i2cWrite(): i2c_master_transmit failed: [259] ESP_ERR_INVALID_STATE

[ 13535][E][esp32-hal-i2c-ng.c:275] i2cWrite(): i2c_master_transmit failed: [259] ESP_ERR_INVALID_STATE

[ 13537][E][esp32-hal-i2c-ng.c:275] i2cWrite(): i2c_master_transmit failed: [259] ESP_ERR_INVALID_STATE

[ 13539][E][esp32-hal-i2c-ng.c:275] i2cWrite(): i2c_master_transmit failed: [259] ESP_ERR_INVALID_STATE

[ 13541][E][esp32-hal-i2c-ng.c:275] i2cWrite(): i2c_master_transmit failed: [259] ESP_ERR_INVALID_STATE

[ 13543][E][esp32-hal-i2c-ng.c:275] i2cWrite(): i2c_master_transmit failed: [259] ESP_ERR_INVALID_STATE

[ 13545][E][esp32-hal-i2c-ng.c:275] i2cWrite(): i2c_master_transmit failed: [259] ESP_ERR_INVALID_STATE

[ 13547][E][esp32-hal-i2c-ng.c:275] i2cWrite(): i2c_master_transmit failed: [259] ESP_ERR_INVALID_STATE

[ 13549][E][esp32-hal-i2c-ng.c:275] i2cWrite(): i2c_master_transmit failed: [259] ESP_ERR_INVALID_STATE

[ 13551][E][esp32-hal-i2c-ng.c:275] i2cWrite(): i2c_master_transmit failed: [259] ESP_ERR_INVALID_STATE

[ 13553][E][esp32-hal-i2c-ng.c:275] i2cWrite(): i2c_master_transmit failed: [259] ESP_ERR_INVALID_STATE

[ 13555][E][esp32-hal-i2c-ng.c:275] i2cWrite(): i2c_master_transmit failed: [259] ESP_ERR_INVALID_STATE

[ 13557][E][esp32-hal-i2c-ng.c:275] i2cWrite(): i2c_master_transmit failed: [259] ESP_ERR_INVALID_STATE

[ 13559][E][esp32-hal-i2c-ng.c:275] i2cWrite(): i2c_master_transmit failed: [259] ESP_ERR_INVALID_STATE

[ 13561][E][esp32-hal-i2c-ng.c:275] i2cWrite(): i2c_master_transmit failed: [259] ESP_ERR_INVALID_STATE

[ 13563][E][esp32-hal-i2c-ng.c:275] i2cWrite(): i2c_master_transmit failed: [259] ESP_ERR_INVALID_STATE

[ 13565][E][esp32-hal-i2c-ng.c:275] i2cWrite(): i2c_master_transmit failed: [259] ESP_ERR_INVALID_STATE

[ 13567][E][esp32-hal-i2c-ng.c:275] i2cWrite(): i2c_master_transmit failed: [259] ESP_ERR_INVALID_STATE

[ 13569][E][esp32-hal-i2c-ng.c:275] i2cWrite(): i2c_master_transmit failed: [259] ESP_ERR_INVALID_STATE

[ 13571][E][esp32-hal-i2c-ng.c:275] i2cWrite(): i2c_master_transmit failed: [259] ESP_ERR_INVALID_STATE

[ 13573][E][esp32-hal-i2c-ng.c:275] i2cWrite(): i2c_master_transmit failed: [259] ESP_ERR_INVALID_STATE

[ 13575][E][esp32-hal-i2c-ng.c:275] i2cWrite(): i2c_master_transmit failed: [259] ESP_ERR_INVALID_STATE

[ 13577][E][esp32-hal-i2c-ng.c:275] i2cWrite(): i2c_master_transmit failed: [259] ESP_ERR_INVALID_STATE

[ 13579][E][esp32-hal-i2c-ng.c:275] i2cWrite(): i2c_master_transmit failed: [259] ESP_ERR_INVALID_STATE

[ 13581][E][esp32-hal-i2c-ng.c:275] i2cWrite(): i2c_master_transmit failed: [259] ESP_ERR_INVALID_STATE

[ 13583][E][esp32-hal-i2c-ng.c:275] i2cWrite(): i2c_master_transmit failed: [259] ESP_ERR_INVALID_STATE

[ 13585][E][esp32-hal-i2c-ng.c:275] i2cWrite(): i2c_master_transmit failed: [259] ESP_ERR_INVALID_STATE

[ 13587][E][esp32-hal-i2c-ng.c:275] i2cWrite(): i2c_master_transmit failed: [259] ESP_ERR_INVALID_STATE

[ 13589][E][esp32-hal-i2c-ng.c:275] i2cWrite(): i2c_master_transmit failed: [259] ESP_ERR_INVALID_STATE

[ 13591][E][esp32-hal-i2c-ng.c:275] i2cWrite(): i2c_master_transmit failed: [259] ESP_ERR_INVALID_STATE

[ 13593][E][esp32-hal-i2c-ng.c:275] i2cWrite(): i2c_master_transmit failed: [259] ESP_ERR_INVALID_STATE

[ 13595][E][esp32-hal-i2c-ng.c:275] i2cWrite(): i2c_master_transmit failed: [259] ESP_ERR_INVALID_STATE

[ 13597][E][esp32-hal-i2c-ng.c:275] i2cWrite(): i2c_master_transmit failed: [259] ESP_ERR_INVALID_STATE

[ 13599][E][esp32-hal-i2c-ng.c:275] i2cWrite(): i2c_master_transmit failed: [259] ESP_ERR_INVALID_STATE

[ 13601][E][esp32-hal-i2c-ng.c:275] i2cWrite(): i2c_master_transmit failed: [259] ESP_ERR_INVALID_STATE

[ 13603][E][esp32-hal-i2c-ng.c:275] i2cWrite(): i2c_master_transmit failed: [259] ESP_ERR_INVALID_STATE

[ 13605][E][esp32-hal-i2c-ng.c:275] i2cWrite(): i2c_master_transmit failed: [259] ESP_ERR_INVALID_STATE

[ 13607][E][esp32-hal-i2c-ng.c:275] i2cWrite(): i2c_master_transmit failed: [259] ESP_ERR_INVALID_STATE

[ 13609][E][esp32-hal-i2c-ng.c:275] i2cWrite(): i2c_master_transmit failed: [259] ESP_ERR_INVALID_STATE

[ 13611][E][esp32-hal-i2c-ng.c:275] i2cWrite(): i2c_master_transmit failed: [259] ESP_ERR_INVALID_STATE

[ 13613][E][esp32-hal-i2c-ng.c:275] i2cWrite(): i2c_master_transmit failed: [259] ESP_ERR_INVALID_STATE

[ 13615][E][esp32-hal-i2c-ng.c:275] i2cWrite(): i2c_master_transmit failed: [259] ESP_ERR_INVALID_STATE

[ 13617][E][esp32-hal-i2c-ng.c:275] i2cWrite(): i2c_master_transmit failed: [259] ESP_ERR_INVALID_STATE

[ 13619][E][esp32-hal-i2c-ng.c:275] i2cWrite(): i2c_master_transmit failed: [259] ESP_ERR_INVALID_STATE

[ 13621][E][esp32-hal-i2c-ng.c:275] i2cWrite(): i2c_master_transmit failed: [259] ESP_ERR_INVALID_STATE

[ 13623][E][esp32-hal-i2c-ng.c:275] i2cWrite(): i2c_master_transmit failed: [259] ESP_ERR_INVALID_STATE

[ 13625][E][esp32-hal-i2c-ng.c:275] i2cWrite(): i2c_master_transmit failed: [259] ESP_ERR_INVALID_STATE

[ 13627][E][esp32-hal-i2c-ng.c:275] i2cWrite(): i2c_master_transmit failed: [259] ESP_ERR_INVALID_STATE

[ 13629][E][esp32-hal-i2c-ng.c:275] i2cWrite(): i2c_master_transmit failed: [259] ESP_ERR_INVALID_STATE

[ 13631][E][esp32-hal-i2c-ng.c:275] i2cWrite(): i2c_master_transmit failed: [259] ESP_ERR_INVALID_STATE

[ 13633][E][esp32-hal-i2c-ng.c:275] i2cWrite(): i2c_master_transmit failed: [259] ESP_ERR_INVALID_STATE

[ 13635][E][esp32-hal-i2c-ng.c:275] i2cWrite(): i2c_master_transmit failed: [259] ESP_ERR_INVALID_STATE

[ 13637][E][esp32-hal-i2c-ng.c:275] i2cWrite(): i2c_master_transmit failed: [259] ESP_ERR_INVALID_STATE

[ 13639][E][esp32-hal-i2c-ng.c:275] i2cWrite(): i2c_master_transmit failed: [259] ESP_ERR_INVALID_STATE

[ 13641][E][esp32-hal-i2c-ng.c:275] i2cWrite(): i2c_master_transmit failed: [259] ESP_ERR_INVALID_STATE

[ 13643][E][esp32-hal-i2c-ng.c:275] i2cWrite(): i2c_master_transmit failed: [259] ESP_ERR_INVALID_STATE

[ 13645][E][esp32-hal-i2c-ng.c:275] i2cWrite(): i2c_master_transmit failed: [259] ESP_ERR_INVALID_STATE

[ 13647][E][esp32-hal-i2c-ng.c:275] i2cWrite(): i2c_master_transmit failed: [259] ESP_ERR_INVALID_STATE

[ 13649][E][esp32-hal-i2c-ng.c:275] i2cWrite(): i2c_master_transmit failed: [259] ESP_ERR_INVALID_STATE

[ 13651][E][esp32-hal-i2c-ng.c:275] i2cWrite(): i2c_master_transmit failed: [259] ESP_ERR_INVALID_STATE

[ 13653][E][esp32-hal-i2c-ng.c:275] i2cWrite(): i2c_master_transmit failed: [259] ESP_ERR_INVALID_STATE

[ 13655][E][esp32-hal-i2c-ng.c:275] i2cWrite(): i2c_master_transmit failed: [259] ESP_ERR_INVALID_STATE

[ 13657][E][esp32-hal-i2c-ng.c:275] i2cWrite(): i2c_master_transmit failed: [259] ESP_ERR_INVALID_STATE

[ 13659][E][esp32-hal-i2c-ng.c:275] i2cWrite(): i2c_master_transmit failed: [259] ESP_ERR_INVALID_STATE

[ 13661][E][esp32-hal-i2c-ng.c:275] i2cWrite(): i2c_master_transmit failed: [259] ESP_ERR_INVALID_STATE

[ 13663][E][esp32-hal-i2c-ng.c:275] i2cWrite(): i2c_master_transmit failed: [259] ESP_ERR_INVALID_STATE

[ 13665][E][esp32-hal-i2c-ng.c:275] i2cWrite(): i2c_master_transmit failed: [259] ESP_ERR_INVALID_STATE

[ 13667][E][esp32-hal-i2c-ng.c:275] i2cWrite(): i2c_master_transmit failed: [259] ESP_ERR_INVALID_STATE

[ 13669][E][esp32-hal-i2c-ng.c:275] i2cWrite(): i2c_master_transmit failed: [259] ESP_ERR_INVALID_STATE

[ 13671][E][esp32-hal-i2c-ng.c:275] i2cWrite(): i2c_master_transmit failed: [259] ESP_ERR_INVALID_STATE

[ 13673][E][esp32-hal-i2c-ng.c:275] i2cWrite(): i2c_master_transmit failed: [259] ESP_ERR_INVALID_STATE

[ 13675][E][esp32-hal-i2c-ng.c:275] i2cWrite(): i2c_master_transmit failed: [259] ESP_ERR_INVALID_STATE

[ 13677][E][esp32-hal-i2c-ng.c:275] i2cWrite(): i2c_master_transmit failed: [259] ESP_ERR_INVALID_STATE

[ 13679][E][esp32-hal-i2c-ng.c:275] i2cWrite(): i2c_master_transmit failed: [259] ESP_ERR_INVALID_STATE

[ 13681][E][esp32-hal-i2c-ng.c:275] i2cWrite(): i2c_master_transmit failed: [259] ESP_ERR_INVALID_STATE

[ 13683][E][esp32-hal-i2c-ng.c:275] i2cWrite(): i2c_master_transmit failed: [259] ESP_ERR_INVALID_STATE

[ 13685][E][esp32-hal-i2c-ng.c:275] i2cWrite(): i2c_master_transmit failed: [259] ESP_ERR_INVALID_STATE

[ 13687][E][esp32-hal-i2c-ng.c:275] i2cWrite(): i2c_master_transmit failed: [259] ESP_ERR_INVALID_STATE

[ 13689][E][esp32-hal-i2c-ng.c:275] i2cWrite(): i2c_master_transmit failed: [259] ESP_ERR_INVALID_STATE

[ 13691][E][esp32-hal-i2c-ng.c:275] i2cWrite(): i2c_master_transmit failed: [259] ESP_ERR_INVALID_STATE

[ 13693][E][esp32-hal-i2c-ng.c:275] i2cWrite(): i2c_master_transmit failed: [259] ESP_ERR_INVALID_STATE

[ 13695][E][esp32-hal-i2c-ng.c:275] i2cWrite(): i2c_master_transmit failed: [259] ESP_ERR_INVALID_STATE

[ 13697][E][esp32-hal-i2c-ng.c:275] i2cWrite(): i2c_master_transmit failed: [259] ESP_ERR_INVALID_STATE

[ 13699][E][esp32-hal-i2c-ng.c:275] i2cWrite(): i2c_master_transmit failed: [259] ESP_ERR_INVALID_STATE

[ 13701][E][esp32-hal-i2c-ng.c:275] i2cWrite(): i2c_master_transmit failed: [259] ESP_ERR_INVALID_STATE

[ 13703][E][esp32-hal-i2c-ng.c:275] i2cWrite(): i2c_master_transmit failed: [259] ESP_ERR_INVALID_STATE

[ 13705][E][esp32-hal-i2c-ng.c:275] i2cWrite(): i2c_master_transmit failed: [259] ESP_ERR_INVALID_STATE

[ 13707][E][esp32-hal-i2c-ng.c:275] i2cWrite(): i2c_master_transmit failed: [259] ESP_ERR_INVALID_STATE

[ 13709][E][esp32-hal-i2c-ng.c:275] i2cWrite(): i2c_master_transmit failed: [259] ESP_ERR_INVALID_STATE

[ 13711][E][esp32-hal-i2c-ng.c:275] i2cWrite(): i2c_master_transmit failed: [259] ESP_ERR_INVALID_STATE

[ 13713][E][esp32-hal-i2c-ng.c:275] i2cWrite(): i2c_master_transmit failed: [259] ESP_ERR_INVALID_STATE

[ 13715][E][esp32-hal-i2c-ng.c:275] i2cWrite(): i2c_master_transmit failed: [259] ESP_ERR_INVALID_STATE

[ 13717][E][esp32-hal-i2c-ng.c:275] i2cWrite(): i2c_master_transmit failed: [259] ESP_ERR_INVALID_STATE

[ 13719][E][esp32-hal-i2c-ng.c:275] i2cWrite(): i2c_master_transmit failed: [259] ESP_ERR_INVALID_STATE

[ 13721][E][esp32-hal-i2c-ng.c:275] i2cWrite(): i2c_master_transmit failed: [259] ESP_ERR_INVALID_STATE

[ 13723][E][esp32-hal-i2c-ng.c:275] i2cWrite(): i2c_master_transmit failed: [259] ESP_ERR_INVALID_STATE

[ 13725][E][esp32-hal-i2c-ng.c:275] i2cWrite(): i2c_master_transmit failed: [259] ESP_ERR_INVALID_STATE

[ 13727][E][esp32-hal-i2c-ng.c:275] i2cWrite(): i2c_master_transmit failed: [259] ESP_ERR_INVALID_STATE

[ 13729][E][esp32-hal-i2c-ng.c:275] i2cWrite(): i2c_master_transmit failed: [259] ESP_ERR_INVALID_STATE

[ 13731][E][esp32-hal-i2c-ng.c:275] i2cWrite(): i2c_master_transmit failed: [259] ESP_ERR_INVALID_STATE

[ 13733][E][esp32-hal-i2c-ng.c:275] i2cWrite(): i2c_master_transmit failed: [259] ESP_ERR_INVALID_STATE

[ 13735][E][esp32-hal-i2c-ng.c:275] i2cWrite(): i2c_master_transmit failed: [259] ESP_ERR_INVALID_STATE

[ 13737][E][esp32-hal-i2c-ng.c:275] i2cWrite(): i2c_master_transmit failed: [259] ESP_ERR_INVALID_STATE

[ 13739][E][esp32-hal-i2c-ng.c:275] i2cWrite(): i2c_master_transmit failed: [259] ESP_ERR_INVALID_STATE

[ 13741][E][esp32-hal-i2c-ng.c:275] i2cWrite(): i2c_master_transmit failed: [259] ESP_ERR_INVALID_STATE

[ 13743][E][esp32-hal-i2c-ng.c:275] i2cWrite(): i2c_master_transmit failed: [259] ESP_ERR_INVALID_STATE

[ 13745][E][esp32-hal-i2c-ng.c:275] i2cWrite(): i2c_master_transmit failed: [259] ESP_ERR_INVALID_STATE

[ 13747][E][esp32-hal-i2c-ng.c:275] i2cWrite(): i2c_master_transmit failed: [259] ESP_ERR_INVALID_STATE

[ 13749][E][esp32-hal-i2c-ng.c:275] i2cWrite(): i2c_master_transmit failed: [259] ESP_ERR_INVALID_STATE

[ 13751][E][esp32-hal-i2c-ng.c:275] i2cWrite(): i2c_master_transmit failed: [259] ESP_ERR_INVALID_STATE

[ 13753][E][esp32-hal-i2c-ng.c:275] i2cWrite(): i2c_master_transmit failed: [259] ESP_ERR_INVALID_STATE

[ 13755][E][esp32-hal-i2c-ng.c:275] i2cWrite(): i2c_master_transmit failed: [259] ESP_ERR_INVALID_STATE

[ 13757][E][esp32-hal-i2c-ng.c:275] i2cWrite(): i2c_master_transmit failed: [259] ESP_ERR_INVALID_STATE

[ 13759][E][esp32-hal-i2c-ng.c:275] i2cWrite(): i2c_master_transmit failed: [259] ESP_ERR_INVALID_STATE

[ 13761][E][esp32-hal-i2c-ng.c:275] i2cWrite(): i2c_master_transmit failed: [259] ESP_ERR_INVALID_STATE

[ 13763][E][esp32-hal-i2c-ng.c:275] i2cWrite(): i2c_master_transmit failed: [259] ESP_ERR_INVALID_STATE

[ 13765][E][esp32-hal-i2c-ng.c:275] i2cWrite(): i2c_master_transmit failed: [259] ESP_ERR_INVALID_STATE

[ 13767][E][esp32-hal-i2c-ng.c:275] i2cWrite(): i2c_master_transmit failed: [259] ESP_ERR_INVALID_STATE

[ 13769][E][esp32-hal-i2c-ng.c:275] i2cWrite(): i2c_master_transmit failed: [259] ESP_ERR_INVALID_STATE

[ 13771][E][esp32-hal-i2c-ng.c:275] i2cWrite(): i2c_master_transmit failed: [259] ESP_ERR_INVALID_STATE

[ 13773][E][esp32-hal-i2c-ng.c:275] i2cWrite(): i2c_master_transmit failed: [259] ESP_ERR_INVALID_STATE

[ 13775][E][esp32-hal-i2c-ng.c:275] i2cWrite(): i2c_master_transmit failed: [259] ESP_ERR_INVALID_STATE

[ 13777][E][esp32-hal-i2c-ng.c:275] i2cWrite(): i2c_master_transmit failed: [259] ESP_ERR_INVALID_STATE

[ 13779][E][esp32-hal-i2c-ng.c:275] i2cWrite(): i2c_master_transmit failed: [259] ESP_ERR_INVALID_STATE

[ 13781][E][esp32-hal-i2c-ng.c:275] i2cWrite(): i2c_master_transmit failed: [259] ESP_ERR_INVALID_STATE

[ 13783][E][esp32-hal-i2c-ng.c:275] i2cWrite(): i2c_master_transmit failed: [259] ESP_ERR_INVALID_STATE

[ 13785][E][esp32-hal-i2c-ng.c:275] i2cWrite(): i2c_master_transmit failed: [259] ESP_ERR_INVALID_STATE

[ 13787][E][esp32-hal-i2c-ng.c:275] i2cWrite(): i2c_master_transmit failed: [259] ESP_ERR_INVALID_STATE

[ 13789][E][esp32-hal-i2c-ng.c:275] i2cWrite(): i2c_master_transmit failed: [259] ESP_ERR_INVALID_STATE

[ 13791][E][esp32-hal-i2c-ng.c:275] i2cWrite(): i2c_master_transmit failed: [259] ESP_ERR_INVALID_STATE

[ 13793][E][esp32-hal-i2c-ng.c:275] i2cWrite(): i2c_master_transmit failed: [259] ESP_ERR_INVALID_STATE

[ 13795][E][esp32-hal-i2c-ng.c:275] i2cWrite(): i2c_master_transmit failed: [259] ESP_ERR_INVALID_STATE

[ 13797][E][esp32-hal-i2c-ng.c:275] i2cWrite(): i2c_master_transmit failed: [259] ESP_ERR_INVALID_STATE

[ 13799][E][esp32-hal-i2c-ng.c:275] i2cWrite(): i2c_master_transmit failed: [259] ESP_ERR_INVALID_STATE

[ 13801][E][esp32-hal-i2c-ng.c:275] i2cWrite(): i2c_master_transmit failed: [259] ESP_ERR_INVALID_STATE

[ 13803][E][esp32-hal-i2c-ng.c:275] i2cWrite(): i2c_master_transmit failed: [259] ESP_ERR_INVALID_STATE

[ 13805][E][esp32-hal-i2c-ng.c:275] i2cWrite(): i2c_master_transmit failed: [259] ESP_ERR_INVALID_STATE

[ 13807][E][esp32-hal-i2c-ng.c:275] i2cWrite(): i2c_master_transmit failed: [259] ESP_ERR_INVALID_STATE

[ 13809][E][esp32-hal-i2c-ng.c:275] i2cWrite(): i2c_master_transmit failed: [259] ESP_ERR_INVALID_STATE

[ 13811][E][esp32-hal-i2c-ng.c:275] i2cWrite(): i2c_master_transmit failed: [259] ESP_ERR_INVALID_STATE

[ 13813][E][esp32-hal-i2c-ng.c:275] i2cWrite(): i2c_master_transmit failed: [259] ESP_ERR_INVALID_STATE

[ 13815][E][esp32-hal-i2c-ng.c:275] i2cWrite(): i2c_master_transmit failed: [259] ESP_ERR_INVALID_STATE

[ 13817][E][esp32-hal-i2c-ng.c:275] i2cWrite(): i2c_master_transmit failed: [259] ESP_ERR_INVALID_STATE

[ 13819][E][esp32-hal-i2c-ng.c:275] i2cWrite(): i2c_master_transmit failed: [259] ESP_ERR_INVALID_STATE

[ 13821][E][esp32-hal-i2c-ng.c:275] i2cWrite(): i2c_master_transmit failed: [259] ESP_ERR_INVALID_STATE

[ 13823][E][esp32-hal-i2c-ng.c:275] i2cWrite(): i2c_master_transmit failed: [259] ESP_ERR_INVALID_STATE

[ 13825][E][esp32-hal-i2c-ng.c:275] i2cWrite(): i2c_master_transmit failed: [259] ESP_ERR_INVALID_STATE

[ 13827][E][esp32-hal-i2c-ng.c:275] i2cWrite(): i2c_master_transmit failed: [259] ESP_ERR_INVALID_STATE

[ 13829][E][esp32-hal-i2c-ng.c:275] i2cWrite(): i2c_master_transmit failed: [259] ESP_ERR_INVALID_STATE

[ 13831][E][esp32-hal-i2c-ng.c:275] i2cWrite(): i2c_master_transmit failed: [259] ESP_ERR_INVALID_STATE

[ 13833][E][esp32-hal-i2c-ng.c:275] i2cWrite(): i2c_master_transmit failed: [259] ESP_ERR_INVALID_STATE

[ 13835][E][esp32-hal-i2c-ng.c:275] i2cWrite(): i2c_master_transmit failed: [259] ESP_ERR_INVALID_STATE

[ 13837][E][esp32-hal-i2c-ng.c:275] i2cWrite(): i2c_master_transmit failed: [259] ESP_ERR_INVALID_STATE

[ 13839][E][esp32-hal-i2c-ng.c:275] i2cWrite(): i2c_master_transmit failed: [259] ESP_ERR_INVALID_STATE

[ 13841][E][esp32-hal-i2c-ng.c:275] i2cWrite(): i2c_master_transmit failed: [259] ESP_ERR_INVALID_STATE

[ 13843][E][esp32-hal-i2c-ng.c:275] i2cWrite(): i2c_master_transmit failed: [259] ESP_ERR_INVALID_STATE

[ 13845][E][esp32-hal-i2c-ng.c:275] i2cWrite(): i2c_master_transmit failed: [259] ESP_ERR_INVALID_STATE

[ 13847][E][esp32-hal-i2c-ng.c:275] i2cWrite(): i2c_master_transmit failed: [259] ESP_ERR_INVALID_STATE

[ 13849][E][esp32-hal-i2c-ng.c:275] i2cWrite(): i2c_master_transmit failed: [259] ESP_ERR_INVALID_STATE

[ 13851][E][esp32-hal-i2c-ng.c:275] i2cWrite(): i2c_master_transmit failed: [259] ESP_ERR_INVALID_STATE

[ 13853][E][esp32-hal-i2c-ng.c:275] i2cWrite(): i2c_master_transmit failed: [259] ESP_ERR_INVALID_STATE

[ 13855][E][esp32-hal-i2c-ng.c:275] i2cWrite(): i2c_master_transmit failed: [259] ESP_ERR_INVALID_STATE

[ 13857][E][esp32-hal-i2c-ng.c:275] i2cWrite(): i2c_master_transmit failed: [259] ESP_ERR_INVALID_STATE

[ 13859][E][esp32-hal-i2c-ng.c:275] i2cWrite(): i2c_master_transmit failed: [259] ESP_ERR_INVALID_STATE

[ 138[ 13861][E][esp32-hal-i2c-ng.c:275] i2cWrite(): i2c_master_transmit failed: [259] ESP_ERR_INVALID_STATE

61][I][main.cpp:545] vTaskLogData(): [NaMa] Minimum free heap: 134392 bytes

[ 13863][E][esp32-hal-i2c-ng.c:275] i2cWrite(): i2c_master_transmit failed: [259] ESP_ERR_INVALID_STATE

[ 13865][E][esp32-hal-i2c-ng.c:275] i2cWrite(): i2c_master_transmit failed: [259] ESP_ERR_INVALID_STATE

[ 13867][E][esp32-hal-i2c-ng.c:275] i2cWrite(): i2c_master_transmit failed: [259] ESP_ERR_INVALID_STATE

[ 13869][E][esp32-hal-i2c-ng.c:275] i2cWrite(): i2c_master_transmit failed: [259] ESP_ERR_INVALID_STATE

[ 13871][E][esp32-hal-i2c-ng.c:275] i2cWrite(): i2c_master_transmit failed: [259] ESP_ERR_INVALID_STATE

[ 13873][E][esp32-hal-i2c-ng.c:275] i2cWrite(): i2c_master_transmit failed: [259] ESP_ERR_INVALID_STATE

[ 13875][E][esp32-hal-i2c-ng.c:275] i2cWrite(): i2c_master_transmit failed: [259] ESP_ERR_INVALID_STATE

[ 13877][E][esp32-hal-i2c-ng.c:275] i2cWrite(): i2c_master_transmit failed: [259] ESP_ERR_INVALID_STATE

[ 13879][E][esp32-hal-i2c-ng.c:275] i2cWrite(): i2c_master_transmit failed: [259] ESP_ERR_INVALID_STATE

[ 13881][E][esp32-hal-i2c-ng.c:275] i2cWrite(): i2c_master_transmit failed: [259] ESP_ERR_INVALID_STATE

[ 13883][E][esp32-hal-i2c-ng.c:275] i2cWrite(): i2c_master_transmit failed: [259] ESP_ERR_INVALID_STATE

[ 13885][E][esp32-hal-i2c-ng.c:275] i2cWrite(): i2c_master_transmit failed: [259] ESP_ERR_INVALID_STATE

[ 13887][E][esp32-hal-i2c-ng.c:275] i2cWrite(): i2c_master_transmit failed: [259] ESP_ERR_INVALID_STATE

[ 13889][E][esp32-hal-i2c-ng.c:275] i2cWrite(): i2c_master_transmit failed: [259] ESP_ERR_INVALID_STATE

[ 13891][E][esp32-hal-i2c-ng.c:275] i2cWrite(): i2c_master_transmit failed: [259] ESP_ERR_INVALID_STATE

[ 13893][E][esp32-hal-i2c-ng.c:275] i2cWrite(): i2c_master_transmit failed: [259] ESP_ERR_INVALID_STATE

[ 13895][E][esp32-hal-i2c-ng.c:275] i2cWrite(): i2c_master_transmit failed: [259] ESP_ERR_INVALID_STATE

[ 13897][E][esp32-hal-i2c-ng.c:275] i2cWrite(): i2c_master_transmit failed: [259] ESP_ERR_INVALID_STATE

[ 13899][E][esp32-hal-i2c-ng.c:275] i2cWrite(): i2c_master_transmit failed: [259] ESP_ERR_INVALID_STATE

[ 13901][E][esp32-hal-i2c-ng.c:275] i2cWrite(): i2c_master_transmit failed: [259] ESP_ERR_INVALID_STATE

[ 13903][E][esp32-hal-i2c-ng.c:275] i2cWrite(): i2c_master_transmit failed: [259] ESP_ERR_INVALID_STATE

[ 13905][E][esp32-hal-i2c-ng.c:275] i2cWrite(): i2c_master_transmit failed: [259] ESP_ERR_INVALID_STATE

[ 13907][E][esp32-hal-i2c-ng.c:275] i2cWrite(): i2c_master_transmit failed: [259] ESP_ERR_INVALID_STATE

[ 13909][E][esp32-hal-i2c-ng.c:275] i2cWrite(): i2c_master_transmit failed: [259] ESP_ERR_INVALID_STATE

[ 13911][E][esp32-hal-i2c-ng.c:275] i2cWrite(): i2c_master_transmit failed: [259] ESP_ERR_INVALID_STATE

[ 13913][E][esp32-hal-i2c-ng.c:275] i2cWrite(): i2c_master_transmit failed: [259] ESP_ERR_INVALID_STATE

[ 13915][E][esp32-hal-i2c-ng.c:275] i2cWrite(): i2c_master_transmit failed: [259] ESP_ERR_INVALID_STATE

[ 13917][E][esp32-hal-i2c-ng.c:275] i2cWrite(): i2c_master_transmit failed: [259] ESP_ERR_INVALID_STATE

[ 13919][E][esp32-hal-i2c-ng.c:275] i2cWrite(): i2c_master_transmit failed: [259] ESP_ERR_INVALID_STATE

[ 13921][E][esp32-hal-i2c-ng.c:275] i2cWrite(): i2c_master_transmit failed: [259] ESP_ERR_INVALID_STATE

[ 13923][E][esp32-hal-i2c-ng.c:275] i2cWrite(): i2c_master_transmit failed: [259] ESP_ERR_INVALID_STATE

[ 13925][E][esp32-hal-i2c-ng.c:275] i2cWrite(): i2c_master_transmit failed: [259] ESP_ERR_INVALID_STATE

[ 13927][E][esp32-hal-i2c-ng.c:275] i2cWrite(): i2c_master_transmit failed: [259] ESP_ERR_INVALID_STATE

[ 13929][E][esp32-hal-i2c-ng.c:275] i2cWrite(): i2c_master_transmit failed: [259] ESP_ERR_INVALID_STATE

[ 13931][E][esp32-hal-i2c-ng.c:275] i2cWrite(): i2c_master_transmit failed: [259] ESP_ERR_INVALID_STATE

[ 13933][E][esp32-hal-i2c-ng.c:275] i2cWrite(): i2c_master_transmit failed: [259] ESP_ERR_INVALID_STATE

[ 13935][E][esp32-hal-i2c-ng.c:275] i2cWrite(): i2c_master_transmit failed: [259] ESP_ERR_INVALID_STATE

[ 13937][E][esp32-hal-i2c-ng.c:275] i2cWrite(): i2c_master_transmit failed: [259] ESP_ERR_INVALID_STATE

[ 13939][E][esp32-hal-i2c-ng.c:275] i2cWrite(): i2c_master_transmit failed: [259] ESP_ERR_INVALID_STATE

[ 13941][E][esp32-hal-i2c-ng.c:275] i2cWrite(): i2c_master_transmit failed: [259] ESP_ERR_INVALID_STATE

[ 13943][E][esp32-hal-i2c-ng.c:275] i2cWrite(): i2c_master_transmit failed: [259] ESP_ERR_INVALID_STATE

[ 13945][E][esp32-hal-i2c-ng.c:275] i2cWrite(): i2c_master_transmit failed: [259] ESP_ERR_INVALID_STATE

[ 13947][E][esp32-hal-i2c-ng.c:275] i2cWrite(): i2c_master_transmit failed: [259] ESP_ERR_INVALID_STATE

[ 13949][E][esp32-hal-i2c-ng.c:275] i2cWrite(): i2c_master_transmit failed: [259] ESP_ERR_INVALID_STATE

[ 13951][E][esp32-hal-i2c-ng.c:275] i2cWrite(): i2c_master_transmit failed: [259] ESP_ERR_INVALID_STATE

[ 13953][E][esp32-hal-i2c-ng.c:275] i2cWrite(): i2c_master_transmit failed: [259] ESP_ERR_INVALID_STATE

[ 13955][E][esp32-hal-i2c-ng.c:275] i2cWrite(): i2c_master_transmit failed: [259] ESP_ERR_INVALID_STATE

[ 13957][E][esp32-hal-i2c-ng.c:275] i2cWrite(): i2c_master_transmit failed: [259] ESP_ERR_INVALID_STATE

[ 13959][E][esp32-hal-i2c-ng.c:275] i2cWrite(): i2c_master_transmit failed: [259] ESP_ERR_INVALID_STATE

[ 13961][E][esp32-hal-i2c-ng.c:275] i2cWrite(): i2c_master_transmit failed: [259] ESP_ERR_INVALID_STATE

[ 13963][E][esp32-hal-i2c-ng.c:275] i2cWrite(): i2c_master_transmit failed: [259] ESP_ERR_INVALID_STATE

[ 13965][E][esp32-hal-i2c-ng.c:275] i2cWrite(): i2c_master_transmit failed: [259] ESP_ERR_INVALID_STATE

[ 13967][E][esp32-hal-i2c-ng.c:275] i2cWrite(): i2c_master_transmit failed: [259] ESP_ERR_INVALID_STATE

[ 13969][E][esp32-hal-i2c-ng.c:275] i2cWrite(): i2c_master_transmit failed: [259] ESP_ERR_INVALID_STATE

[ 13971][E][esp32-hal-i2c-ng.c:275] i2cWrite(): i2c_master_transmit failed: [259] ESP_ERR_INVALID_STATE

[ 13973][E][esp32-hal-i2c-ng.c:275] i2cWrite(): i2c_master_transmit failed: [259] ESP_ERR_INVALID_STATE

[ 13975][E][esp32-hal-i2c-ng.c:275] i2cWrite(): i2c_master_transmit failed: [259] ESP_ERR_INVALID_STATE

[ 13977][E][esp32-hal-i2c-ng.c:275] i2cWrite(): i2c_master_transmit failed: [259] ESP_ERR_INVALID_STATE

[ 13979][E][esp32-hal-i2c-ng.c:275] i2cWrite(): i2c_master_transmit failed: [259] ESP_ERR_INVALID_STATE

[ 13981][E][esp32-hal-i2c-ng.c:275] i2cWrite(): i2c_master_transmit failed: [259] ESP_ERR_INVALID_STATE

[ 13983][E][esp32-hal-i2c-ng.c:275] i2cWrite(): i2c_master_transmit failed: [259] ESP_ERR_INVALID_STATE

[ 13985][E][esp32-hal-i2c-ng.c:275] i2cWrite(): i2c_master_transmit failed: [259] ESP_ERR_INVALID_STATE

[ 13987][E][esp32-hal-i2c-ng.c:275] i2cWrite(): i2c_master_transmit failed: [259] ESP_ERR_INVALID_STATE

[ 13989][E][esp32-hal-i2c-ng.c:275] i2cWrite(): i2c_master_transmit failed: [259] ESP_ERR_INVALID_STATE

[ 13991][E][esp32-hal-i2c-ng.c:275] i2cWrite(): i2c_master_transmit failed: [259] ESP_ERR_INVALID_STATE

[ 13993][E][esp32-hal-i2c-ng.c:275] i2cWrite(): i2c_master_transmit failed: [259] ESP_ERR_INVALID_STATE

[ 13995][E][esp32-hal-i2c-ng.c:275] i2cWrite(): i2c_master_transmit failed: [259] ESP_ERR_INVALID_STATE

[ 13997][E][esp32-hal-i2c-ng.c:275] i2cWrite(): i2c_master_transmit failed: [259] ESP_ERR_INVALID_STATE

[ 13999][E][esp32-hal-i2c-ng.c:275] i2cWrite(): i2c_master_transmit failed: [259] ESP_ERR_INVALID_STATE

[ 14001][E][esp32-hal-i2c-ng.c:275] i2cWrite(): i2c_master_transmit failed: [259] ESP_ERR_INVALID_STATE

[ 14003][E][esp32-hal-i2c-ng.c:275] i2cWrite(): i2c_master_transmit failed: [259] ESP_ERR_INVALID_STATE

[ 14005][E][esp32-hal-i2c-ng.c:275] i2cWrite(): i2c_master_transmit failed: [259] ESP_ERR_INVALID_STATE

[ 14007][E][esp32-hal-i2c-ng.c:275] i2cWrite(): i2c_master_transmit failed: [259] ESP_ERR_INVALID_STATE

[ 14009][E][esp32-hal-i2c-ng.c:275] i2cWrite(): i2c_master_transmit failed: [259] ESP_ERR_INVALID_STATE

[ 14011][E][esp32-hal-i2c-ng.c:275] i2cWrite(): i2c_master_transmit failed: [259] ESP_ERR_INVALID_STATE

[ 14013][E][esp32-hal-i2c-ng.c:275] i2cWrite(): i2c_master_transmit failed: [259] ESP_ERR_INVALID_STATE

[ 14015][E][esp32-hal-i2c-ng.c:275] i2cWrite(): i2c_master_transmit failed: [259] ESP_ERR_INVALID_STATE

[ 14017][E][esp32-hal-i2c-ng.c:275] i2cWrite(): i2c_master_transmit failed: [259] ESP_ERR_INVALID_STATE

[ 14019][E][esp32-hal-i2c-ng.c:275] i2cWrite(): i2c_master_transmit failed: [259] ESP_ERR_INVALID_STATE

[ 14021][E][esp32-hal-i2c-ng.c:275] i2cWrite(): i2c_master_transmit failed: [259] ESP_ERR_INVALID_STATE

[ 14023][E][esp32-hal-i2c-ng.c:275] i2cWrite(): i2c_master_transmit failed: [259] ESP_ERR_INVALID_STATE

[ 14025][E][esp32-hal-i2c-ng.c:275] i2cWrite(): i2c_master_transmit failed: [259] ESP_ERR_INVALID_STATE

[ 14027][E][esp32-hal-i2c-ng.c:275] i2cWrite(): i2c_master_transmit failed: [259] ESP_ERR_INVALID_STATE

[ 14029][E][esp32-hal-i2c-ng.c:275] i2cWrite(): i2c_master_transmit failed: [259] ESP_ERR_INVALID_STATE

[ 14031][E][esp32-hal-i2c-ng.c:275] i2cWrite(): i2c_master_transmit failed: [259] ESP_ERR_INVALID_STATE

[ 14033][E][esp32-hal-i2c-ng.c:275] i2cWrite(): i2c_master_transmit failed: [259] ESP_ERR_INVALID_STATE

[ 14035][E][esp32-hal-i2c-ng.c:275] i2cWrite(): i2c_master_transmit failed: [259] ESP_ERR_INVALID_STATE

[ 14037][E][esp32-hal-i2c-ng.c:275] i2cWrite(): i2c_master_transmit failed: [259] ESP_ERR_INVALID_STATE

[ 14039][E][esp32-hal-i2c-ng.c:275] i2cWrite(): i2c_master_transmit failed: [259] ESP_ERR_INVALID_STATE

[ 14041][E][esp32-hal-i2c-ng.c:275] i2cWrite(): i2c_master_transmit failed: [259] ESP_ERR_INVALID_STATE

[ 14043][E][esp32-hal-i2c-ng.c:275] i2cWrite(): i2c_master_transmit failed: [259] ESP_ERR_INVALID_STATE

[ 14045][E][esp32-hal-i2c-ng.c:275] i2cWrite(): i2c_master_transmit failed: [259] ESP_ERR_INVALID_STATE

[ 14047][E][esp32-hal-i2c-ng.c:275] i2cWrite(): i2c_master_transmit failed: [259] ESP_ERR_INVALID_STATE

[ 14049][E][esp32-hal-i2c-ng.c:275] i2cWrite(): i2c_master_transmit failed: [259] ESP_ERR_INVALID_STATE

[ 14051][E][esp32-hal-i2c-ng.c:275] i2cWrite(): i2c_master_transmit failed: [259] ESP_ERR_INVALID_STATE

[ 14053][E][esp32-hal-i2c-ng.c:275] i2cWrite(): i2c_master_transmit failed: [259] ESP_ERR_INVALID_STATE

[ 14055][E][esp32-hal-i2c-ng.c:275] i2cWrite(): i2c_master_transmit failed: [259] ESP_ERR_INVALID_STATE

[ 14057][E][esp32-hal-i2c-ng.c:275] i2cWrite(): i2c_master_transmit failed: [259] ESP_ERR_INVALID_STATE

[ 14059][E][esp32-hal-i2c-ng.c:275] i2cWrite(): i2c_master_transmit failed: [259] ESP_ERR_INVALID_STATE

[ 14061][E][esp32-hal-i2c-ng.c:275] i2cWrite(): i2c_master_transmit failed: [259] ESP_ERR_INVALID_STATE

[ 14063][E][esp32-hal-i2c-ng.c:275] i2cWrite(): i2c_master_transmit failed: [259] ESP_ERR_INVALID_STATE

[ 14065][E][esp32-hal-i2c-ng.c:275] i2cWrite(): i2c_master_transmit failed: [259] ESP_ERR_INVALID_STATE

[ 14067][E][esp32-hal-i2c-ng.c:275] i2cWrite(): i2c_master_transmit failed: [259] ESP_ERR_INVALID_STATE

[ 14069][E][esp32-hal-i2c-ng.c:275] i2cWrite(): i2c_master_transmit failed: [259] ESP_ERR_INVALID_STATE

[ 14071][E][esp32-hal-i2c-ng.c:275] i2cWrite(): i2c_master_transmit failed: [259] ESP_ERR_INVALID_STATE

[ 14073][E][esp32-hal-i2c-ng.c:275] i2cWrite(): i2c_master_transmit failed: [259] ESP_ERR_INVALID_STATE

[ 14075][E][esp32-hal-i2c-ng.c:275] i2cWrite(): i2c_master_transmit failed: [259] ESP_ERR_INVALID_STATE

[ 14077][E][esp32-hal-i2c-ng.c:275] i2cWrite(): i2c_master_transmit failed: [259] ESP_ERR_INVALID_STATE

[ 14079][E][esp32-hal-i2c-ng.c:275] i2cWrite(): i2c_master_transmit failed: [259] ESP_ERR_INVALID_STATE

[ 14081][E][esp32-hal-i2c-ng.c:275] i2cWrite(): i2c_master_transmit failed: [259] ESP_ERR_INVALID_STATE

[ 14083][E][esp32-hal-i2c-ng.c:275] i2cWrite(): i2c_master_transmit failed: [259] ESP_ERR_INVALID_STATE

[ 14085][E][esp32-hal-i2c-ng.c:275] i2cWrite(): i2c_master_transmit failed: [259] ESP_ERR_INVALID_STATE

[ 14087][E][esp32-hal-i2c-ng.c:275] i2cWrite(): i2c_master_transmit failed: [259] ESP_ERR_INVALID_STATE

[ 14089][E][esp32-hal-i2c-ng.c:275] i2cWrite(): i2c_master_transmit failed: [259] ESP_ERR_INVALID_STATE

[ 14091][E][esp32-hal-i2c-ng.c:275] i2cWrite(): i2c_master_transmit failed: [259] ESP_ERR_INVALID_STATE

[ 14093][E][esp32-hal-i2c-ng.c:275] i2cWrite(): i2c_master_transmit failed: [259] ESP_ERR_INVALID_STATE

[ 14095][E][esp32-hal-i2c-ng.c:275] i2cWrite(): i2c_master_transmit failed: [259] ESP_ERR_INVALID_STATE

[ 14097][E][esp32-hal-i2c-ng.c:275] i2cWrite(): i2c_master_transmit failed: [259] ESP_ERR_INVALID_STATE

[ 14099][E][esp32-hal-i2c-ng.c:275] i2cWrite(): i2c_master_transmit failed: [259] ESP_ERR_INVALID_STATE

[ 14101][E][esp32-hal-i2c-ng.c:275] i2cWrite(): i2c_master_transmit failed: [259] ESP_ERR_INVALID_STATE

[ 14103][E][esp32-hal-i2c-ng.c:275] i2cWrite(): i2c_master_transmit failed: [259] ESP_ERR_INVALID_STATE

[ 14105][E][esp32-hal-i2c-ng.c:275] i2cWrite(): i2c_master_transmit failed: [259] ESP_ERR_INVALID_STATE

[ 14107][E][esp32-hal-i2c-ng.c:275] i2cWrite(): i2c_master_transmit failed: [259] ESP_ERR_INVALID_STATE

[ 14109][E][esp32-hal-i2c-ng.c:275] i2cWrite(): i2c_master_transmit failed: [259] ESP_ERR_INVALID_STATE

[ 14111][E][esp32-hal-i2c-ng.c:275] i2cWrite(): i2c_master_transmit failed: [259] ESP_ERR_INVALID_STATE

[ 14113][E][esp32-hal-i2c-ng.c:275] i2cWrite(): i2c_master_transmit failed: [259] ESP_ERR_INVALID_STATE

[ 14115][E][esp32-hal-i2c-ng.c:275] i2cWrite(): i2c_master_transmit failed: [259] ESP_ERR_INVALID_STATE

[ 14117][E][esp32-hal-i2c-ng.c:275] i2cWrite(): i2c_master_transmit failed: [259] ESP_ERR_INVALID_STATE

[ 14119][E][esp32-hal-i2c-ng.c:275] i2cWrite(): i2c_master_transmit failed: [259] ESP_ERR_INVALID_STATE

[ 14121][E][esp32-hal-i2c-ng.c:275] i2cWrite(): i2c_master_transmit failed: [259] ESP_ERR_INVALID_STATE

[ 14123][E][esp32-hal-i2c-ng.c:275] i2cWrite(): i2c_master_transmit failed: [259] ESP_ERR_INVALID_STATE

[ 14125][E][esp32-hal-i2c-ng.c:275] i2cWrite(): i2c_master_transmit failed: [259] ESP_ERR_INVALID_STATE

[ 14127][E][esp32-hal-i2c-ng.c:275] i2cWrite(): i2c_master_transmit failed: [259] ESP_ERR_INVALID_STATE

[ 14129][E][esp32-hal-i2c-ng.c:275] i2cWrite(): i2c_master_transmit failed: [259] ESP_ERR_INVALID_STATE

[ 14131][E][esp32-hal-i2c-ng.c:275] i2cWrite(): i2c_master_transmit failed: [259] ESP_ERR_INVALID_STATE

[ 14133][E][esp32-hal-i2c-ng.c:275] i2cWrite(): i2c_master_transmit failed: [259] ESP_ERR_INVALID_STATE

[ 14135][E][esp32-hal-i2c-ng.c:275] i2cWrite(): i2c_master_transmit failed: [259] ESP_ERR_INVALID_STATE

[ 14137][E][esp32-hal-i2c-ng.c:275] i2cWrite(): i2c_master_transmit failed: [259] ESP_ERR_INVALID_STATE

[ 14139][E][esp32-hal-i2c-ng.c:275] i2cWrite(): i2c_master_transmit failed: [259] ESP_ERR_INVALID_STATE

[ 14141][E][esp32-hal-i2c-ng.c:275] i2cWrite(): i2c_master_transmit failed: [259] ESP_ERR_INVALID_STATE

[ 14143][E][esp32-hal-i2c-ng.c:275] i2cWrite(): i2c_master_transmit failed: [259] ESP_ERR_INVALID_STATE

[ 14145][E][esp32-hal-i2c-ng.c:275] i2cWrite(): i2c_master_transmit failed: [259] ESP_ERR_INVALID_STATE

[ 14147][E][esp32-hal-i2c-ng.c:275] i2cWrite(): i2c_master_transmit failed: [259] ESP_ERR_INVALID_STATE

[ 14149][E][esp32-hal-i2c-ng.c:275] i2cWrite(): i2c_master_transmit failed: [259] ESP_ERR_INVALID_STATE

[ 14151][E][esp32-hal-i2c-ng.c:275] i2cWrite(): i2c_master_transmit failed: [259] ESP_ERR_INVALID_STATE

[ 14153][E][esp32-hal-i2c-ng.c:275] i2cWrite(): i2c_master_transmit failed: [259] ESP_ERR_INVALID_STATE

[ 14155][E][esp32-hal-i2c-ng.c:275] i2cWrite(): i2c_master_transmit failed: [259] ESP_ERR_INVALID_STATE

[ 14157][E][esp32-hal-i2c-ng.c:275] i2cWrite(): i2c_master_transmit failed: [259] ESP_ERR_INVALID_STATE

[ 14159][E][esp32-hal-i2c-ng.c:275] i2cWrite(): i2c_master_transmit failed: [259] ESP_ERR_INVALID_STATE

[ 14161][E][esp32-hal-i2c-ng.c:275] i2cWrite(): i2c_master_transmit failed: [259] ESP_ERR_INVALID_STATE

[ 14163][E][esp32-hal-i2c-ng.c:275] i2cWrite(): i2c_master_transmit failed: [259] ESP_ERR_INVALID_STATE

[ 14165][E][esp32-hal-i2c-ng.c:275] i2cWrite(): i2c_master_transmit failed: [259] ESP_ERR_INVALID_STATE

[ 14167][E][esp32-hal-i2c-ng.c:275] i2cWrite(): i2c_master_transmit failed: [259] ESP_ERR_INVALID_STATE

[ 14169][E][esp32-hal-i2c-ng.c:275] i2cWrite(): i2c_master_transmit failed: [259] ESP_ERR_INVALID_STATE

[ 14171][E][esp32-hal-i2c-ng.c:275] i2cWrite(): i2c_master_transmit failed: [259] ESP_ERR_INVALID_STATE

[ 14173][E][esp32-hal-i2c-ng.c:275] i2cWrite(): i2c_master_transmit failed: [259] ESP_ERR_INVALID_STATE

[ 14175][E][esp32-hal-i2c-ng.c:275] i2cWrite(): i2c_master_transmit failed: [259] ESP_ERR_INVALID_STATE

[ 14177][E][esp32-hal-i2c-ng.c:275] i2cWrite(): i2c_master_transmit failed: [259] ESP_ERR_INVALID_STATE

[ 14179][E][esp32-hal-i2c-ng.c:275] i2cWrite(): i2c_master_transmit failed: [259] ESP_ERR_INVALID_STATE

[ 14181][E][esp32-hal-i2c-ng.c:275] i2cWrite(): i2c_master_transmit failed: [259] ESP_ERR_INVALID_STATE

[ 14183][E][esp32-hal-i2c-ng.c:275] i2cWrite(): i2c_master_transmit failed: [259] ESP_ERR_INVALID_STATE

[ 14185][E][esp32-hal-i2c-ng.c:275] i2cWrite(): i2c_master_transmit failed: [259] ESP_ERR_INVALID_STATE

[ 14187][E][esp32-hal-i2c-ng.c:275] i2cWrite(): i2c_master_transmit failed: [259] ESP_ERR_INVALID_STATE

[ 14189][E][esp32-hal-i2c-ng.c:275] i2cWrite(): i2c_master_transmit failed: [259] ESP_ERR_INVALID_STATE

[ 14191][E][esp32-hal-i2c-ng.c:275] i2cWrite(): i2c_master_transmit failed: [259] ESP_ERR_INVALID_STATE

[ 14193][E][esp32-hal-i2c-ng.c:275] i2cWrite(): i2c_master_transmit failed: [259] ESP_ERR_INVALID_STATE

[ 14195][E][esp32-hal-i2c-ng.c:275] i2cWrite(): i2c_master_transmit failed: [259] ESP_ERR_INVALID_STATE

[ 14197][E][esp32-hal-i2c-ng.c:275] i2cWrite(): i2c_master_transmit failed: [259] ESP_ERR_INVALID_STATE

[ 14199][E][esp32-hal-i2c-ng.c:275] i2cWrite(): i2c_master_transmit failed: [259] ESP_ERR_INVALID_STATE

[ 14201][E][esp32-hal-i2c-ng.c:275] i2cWrite(): i2c_master_transmit failed: [259] ESP_ERR_INVALID_STATE

[ 14203][E][esp32-hal-i2c-ng.c:275] i2cWrite(): i2c_master_transmit failed: [259] ESP_ERR_INVALID_STATE

[ 14205][E][esp32-hal-i2c-ng.c:275] i2cWrite(): i2c_master_transmit failed: [259] ESP_ERR_INVALID_STATE

[ 14207][E][esp32-hal-i2c-ng.c:275] i2cWrite(): i2c_master_transmit failed: [259] ESP_ERR_INVALID_STATE

[ 14209][E][esp32-hal-i2c-ng.c:275] i2cWrite(): i2c_master_transmit failed: [259] ESP_ERR_INVALID_STATE

[ 14211][E][esp32-hal-i2c-ng.c:275] i2cWrite(): i2c_master_transmit failed: [259] ESP_ERR_INVALID_STATE

[ 14213][E][esp32-hal-i2c-ng.c:275] i2cWrite(): i2c_master_transmit failed: [259] ESP_ERR_INVALID_STATE

[ 14215][E][esp32-hal-i2c-ng.c:275] i2cWrite(): i2c_master_transmit failed: [259] ESP_ERR_INVALID_STATE

[ 14217][E][esp32-hal-i2c-ng.c:275] i2cWrite(): i2c_master_transmit failed: [259] ESP_ERR_INVALID_STATE

[ 14219][E][esp32-hal-i2c-ng.c:275] i2cWrite(): i2c_master_transmit failed: [259] ESP_ERR_INVALID_STATE

[ 14221][E][esp32-hal-i2c-ng.c:275] i2cWrite(): i2c_master_transmit failed: [259] ESP_ERR_INVALID_STATE

[ 14223][E][esp32-hal-i2c-ng.c:275] i2cWrite(): i2c_master_transmit failed: [259] ESP_ERR_INVALID_STATE

[ 14225][E][esp32-hal-i2c-ng.c:275] i2cWrite(): i2c_master_transmit failed: [259] ESP_ERR_INVALID_STATE

[ 14227][E][esp32-hal-i2c-ng.c:275] i2cWrite(): i2c_master_transmit failed: [259] ESP_ERR_INVALID_STATE

[ 14229][E][esp32-hal-i2c-ng.c:275] i2cWrite(): i2c_master_transmit failed: [259] ESP_ERR_INVALID_STATE

[ 14231][E][esp32-hal-i2c-ng.c:275] i2cWrite(): i2c_master_transmit failed: [259] ESP_ERR_INVALID_STATE

[ 14233][E][esp32-hal-i2c-ng.c:275] i2cWrite(): i2c_master_transmit failed: [259] ESP_ERR_INVALID_STATE

[ 14235][E][esp32-hal-i2c-ng.c:275] i2cWrite(): i2c_master_transmit failed: [259] ESP_ERR_INVALID_STATE

[ 14237][E][esp32-hal-i2c-ng.c:275] i2cWrite(): i2c_master_transmit failed: [259] ESP_ERR_INVALID_STATE

[ 14239][E][esp32-hal-i2c-ng.c:275] i2cWrite(): i2c_master_transmit failed: [259] ESP_ERR_INVALID_STATE

[ 14241][E][esp32-hal-i2c-ng.c:275] i2cWrite(): i2c_master_transmit failed: [259] ESP_ERR_INVALID_STATE

[ 14243][E][esp32-hal-i2c-ng.c:275] i2cWrite(): i2c_master_transmit failed: [259] ESP_ERR_INVALID_STATE

[ 14245][E][esp32-hal-i2c-ng.c:275] i2cWrite(): i2c_master_transmit failed: [259] ESP_ERR_INVALID_STATE

[ 14247][E][esp32-hal-i2c-ng.c:275] i2cWrite(): i2c_master_transmit failed: [259] ESP_ERR_INVALID_STATE

[ 14249][E][esp32-hal-i2c-ng.c:275] i2cWrite(): i2c_master_transmit failed: [259] ESP_ERR_INVALID_STATE

[ 14251][E][esp32-hal-i2c-ng.c:275] i2cWrite(): i2c_master_transmit failed: [259] ESP_ERR_INVALID_STATE

[ 14253][E][esp32-hal-i2c-ng.c:275] i2cWrite(): i2c_master_transmit failed: [259] ESP_ERR_INVALID_STATE

[ 14255][E][esp32-hal-i2c-ng.c:275] i2cWrite(): i2c_master_transmit failed: [259] ESP_ERR_INVALID_STATE

[ 14257][E][esp32-hal-i2c-ng.c:275] i2cWrite(): i2c_master_transmit failed: [259] ESP_ERR_INVALID_STATE

[ 14259][E][esp32-hal-i2c-ng.c:275] i2cWrite(): i2c_master_transmit failed: [259] ESP_ERR_INVALID_STATE

[ 14261][E][esp32-hal-i2c-ng.c:275] i2cWrite(): i2c_master_transmit failed: [259] ESP_ERR_INVALID_STATE

[ 14263][E][esp32-hal-i2c-ng.c:275] i2cWrite(): i2c_master_transmit failed: [259] ESP_ERR_INVALID_STATE

[ 14265][E][esp32-hal-i2c-ng.c:275] i2cWrite(): i2c_master_transmit failed: [259] ESP_ERR_INVALID_STATE

[ 14267][E][esp32-hal-i2c-ng.c:275] i2cWrite(): i2c_master_transmit failed: [259] ESP_ERR_INVALID_STATE

[ 14269][E][esp32-hal-i2c-ng.c:275] i2cWrite(): i2c_master_transmit failed: [259] ESP_ERR_INVALID_STATE

[ 14271][E][esp32-hal-i2c-ng.c:275] i2cWrite(): i2c_master_transmit failed: [259] ESP_ERR_INVALID_STATE

[ 14273][E][esp32-hal-i2c-ng.c:275] i2cWrite(): i2c_master_transmit failed: [259] ESP_ERR_INVALID_STATE

[ 14275][E][esp32-hal-i2c-ng.c:275] i2cWrite(): i2c_master_transmit failed: [259] ESP_ERR_INVALID_STATE

[ 14277][E][esp32-hal-i2c-ng.c:275] i2cWrite(): i2c_master_transmit failed: [259] ESP_ERR_INVALID_STATE

[ 14279][E][esp32-hal-i2c-ng.c:275] i2cWrite(): i2c_master_transmit failed: [259] ESP_ERR_INVALID_STATE

[ 14281][E][esp32-hal-i2c-ng.c:275] i2cWrite(): i2c_master_transmit failed: [259] ESP_ERR_INVALID_STATE

[ 14283][E][esp32-hal-i2c-ng.c:275] i2cWrite(): i2c_master_transmit failed: [259] ESP_ERR_INVALID_STATE

[ 14285][E][esp32-hal-i2c-ng.c:275] i2cWrite(): i2c_master_transmit failed: [259] ESP_ERR_INVALID_STATE

[ 14287][E][esp32-hal-i2c-ng.c:275] i2cWrite(): i2c_master_transmit failed: [259] ESP_ERR_INVALID_STATE

[ 14289][E][esp32-hal-i2c-ng.c:275] i2cWrite(): i2c_master_transmit failed: [259] ESP_ERR_INVALID_STATE

[ 14291][E][esp32-hal-i2c-ng.c:275] i2cWrite(): i2c_master_transmit failed: [259] ESP_ERR_INVALID_STATE

[ 14293][E][esp32-hal-i2c-ng.c:275] i2cWrite(): i2c_master_transmit failed: [259] ESP_ERR_INVALID_STATE

[ 14295][E][esp32-hal-i2c-ng.c:275] i2cWrite(): i2c_master_transmit failed: [259] ESP_ERR_INVALID_STATE

[ 14297][E][esp32-hal-i2c-ng.c:275] i2cWrite(): i2c_master_transmit failed: [259] ESP_ERR_INVALID_STATE

[ 14299][E][esp32-hal-i2c-ng.c:275] i2cWrite(): i2c_master_transmit failed: [259] ESP_ERR_INVALID_STATE

[ 14301][E][esp32-hal-i2c-ng.c:275] i2cWrite(): i2c_master_transmit failed: [259] ESP_ERR_INVALID_STATE

[ 14303][E][esp32-hal-i2c-ng.c:275] i2cWrite(): i2c_master_transmit failed: [259] ESP_ERR_INVALID_STATE

[ 14305][E][esp32-hal-i2c-ng.c:275] i2cWrite(): i2c_master_transmit failed: [259] ESP_ERR_INVALID_STATE

[ 14307][E][esp32-hal-i2c-ng.c:275] i2cWrite(): i2c_master_transmit failed: [259] ESP_ERR_INVALID_STATE

[ 14309][E][esp32-hal-i2c-ng.c:275] i2cWrite(): i2c_master_transmit failed: [259] ESP_ERR_INVALID_STATE

[ 14311][E][esp32-hal-i2c-ng.c:275] i2cWrite(): i2c_master_transmit failed: [259] ESP_ERR_INVALID_STATE

[ 14313][E][esp32-hal-i2c-ng.c:275] i2cWrite(): i2c_master_transmit failed: [259] ESP_ERR_INVALID_STATE

[ 14315][E][esp32-hal-i2c-ng.c:275] i2cWrite(): i2c_master_transmit failed: [259] ESP_ERR_INVALID_STATE

[ 14317][E][esp32-hal-i2c-ng.c:275] i2cWrite(): i2c_master_transmit failed: [259] ESP_ERR_INVALID_STATE

[ 14319][E][esp32-hal-i2c-ng.c:275] i2cWrite(): i2c_master_transmit failed: [259] ESP_ERR_INVALID_STATE

[ 14321][E][esp32-hal-i2c-ng.c:275] i2cWrite(): i2c_master_transmit failed: [259] ESP_ERR_INVALID_STATE

[ 14323][E][esp32-hal-i2c-ng.c:275] i2cWrite(): i2c_master_transmit failed: [259] ESP_ERR_INVALID_STATE

[ 14325][E][esp32-hal-i2c-ng.c:275] i2cWrite(): i2c_master_transmit failed: [259] ESP_ERR_INVALID_STATE

[ 14327][E][esp32-hal-i2c-ng.c:275] i2cWrite(): i2c_master_transmit failed: [259] ESP_ERR_INVALID_STATE

[ 14329][E][esp32-hal-i2c-ng.c:275] i2cWrite(): i2c_master_transmit failed: [259] ESP_ERR_INVALID_STATE

[ 14331][E][esp32-hal-i2c-ng.c:275] i2cWrite(): i2c_master_transmit failed: [259] ESP_ERR_INVALID_STATE

[ 14333][E][esp32-hal-i2c-ng.c:275] i2cWrite(): i2c_master_transmit failed: [259] ESP_ERR_INVALID_STATE

[ 14335][E][esp32-hal-i2c-ng.c:275] i2cWrite(): i2c_master_transmit failed: [259] ESP_ERR_INVALID_STATE

[ 14337][E][esp32-hal-i2c-ng.c:275] i2cWrite(): i2c_master_transmit failed: [259] ESP_ERR_INVALID_STATE

[ 14339][E][esp32-hal-i2c-ng.c:275] i2cWrite(): i2c_master_transmit failed: [259] ESP_ERR_INVALID_STATE

[ 14341][E][esp32-hal-i2c-ng.c:275] i2cWrite(): i2c_master_transmit failed: [259] ESP_ERR_INVALID_STATE

[ 14343][E][esp32-hal-i2c-ng.c:275] i2cWrite(): i2c_master_transmit failed: [259] ESP_ERR_INVALID_STATE

[ 14345][E][esp32-hal-i2c-ng.c:275] i2cWrite(): i2c_master_transmit failed: [259] ESP_ERR_INVALID_STATE

[ 14347][E][esp32-hal-i2c-ng.c:275] i2cWrite(): i2c_master_transmit failed: [259] ESP_ERR_INVALID_STATE

[ 14349][E][esp32-hal-i2c-ng.c:275] i2cWrite(): i2c_master_transmit failed: [259] ESP_ERR_INVALID_STATE

[ 14351][E][esp32-hal-i2c-ng.c:275] i2cWrite(): i2c_master_transmit failed: [259] ESP_ERR_INVALID_STATE

[ 14353][E][esp32-hal-i2c-ng.c:275] i2cWrite(): i2c_master_transmit failed: [259] ESP_ERR_INVALID_STATE

[ 14355][E][esp32-hal-i2c-ng.c:275] i2cWrite(): i2c_master_transmit failed: [259] ESP_ERR_INVALID_STATE

[ 14357][E][esp32-hal-i2c-ng.c:275] i2cWrite(): i2c_master_transmit failed: [259] ESP_ERR_INVALID_STATE

[ 14359][E][esp32-hal-i2c-ng.c:275] i2cWrite(): i2c_master_transmit failed: [259] ESP_ERR_INVALID_STATE

[ 14361][E][esp32-hal-i2c-ng.c:275] i2cWrite(): i2c_master_transmit failed: [259] ESP_ERR_INVALID_STATE

[ 14363][E][esp32-hal-i2c-ng.c:275] i2cWrite(): i2c_master_transmit failed: [259] ESP_ERR_INVALID_STATE

[ 14365][E][esp32-hal-i2c-ng.c:275] i2cWrite(): i2c_master_transmit failed: [259] ESP_ERR_INVALID_STATE

[ 14367][E][esp32-hal-i2c-ng.c:275] i2cWrite(): i2c_master_transmit failed: [259] ESP_ERR_INVALID_STATE

[ 14369][E][esp32-hal-i2c-ng.c:275] i2cWrite(): i2c_master_transmit failed: [259] ESP_ERR_INVALID_STATE

[ 14371][E][esp32-hal-i2c-ng.c:275] i2cWrite(): i2c_master_transmit failed: [259] ESP_ERR_INVALID_STATE

[ 14373][E][esp32-hal-i2c-ng.c:275] i2cWrite(): i2c_master_transmit failed: [259] ESP_ERR_INVALID_STATE

[ 14375][E][esp32-hal-i2c-ng.c:275] i2cWrite(): i2c_master_transmit failed: [259] ESP_ERR_INVALID_STATE

[ 14377][E][esp32-hal-i2c-ng.c:275] i2cWrite(): i2c_master_transmit failed: [259] ESP_ERR_INVALID_STATE

[ 14379][E][esp32-hal-i2c-ng.c:275] i2cWrite(): i2c_master_transmit failed: [259] ESP_ERR_INVALID_STATE

[ 14381][E][esp32-hal-i2c-ng.c:275] i2cWrite(): i2c_master_transmit failed: [259] ESP_ERR_INVALID_STATE

[ 14383][E][esp32-hal-i2c-ng.c:275] i2cWrite(): i2c_master_transmit failed: [259] ESP_ERR_INVALID_STATE

[ 14385][E][esp32-hal-i2c-ng.c:275] i2cWrite(): i2c_master_transmit failed: [259] ESP_ERR_INVALID_STATE

[ 14387][E][esp32-hal-i2c-ng.c:275] i2cWrite(): i2c_master_transmit failed: [259] ESP_ERR_INVALID_STATE

[ 14389][E][esp32-hal-i2c-ng.c:275] i2cWrite(): i2c_master_transmit failed: [259] ESP_ERR_INVALID_STATE

[ 14391][E][esp32-hal-i2c-ng.c:275] i2cWrite(): i2c_master_transmit failed: [259] ESP_ERR_INVALID_STATE

[ 14393][E][esp32-hal-i2c-ng.c:275] i2cWrite(): i2c_master_transmit failed: [259] ESP_ERR_INVALID_STATE

[ 14395][E][esp32-hal-i2c-ng.c:275] i2cWrite(): i2c_master_transmit failed: [259] ESP_ERR_INVALID_STATE

[ 14397][E][esp32-hal-i2c-ng.c:275] i2cWrite(): i2c_master_transmit failed: [259] ESP_ERR_INVALID_STATE

[ 14399][E][esp32-hal-i2c-ng.c:275] i2cWrite(): i2c_master_transmit failed: [259] ESP_ERR_INVALID_STATE

[ 14401][E][esp32-hal-i2c-ng.c:275] i2cWrite(): i2c_master_transmit failed: [259] ESP_ERR_INVALID_STATE

[ 14403][E][esp32-hal-i2c-ng.c:275] i2cWrite(): i2c_master_transmit failed: [259] ESP_ERR_INVALID_STATE

[ 14405][E][esp32-hal-i2c-ng.c:275] i2cWrite(): i2c_master_transmit failed: [259] ESP_ERR_INVALID_STATE

[ 14407][E][esp32-hal-i2c-ng.c:275] i2cWrite(): i2c_master_transmit failed: [259] ESP_ERR_INVALID_STATE

[ 14409][E][esp32-hal-i2c-ng.c:275] i2cWrite(): i2c_master_transmit failed: [259] ESP_ERR_INVALID_STATE

[ 14411][E][esp32-hal-i2c-ng.c:275] i2cWrite(): i2c_master_transmit failed: [259] ESP_ERR_INVALID_STATE

[ 14413][E][esp32-hal-i2c-ng.c:275] i2cWrite(): i2c_master_transmit failed: [259] ESP_ERR_INVALID_STATE

[ 14415][E][esp32-hal-i2c-ng.c:275] i2cWrite(): i2c_master_transmit failed: [259] ESP_ERR_INVALID_STATE

[ 14417][E][esp32-hal-i2c-ng.c:275] i2cWrite(): i2c_master_transmit failed: [259] ESP_ERR_INVALID_STATE

[ 14419][E][esp32-hal-i2c-ng.c:275] i2cWrite(): i2c_master_transmit failed: [259] ESP_ERR_INVALID_STATE

[ 14421][E][esp32-hal-i2c-ng.c:275] i2cWrite(): i2c_master_transmit failed: [259] ESP_ERR_INVALID_STATE

[ 14423][E][esp32-hal-i2c-ng.c:275] i2cWrite(): i2c_master_transmit failed: [259] ESP_ERR_INVALID_STATE

[ 14425][E][esp32-hal-i2c-ng.c:275] i2cWrite(): i2c_master_transmit failed: [259] ESP_ERR_INVALID_STATE

[ 14427][E][esp32-hal-i2c-ng.c:275] i2cWrite(): i2c_master_transmit failed: [259] ESP_ERR_INVALID_STATE

[ 14429][E][esp32-hal-i2c-ng.c:275] i2cWrite(): i2c_master_transmit failed: [259] ESP_ERR_INVALID_STATE

[ 14431][E][esp32-hal-i2c-ng.c:275] i2cWrite(): i2c_master_transmit failed: [259] ESP_ERR_INVALID_STATE

[ 14433][E][esp32-hal-i2c-ng.c:275] i2cWrite(): i2c_master_transmit failed: [259] ESP_ERR_INVALID_STATE

[ 14435][E][esp32-hal-i2c-ng.c:275] i2cWrite(): i2c_master_transmit failed: [259] ESP_ERR_INVALID_STATE

[ 14437][E][esp32-hal-i2c-ng.c:275] i2cWrite(): i2c_master_transmit failed: [259] ESP_ERR_INVALID_STATE

[ 14439][E][esp32-hal-i2c-ng.c:275] i2cWrite(): i2c_master_transmit failed: [259] ESP_ERR_INVALID_STATE

[ 14441][E][esp32-hal-i2c-ng.c:275] i2cWrite(): i2c_master_transmit failed: [259] ESP_ERR_INVALID_STATE

[ 14443][E][esp32-hal-i2c-ng.c:275] i2cWrite(): i2c_master_transmit failed: [259] ESP_ERR_INVALID_STATE

[ 14445][E][esp32-hal-i2c-ng.c:275] i2cWrite(): i2c_master_transmit failed: [259] ESP_ERR_INVALID_STATE

[ 14447][E][esp32-hal-i2c-ng.c:275] i2cWrite(): i2c_master_transmit failed: [259] ESP_ERR_INVALID_STATE

[ 14449][E][esp32-hal-i2c-ng.c:275] i2cWrite(): i2c_master_transmit failed: [259] ESP_ERR_INVALID_STATE

[ 14451][E][esp32-hal-i2c-ng.c:275] i2cWrite(): i2c_master_transmit failed: [259] ESP_ERR_INVALID_STATE

[ 14453][E][esp32-hal-i2c-ng.c:275] i2cWrite(): i2c_master_transmit failed: [259] ESP_ERR_INVALID_STATE

[ 14455][E][esp32-hal-i2c-ng.c:275] i2cWrite(): i2c_master_transmit failed: [259] ESP_ERR_INVALID_STATE

[ 14457][E][esp32-hal-i2c-ng.c:275] i2cWrite(): i2c_master_transmit failed: [259] ESP_ERR_INVALID_STATE

[ 14459][E][esp32-hal-i2c-ng.c:275] i2cWrite(): i2c_master_transmit failed: [259] ESP_ERR_INVALID_STATE

[ 14461][E][esp32-hal-i2c-ng.c:275] i2cWrite(): i2c_master_transmit failed: [259] ESP_ERR_INVALID_STATE

[ 14463][E][esp32-hal-i2c-ng.c:275] i2cWrite(): i2c_master_transmit failed: [259] ESP_ERR_INVALID_STATE

[ 14465][E][esp32-hal-i2c-ng.c:275] i2cWrite(): i2c_master_transmit failed: [259] ESP_ERR_INVALID_STATE

[ 14467][E][esp32-hal-i2c-ng.c:275] i2cWrite(): i2c_master_transmit failed: [259] ESP_ERR_INVALID_STATE

[ 14469][E][esp32-hal-i2c-ng.c:275] i2cWrite(): i2c_master_transmit failed: [259] ESP_ERR_INVALID_STATE

[ 14471][E][esp32-hal-i2c-ng.c:275] i2cWrite(): i2c_master_transmit failed: [259] ESP_ERR_INVALID_STATE

[ 14473][E][esp32-hal-i2c-ng.c:275] i2cWrite(): i2c_master_transmit failed: [259] ESP_ERR_INVALID_STATE

[ 14475][E][esp32-hal-i2c-ng.c:275] i2cWrite(): i2c_master_transmit failed: [259] ESP_ERR_INVALID_STATE

[ 14477][E][esp32-hal-i2c-ng.c:275] i2cWrite(): i2c_master_transmit failed: [259] ESP_ERR_INVALID_STATE

[ 14479][E][esp32-hal-i2c-ng.c:275] i2cWrite(): i2c_master_transmit failed: [259] ESP_ERR_INVALID_STATE

[ 14481][E][esp32-hal-i2c-ng.c:275] i2cWrite(): i2c_master_transmit failed: [259] ESP_ERR_INVALID_STATE

[ 14483][E][esp32-hal-i2c-ng.c:275] i2cWrite(): i2c_master_transmit failed: [259] ESP_ERR_INVALID_STATE

[ 14485][E][esp32-hal-i2c-ng.c:275] i2cWrite(): i2c_master_transmit failed: [259] ESP_ERR_INVALID_STATE

[ 14487][E][esp32-hal-i2c-ng.c:275] i2cWrite(): i2c_master_transmit failed: [259] ESP_ERR_INVALID_STATE

[ 14489][E][esp32-hal-i2c-ng.c:275] i2cWrite(): i2c_master_transmit failed: [259] ESP_ERR_INVALID_STATE

[ 14491][E][esp32-hal-i2c-ng.c:275] i2cWrite(): i2c_master_transmit failed: [259] ESP_ERR_INVALID_STATE

[ 14493][E][esp32-hal-i2c-ng.c:275] i2cWrite(): i2c_master_transmit failed: [259] ESP_ERR_INVALID_STATE

[ 14495][E][esp32-hal-i2c-ng.c:275] i2cWrite(): i2c_master_transmit failed: [259] ESP_ERR_INVALID_STATE

[ 14497][E][esp32-hal-i2c-ng.c:275] i2cWrite(): i2c_master_transmit failed: [259] ESP_ERR_INVALID_STATE

[ 14499][E][esp32-hal-i2c-ng.c:275] i2cWrite(): i2c_master_transmit failed: [259] ESP_ERR_INVALID_STATE

[ 14501][E][esp32-hal-i2c-ng.c:275] i2cWrite(): i2c_master_transmit failed: [259] ESP_ERR_INVALID_STATE

[ 14503][E][esp32-hal-i2c-ng.c:275] i2cWrite(): i2c_master_transmit failed: [259] ESP_ERR_INVALID_STATE

[ 14505][E][esp32-hal-i2c-ng.c:275] i2cWrite(): i2c_master_transmit failed: [259] ESP_ERR_INVALID_STATE

[ 14507][E][esp32-hal-i2c-ng.c:275] i2cWrite(): i2c_master_transmit failed: [259] ESP_ERR_INVALID_STATE

[ 14509][E][esp32-hal-i2c-ng.c:275] i2cWrite(): i2c_master_transmit failed: [259] ESP_ERR_INVALID_STATE

[ 14511][E][esp32-hal-i2c-ng.c:275] i2cWrite(): i2c_master_transmit failed: [259] ESP_ERR_INVALID_STATE

[ 14513][E][esp32-hal-i2c-ng.c:275] i2cWrite(): i2c_master_transmit failed: [259] ESP_ERR_INVALID_STATE

[ 14515][E][esp32-hal-i2c-ng.c:275] i2cWrite(): i2c_master_transmit failed: [259] ESP_ERR_INVALID_STATE

[ 14517][E][esp32-hal-i2c-ng.c:275] i2cWrite(): i2c_master_transmit failed: [259] ESP_ERR_INVALID_STATE

[ 14519][E][esp32-hal-i2c-ng.c:275] i2cWrite(): i2c_master_transmit failed: [259] ESP_ERR_INVALID_STATE

[ 14521][E][esp32-hal-i2c-ng.c:275] i2cWrite(): i2c_master_transmit failed: [259] ESP_ERR_INVALID_STATE

[ 14523][E][esp32-hal-i2c-ng.c:275] i2cWrite(): i2c_master_transmit failed: [259] ESP_ERR_INVALID_STATE

[ 14525][E][esp32-hal-i2c-ng.c:275] i2cWrite(): i2c_master_transmit failed: [259] ESP_ERR_INVALID_STATE

[ 14527][E][esp32-hal-i2c-ng.c:275] i2cWrite(): i2c_master_transmit failed: [259] ESP_ERR_INVALID_STATE

[ 14529][E][esp32-hal-i2c-ng.c:275] i2cWrite(): i2c_master_transmit failed: [259] ESP_ERR_INVALID_STATE

[ 14531][E][esp32-hal-i2c-ng.c:275] i2cWrite(): i2c_master_transmit failed: [259] ESP_ERR_INVALID_STATE

[ 14533][E][esp32-hal-i2c-ng.c:275] i2cWrite(): i2c_master_transmit failed: [259] ESP_ERR_INVALID_STATE

[ 14535][E][esp32-hal-i2c-ng.c:275] i2cWrite(): i2c_master_transmit failed: [259] ESP_ERR_INVALID_STATE

[ 14537][E][esp32-hal-i2c-ng.c:275] i2cWrite(): i2c_master_transmit failed: [259] ESP_ERR_INVALID_STATE

[ 14539][E][esp32-hal-i2c-ng.c:275] i2cWrite(): i2c_master_transmit failed: [259] ESP_ERR_INVALID_STATE

[ 14541][E][esp32-hal-i2c-ng.c:275] i2cWrite(): i2c_master_transmit failed: [259] ESP_ERR_INVALID_STATE

[ 14543][E][esp32-hal-i2c-ng.c:275] i2cWrite(): i2c_master_transmit failed: [259] ESP_ERR_INVALID_STATE

[ 14545][E][esp32-hal-i2c-ng.c:275] i2cWrite(): i2c_master_transmit failed: [259] ESP_ERR_INVALID_STATE

[ 14547][E][esp32-hal-i2c-ng.c:275] i2cWrite(): i2c_master_transmit failed: [259] ESP_ERR_INVALID_STATE

[ 14549][E][esp32-hal-i2c-ng.c:275] i2cWrite(): i2c_master_transmit failed: [259] ESP_ERR_INVALID_STATE

[ 14551][E][esp32-hal-i2c-ng.c:275] i2cWrite(): i2c_master_transmit failed: [259] ESP_ERR_INVALID_STATE

[ 14553][E][esp32-hal-i2c-ng.c:275] i2cWrite(): i2c_master_transmit failed: [259] ESP_ERR_INVALID_STATE

[ 14555][E][esp32-hal-i2c-ng.c:275] i2cWrite(): i2c_master_transmit failed: [259] ESP_ERR_INVALID_STATE

[ 14557][E][esp32-hal-i2c-ng.c:275] i2cWrite(): i2c_master_transmit failed: [259] ESP_ERR_INVALID_STATE

[ 14559][E][esp32-hal-i2c-ng.c:275] i2cWrite(): i2c_master_transmit failed: [259] ESP_ERR_INVALID_STATE

[ 14561][E][esp32-hal-i2c-ng.c:275] i2cWrite(): i2c_master_transmit failed: [259] ESP_ERR_INVALID_STATE

[ 14563][E][esp32-hal-i2c-ng.c:275] i2cWrite(): i2c_master_transmit failed: [259] ESP_ERR_INVALID_STATE

[ 14565][E][esp32-hal-i2c-ng.c:275] i2cWrite(): i2c_master_transmit failed: [259] ESP_ERR_INVALID_STATE

[ 14567][E][esp32-hal-i2c-ng.c:275] i2cWrite(): i2c_master_transmit failed: [259] ESP_ERR_INVALID_STATE

[ 14569][E][esp32-hal-i2c-ng.c:275] i2cWrite(): i2c_master_transmit failed: [259] ESP_ERR_INVALID_STATE

[ 14571][E][esp32-hal-i2c-ng.c:275] i2cWrite(): i2c_master_transmit failed: [259] ESP_ERR_INVALID_STATE

[ 14573][E][esp32-hal-i2c-ng.c:275] i2cWrite(): i2c_master_transmit failed: [259] ESP_ERR_INVALID_STATE

[ 14575][E][esp32-hal-i2c-ng.c:275] i2cWrite(): i2c_master_transmit failed: [259] ESP_ERR_INVALID_STATE

[ 14577][E][esp32-hal-i2c-ng.c:275] i2cWrite(): i2c_master_transmit failed: [259] ESP_ERR_INVALID_STATE

[ 14579][E][esp32-hal-i2c-ng.c:275] i2cWrite(): i2c_master_transmit failed: [259] ESP_ERR_INVALID_STATE

[ 14581][E][esp32-hal-i2c-ng.c:275] i2cWrite(): i2c_master_transmit failed: [259] ESP_ERR_INVALID_STATE

[ 14583][E][esp32-hal-i2c-ng.c:275] i2cWrite(): i2c_master_transmit failed: [259] ESP_ERR_INVALID_STATE

[ 14585][E][esp32-hal-i2c-ng.c:275] i2cWrite(): i2c_master_transmit failed: [259] ESP_ERR_INVALID_STATE

[ 14587][E][esp32-hal-i2c-ng.c:275] i2cWrite(): i2c_master_transmit failed: [259] ESP_ERR_INVALID_STATE

[ 14589][E][esp32-hal-i2c-ng.c:275] i2cWrite(): i2c_master_transmit failed: [259] ESP_ERR_INVALID_STATE

[ 14591][E][esp32-hal-i2c-ng.c:275] i2cWrite(): i2c_master_transmit failed: [259] ESP_ERR_INVALID_STATE

[ 14593][E][esp32-hal-i2c-ng.c:275] i2cWrite(): i2c_master_transmit failed: [259] ESP_ERR_INVALID_STATE

[ 14595][E][esp32-hal-i2c-ng.c:275] i2cWrite(): i2c_master_transmit failed: [259] ESP_ERR_INVALID_STATE

[ 14597][E][esp32-hal-i2c-ng.c:275] i2cWrite(): i2c_master_transmit failed: [259] ESP_ERR_INVALID_STATE

[ 14599][E][esp32-hal-i2c-ng.c:275] i2cWrite(): i2c_master_transmit failed: [259] ESP_ERR_INVALID_STATE

[ 14601][E][esp32-hal-i2c-ng.c:275] i2cWrite(): i2c_master_transmit failed: [259] ESP_ERR_INVALID_STATE

[ 14603][E][esp32-hal-i2c-ng.c:275] i2cWrite(): i2c_master_transmit failed: [259] ESP_ERR_INVALID_STATE

[ 14605][E][esp32-hal-i2c-ng.c:275] i2cWrite(): i2c_master_transmit failed: [259] ESP_ERR_INVALID_STATE

[ 14607][E][esp32-hal-i2c-ng.c:275] i2cWrite(): i2c_master_transmit failed: [259] ESP_ERR_INVALID_STATE

[ 14609][E][esp32-hal-i2c-ng.c:275] i2cWrite(): i2c_master_transmit failed: [259] ESP_ERR_INVALID_STATE

[ 14611][E][esp32-hal-i2c-ng.c:275] i2cWrite(): i2c_master_transmit failed: [259] ESP_ERR_INVALID_STATE

[ 14613][E][esp32-hal-i2c-ng.c:275] i2cWrite(): i2c_master_transmit failed: [259] ESP_ERR_INVALID_STATE

[ 14615][E][esp32-hal-i2c-ng.c:275] i2cWrite(): i2c_master_transmit failed: [259] ESP_ERR_INVALID_STATE

[ 14617][E][esp32-hal-i2c-ng.c:275] i2cWrite(): i2c_master_transmit failed: [259] ESP_ERR_INVALID_STATE

[ 14619][E][esp32-hal-i2c-ng.c:275] i2cWrite(): i2c_master_transmit failed: [259] ESP_ERR_INVALID_STATE

[ 14621][E][esp32-hal-i2c-ng.c:275] i2cWrite(): i2c_master_transmit failed: [259] ESP_ERR_INVALID_STATE

[ 14623][E][esp32-hal-i2c-ng.c:275] i2cWrite(): i2c_master_transmit failed: [259] ESP_ERR_INVALID_STATE

[ 14625][E][esp32-hal-i2c-ng.c:275] i2cWrite(): i2c_master_transmit failed: [259] ESP_ERR_INVALID_STATE

[ 14627][E][esp32-hal-i2c-ng.c:275] i2cWrite(): i2c_master_transmit failed: [259] ESP_ERR_INVALID_STATE

[ 14629][E][esp32-hal-i2c-ng.c:275] i2cWrite(): i2c_master_transmit failed: [259] ESP_ERR_INVALID_STATE

[ 14631][E][esp32-hal-i2c-ng.c:275] i2cWrite(): i2c_master_transmit failed: [259] ESP_ERR_INVALID_STATE

[ 14633][E][esp32-hal-i2c-ng.c:275] i2cWrite(): i2c_master_transmit failed: [259] ESP_ERR_INVALID_STATE

[ 14635][E][esp32-hal-i2c-ng.c:275] i2cWrite(): i2c_master_transmit failed: [259] ESP_ERR_INVALID_STATE

[ 14637][E][esp32-hal-i2c-ng.c:275] i2cWrite(): i2c_master_transmit failed: [259] ESP_ERR_INVALID_STATE

[ 14639][E][esp32-hal-i2c-ng.c:275] i2cWrite(): i2c_master_transmit failed: [259] ESP_ERR_INVALID_STATE

[ 14641][E][esp32-hal-i2c-ng.c:275] i2cWrite(): i2c_master_transmit failed: [259] ESP_ERR_INVALID_STATE

[ 14643][E][esp32-hal-i2c-ng.c:275] i2cWrite(): i2c_master_transmit failed: [259] ESP_ERR_INVALID_STATE

[ 14645][E][esp32-hal-i2c-ng.c:275] i2cWrite(): i2c_master_transmit failed: [259] ESP_ERR_INVALID_STATE

[ 14647][E][esp32-hal-i2c-ng.c:275] i2cWrite(): i2c_master_transmit failed: [259] ESP_ERR_INVALID_STATE

[ 14649][E][esp32-hal-i2c-ng.c:275] i2cWrite(): i2c_master_transmit failed: [259] ESP_ERR_INVALID_STATE

[ 14651][E][esp32-hal-i2c-ng.c:275] i2cWrite(): i2c_master_transmit failed: [259] ESP_ERR_INVALID_STATE

[ 14653][E][esp32-hal-i2c-ng.c:275] i2cWrite(): i2c_master_transmit failed: [259] ESP_ERR_INVALID_STATE

[ 14655][E][esp32-hal-i2c-ng.c:275] i2cWrite(): i2c_master_transmit failed: [259] ESP_ERR_INVALID_STATE

[ 14657][E][esp32-hal-i2c-ng.c:275] i2cWrite(): i2c_master_transmit failed: [259] ESP_ERR_INVALID_STATE

[ 14659][E][esp32-hal-i2c-ng.c:275] i2cWrite(): i2c_master_transmit failed: [259] ESP_ERR_INVALID_STATE

[ 14661][E][esp32-hal-i2c-ng.c:275] i2cWrite(): i2c_master_transmit failed: [259] ESP_ERR_INVALID_STATE

[ 14663][E][esp32-hal-i2c-ng.c:275] i2cWrite(): i2c_master_transmit failed: [259] ESP_ERR_INVALID_STATE

[ 14665][E][esp32-hal-i2c-ng.c:275] i2cWrite(): i2c_master_transmit failed: [259] ESP_ERR_INVALID_STATE

[ 14667][E][esp32-hal-i2c-ng.c:275] i2cWrite(): i2c_master_transmit failed: [259] ESP_ERR_INVALID_STATE

[ 14669][E][esp32-hal-i2c-ng.c:275] i2cWrite(): i2c_master_transmit failed: [259] ESP_ERR_INVALID_STATE

[ 14671][E][esp32-hal-i2c-ng.c:275] i2cWrite(): i2c_master_transmit failed: [259] ESP_ERR_INVALID_STATE

[ 14673][E][esp32-hal-i2c-ng.c:275] i2cWrite(): i2c_master_transmit failed: [259] ESP_ERR_INVALID_STATE

[ 14675][E][esp32-hal-i2c-ng.c:275] i2cWrite(): i2c_master_transmit failed: [259] ESP_ERR_INVALID_STATE

[ 14677][E][esp32-hal-i2c-ng.c:275] i2cWrite(): i2c_master_transmit failed: [259] ESP_ERR_INVALID_STATE

[ 14679][E][esp32-hal-i2c-ng.c:275] i2cWrite(): i2c_master_transmit failed: [259] ESP_ERR_INVALID_STATE

[ 14681][E][esp32-hal-i2c-ng.c:275] i2cWrite(): i2c_master_transmit failed: [259] ESP_ERR_INVALID_STATE

[ 14683][E][esp32-hal-i2c-ng.c:275] i2cWrite(): i2c_master_transmit failed: [259] ESP_ERR_INVALID_STATE

[ 14685][E][esp32-hal-i2c-ng.c:275] i2cWrite(): i2c_master_transmit failed: [259] ESP_ERR_INVALID_STATE

[ 14687][E][esp32-hal-i2c-ng.c:275] i2cWrite(): i2c_master_transmit failed: [259] ESP_ERR_INVALID_STATE

[ 14689][E][esp32-hal-i2c-ng.c:275] i2cWrite(): i2c_master_transmit failed: [259] ESP_ERR_INVALID_STATE

[ 14691][E][esp32-hal-i2c-ng.c:275] i2cWrite(): i2c_master_transmit failed: [259] ESP_ERR_INVALID_STATE

[ 14693][E][esp32-hal-i2c-ng.c:275] i2cWrite(): i2c_master_transmit failed: [259] ESP_ERR_INVALID_STATE

[ 14695][E][esp32-hal-i2c-ng.c:275] i2cWrite(): i2c_master_transmit failed: [259] ESP_ERR_INVALID_STATE

[ 14697][E][esp32-hal-i2c-ng.c:275] i2cWrite(): i2c_master_transmit failed: [259] ESP_ERR_INVALID_STATE

[ 14699][E][esp32-hal-i2c-ng.c:275] i2cWrite(): i2c_master_transmit failed: [259] ESP_ERR_INVALID_STATE

[ 14701][E][esp32-hal-i2c-ng.c:275] i2cWrite(): i2c_master_transmit failed: [259] ESP_ERR_INVALID_STATE

[ 14703][E][esp32-hal-i2c-ng.c:275] i2cWrite(): i2c_master_transmit failed: [259] ESP_ERR_INVALID_STATE

[ 14705][E][esp32-hal-i2c-ng.c:275] i2cWrite(): i2c_master_transmit failed: [259] ESP_ERR_INVALID_STATE

[ 14707][E][esp32-hal-i2c-ng.c:275] i2cWrite(): i2c_master_transmit failed: [259] ESP_ERR_INVALID_STATE

[ 14709][E][esp32-hal-i2c-ng.c:275] i2cWrite(): i2c_master_transmit failed: [259] ESP_ERR_INVALID_STATE

[ 14711][E][esp32-hal-i2c-ng.c:275] i2cWrite(): i2c_master_transmit failed: [259] ESP_ERR_INVALID_STATE

[ 14713][E][esp32-hal-i2c-ng.c:275] i2cWrite(): i2c_master_transmit failed: [259] ESP_ERR_INVALID_STATE

[ 14715][E][esp32-hal-i2c-ng.c:275] i2cWrite(): i2c_master_transmit failed: [259] ESP_ERR_INVALID_STATE

[ 14717][E][esp32-hal-i2c-ng.c:275] i2cWrite(): i2c_master_transmit failed: [259] ESP_ERR_INVALID_STATE

[ 14719][E][esp32-hal-i2c-ng.c:275] i2cWrite(): i2c_master_transmit failed: [259] ESP_ERR_INVALID_STATE

[ 14721][E][esp32-hal-i2c-ng.c:275] i2cWrite(): i2c_master_transmit failed: [259] ESP_ERR_INVALID_STATE

[ 14723][E][esp32-hal-i2c-ng.c:275] i2cWrite(): i2c_master_transmit failed: [259] ESP_ERR_INVALID_STATE

[ 14725][E][esp32-hal-i2c-ng.c:275] i2cWrite(): i2c_master_transmit failed: [259] ESP_ERR_INVALID_STATE

[ 14727][E][esp32-hal-i2c-ng.c:275] i2cWrite(): i2c_master_transmit failed: [259] ESP_ERR_INVALID_STATE

[ 14729][E][esp32-hal-i2c-ng.c:275] i2cWrite(): i2c_master_transmit failed: [259] ESP_ERR_INVALID_STATE

[ 14731][E][esp32-hal-i2c-ng.c:275] i2cWrite(): i2c_master_transmit failed: [259] ESP_ERR_INVALID_STATE

[ 14733][E][esp32-hal-i2c-ng.c:275] i2cWrite(): i2c_master_transmit failed: [259] ESP_ERR_INVALID_STATE

[ 14735][E][esp32-hal-i2c-ng.c:275] i2cWrite(): i2c_master_transmit failed: [259] ESP_ERR_INVALID_STATE

[ 14737][E][esp32-hal-i2c-ng.c:275] i2cWrite(): i2c_master_transmit failed: [259] ESP_ERR_INVALID_STATE

[ 14739][E][esp32-hal-i2c-ng.c:275] i2cWrite(): i2c_master_transmit failed: [259] ESP_ERR_INVALID_STATE

[ 14741][E][esp32-hal-i2c-ng.c:275] i2cWrite(): i2c_master_transmit failed: [259] ESP_ERR_INVALID_STATE

[ 14743][E][esp32-hal-i2c-ng.c:275] i2cWrite(): i2c_master_transmit failed: [259] ESP_ERR_INVALID_STATE

[ 14745][E][esp32-hal-i2c-ng.c:275] i2cWrite(): i2c_master_transmit failed: [259] ESP_ERR_INVALID_STATE

[ 14747][E][esp32-hal-i2c-ng.c:275] i2cWrite(): i2c_master_transmit failed: [259] ESP_ERR_INVALID_STATE

[ 14749][E][esp32-hal-i2c-ng.c:275] i2cWrite(): i2c_master_transmit failed: [259] ESP_ERR_INVALID_STATE

[ 14751][E][esp32-hal-i2c-ng.c:275] i2cWrite(): i2c_master_transmit failed: [259] ESP_ERR_INVALID_STATE

[ 14753][E][esp32-hal-i2c-ng.c:275] i2cWrite(): i2c_master_transmit failed: [259] ESP_ERR_INVALID_STATE

[ 14755][E][esp32-hal-i2c-ng.c:275] i2cWrite(): i2c_master_transmit failed: [259] ESP_ERR_INVALID_STATE

[ 14757][E][esp32-hal-i2c-ng.c:275] i2cWrite(): i2c_master_transmit failed: [259] ESP_ERR_INVALID_STATE

[ 14759][E][esp32-hal-i2c-ng.c:275] i2cWrite(): i2c_master_transmit failed: [259] ESP_ERR_INVALID_STATE

[ 14761][E][esp32-hal-i2c-ng.c:275] i2cWrite(): i2c_master_transmit failed: [259] ESP_ERR_INVALID_STATE

[ 14763][E][esp32-hal-i2c-ng.c:275] i2cWrite(): i2c_master_transmit failed: [259] ESP_ERR_INVALID_STATE

[ 14765][E][esp32-hal-i2c-ng.c:275] i2cWrite(): i2c_master_transmit failed: [259] ESP_ERR_INVALID_STATE

[ 14767][E][esp32-hal-i2c-ng.c:275] i2cWrite(): i2c_master_transmit failed: [259] ESP_ERR_INVALID_STATE

[ 14769][E][esp32-hal-i2c-ng.c:275] i2cWrite(): i2c_master_transmit failed: [259] ESP_ERR_INVALID_STATE

[ 14771][E][esp32-hal-i2c-ng.c:275] i2cWrite(): i2c_master_transmit failed: [259] ESP_ERR_INVALID_STATE

[ 14773][E][esp32-hal-i2c-ng.c:275] i2cWrite(): i2c_master_transmit failed: [259] ESP_ERR_INVALID_STATE

[ 14775][E][esp32-hal-i2c-ng.c:275] i2cWrite(): i2c_master_transmit failed: [259] ESP_ERR_INVALID_STATE

[ 14777][E][esp32-hal-i2c-ng.c:275] i2cWrite(): i2c_master_transmit failed: [259] ESP_ERR_INVALID_STATE

[ 14779][E][esp32-hal-i2c-ng.c:275] i2cWrite(): i2c_master_transmit failed: [259] ESP_ERR_INVALID_STATE

[ 14781][E][esp32-hal-i2c-ng.c:275] i2cWrite(): i2c_master_transmit failed: [259] ESP_ERR_INVALID_STATE

[ 14783][E][esp32-hal-i2c-ng.c:275] i2cWrite(): i2c_master_transmit failed: [259] ESP_ERR_INVALID_STATE

[ 14785][E][esp32-hal-i2c-ng.c:275] i2cWrite(): i2c_master_transmit failed: [259] ESP_ERR_INVALID_STATE

[ 14787][E][esp32-hal-i2c-ng.c:275] i2cWrite(): i2c_master_transmit failed: [259] ESP_ERR_INVALID_STATE

[ 14789][E][esp32-hal-i2c-ng.c:275] i2cWrite(): i2c_master_transmit failed: [259] ESP_ERR_INVALID_STATE

[ 14791][E][esp32-hal-i2c-ng.c:275] i2cWrite(): i2c_master_transmit failed: [259] ESP_ERR_INVALID_STATE

[ 14793][E][esp32-hal-i2c-ng.c:275] i2cWrite(): i2c_master_transmit failed: [259] ESP_ERR_INVALID_STATE

[ 14795][E][esp32-hal-i2c-ng.c:275] i2cWrite(): i2c_master_transmit failed: [259] ESP_ERR_INVALID_STATE

[ 14797][E][esp32-hal-i2c-ng.c:275] i2cWrite(): i2c_master_transmit failed: [259] ESP_ERR_INVALID_STATE

[ 14799][E][esp32-hal-i2c-ng.c:275] i2cWrite(): i2c_master_transmit failed: [259] ESP_ERR_INVALID_STATE

[ 14801][E][esp32-hal-i2c-ng.c:275] i2cWrite(): i2c_master_transmit failed: [259] ESP_ERR_INVALID_STATE

[ 14803][E][esp32-hal-i2c-ng.c:275] i2cWrite(): i2c_master_transmit failed: [259] ESP_ERR_INVALID_STATE

[ 14805][E][esp32-hal-i2c-ng.c:275] i2cWrite(): i2c_master_transmit failed: [259] ESP_ERR_INVALID_STATE

[ 14807][E][esp32-hal-i2c-ng.c:275] i2cWrite(): i2c_master_transmit failed: [259] ESP_ERR_INVALID_STATE

[ 14809][E][esp32-hal-i2c-ng.c:275] i2cWrite(): i2c_master_transmit failed: [259] ESP_ERR_INVALID_STATE

[ 14811][E][esp32-hal-i2c-ng.c:275] i2cWrite(): i2c_master_transmit failed: [259] ESP_ERR_INVALID_STATE

[ 14813][E][esp32-hal-i2c-ng.c:275] i2cWrite(): i2c_master_transmit failed: [259] ESP_ERR_INVALID_STATE

[ 14815][E][esp32-hal-i2c-ng.c:275] i2cWrite(): i2c_master_transmit failed: [259] ESP_ERR_INVALID_STATE

[ 14817][E][esp32-hal-i2c-ng.c:275] i2cWrite(): i2c_master_transmit failed: [259] ESP_ERR_INVALID_STATE

[ 14819][E][esp32-hal-i2c-ng.c:275] i2cWrite(): i2c_master_transmit failed: [259] ESP_ERR_INVALID_STATE

[ 14821][E][esp32-hal-i2c-ng.c:275] i2cWrite(): i2c_master_transmit failed: [259] ESP_ERR_INVALID_STATE

[ 14823][E][esp32-hal-i2c-ng.c:275] i2cWrite(): i2c_master_transmit failed: [259] ESP_ERR_INVALID_STATE

[ 14825][E][esp32-hal-i2c-ng.c:275] i2cWrite(): i2c_master_transmit failed: [259] ESP_ERR_INVALID_STATE

[ 14827][E][esp32-hal-i2c-ng.c:275] i2cWrite(): i2c_master_transmit failed: [259] ESP_ERR_INVALID_STATE

[ 14829][E][esp32-hal-i2c-ng.c:275] i2cWrite(): i2c_master_transmit failed: [259] ESP_ERR_INVALID_STATE

[ 14831][E][esp32-hal-i2c-ng.c:275] i2cWrite(): i2c_master_transmit failed: [259] ESP_ERR_INVALID_STATE

[ 14833][E][esp32-hal-i2c-ng.c:275] i2cWrite(): i2c_master_transmit failed: [259] ESP_ERR_INVALID_STATE

[ 14835][E][esp32-hal-i2c-ng.c:275] i2cWrite(): i2c_master_transmit failed: [259] ESP_ERR_INVALID_STATE

[ 14837][E][esp32-hal-i2c-ng.c:275] i2cWrite(): i2c_master_transmit failed: [259] ESP_ERR_INVALID_STATE

[ 14839][E][esp32-hal-i2c-ng.c:275] i2cWrite(): i2c_master_transmit failed: [259] ESP_ERR_INVALID_STATE

[ 14841][E][esp32-hal-i2c-ng.c:275] i2cWrite(): i2c_master_transmit failed: [259] ESP_ERR_INVALID_STATE

[ 14843][E][esp32-hal-i2c-ng.c:275] i2cWrite(): i2c_master_transmit failed: [259] ESP_ERR_INVALID_STATE

[ 14845][E][esp32-hal-i2c-ng.c:275] i2cWrite(): i2c_master_transmit failed: [259] ESP_ERR_INVALID_STATE

[ 14847][E][esp32-hal-i2c-ng.c:275] i2cWrite(): i2c_master_transmit failed: [259] ESP_ERR_INVALID_STATE

[ 14849][E][esp32-hal-i2c-ng.c:275] i2cWrite(): i2c_master_transmit failed: [259] ESP_ERR_INVALID_STATE

[ 14851][E][esp32-hal-i2c-ng.c:275] i2cWrite(): i2c_master_transmit failed: [259] ESP_ERR_INVALID_STATE

[ 14853][E][esp32-hal-i2c-ng.c:275] i2cWrite(): i2c_master_transmit failed: [259] ESP_ERR_INVALID_STATE

[ 14855][E][esp32-hal-i2c-ng.c:275] i2cWrite(): i2c_master_transmit failed: [259] ESP_ERR_INVALID_STATE

[ 14857][E][esp32-hal-i2c-ng.c:275] i2cWrite(): i2c_master_transmit failed: [259] ESP_ERR_INVALID_STATE

[ 14859][E][esp32-hal-i2c-ng.c:275] i2cWrite(): i2c_master_transmit failed: [259] ESP_ERR_INVALID_STATE

[ 14861][E][esp32-hal-i2c-ng.c:275] i2cWrite(): i2c_master_transmit failed: [259] ESP_ERR_INVALID_STATE

[ 14861][I][main.cpp:561] vTaskLogData(): [NaMa] Temperature: 27 dC

[ 14863][E][esp32-hal-i2c-ng.c:275] i2cWrite(): i2c_master_transmit failed: [259] ESP_ERR_INVALID_STATE

[ 14865][E][esp32-hal-i2c-ng.c:275] i2cWrite(): i2c_master_transmit failed: [259] ESP_ERR_INVALID_STATE

[ 14867][E][esp32-hal-i2c-ng.c:275] i2cWrite(): i2c_master_transmit failed: [259] ESP_ERR_INVALID_STATE

[ 14869][E][esp32-hal-i2c-ng.c:275] i2cWrite(): i2c_master_transmit failed: [259] ESP_ERR_INVALID_STATE

[ 14871][E][esp32-hal-i2c-ng.c:275] i2cWrite(): i2c_master_transmit failed: [259] ESP_ERR_INVALID_STATE

[ 14873][E][esp32-hal-i2c-ng.c:275] i2cWrite(): i2c_master_transmit failed: [259] ESP_ERR_INVALID_STATE

[ 14875][E][esp32-hal-i2c-ng.c:275] i2cWrite(): i2c_master_transmit failed: [259] ESP_ERR_INVALID_STATE

[ 14877][E][esp32-hal-i2c-ng.c:275] i2cWrite(): i2c_master_transmit failed: [259] ESP_ERR_INVALID_STATE

[ 14879][E][esp32-hal-i2c-ng.c:275] i2cWrite(): i2c_master_transmit failed: [259] ESP_ERR_INVALID_STATE

[ 14881][E][esp32-hal-i2c-ng.c:275] i2cWrite(): i2c_master_transmit failed: [259] ESP_ERR_INVALID_STATE

[ 14883][E][esp32-hal-i2c-ng.c:275] i2cWrite(): i2c_master_transmit failed: [259] ESP_ERR_INVALID_STATE

[ 14885][E][esp32-hal-i2c-ng.c:275] i2cWrite(): i2c_master_transmit failed: [259] ESP_ERR_INVALID_STATE

[ 14887][E][esp32-hal-i2c-ng.c:275] i2cWrite(): i2c_master_transmit failed: [259] ESP_ERR_INVALID_STATE

[ 14889][E][esp32-hal-i2c-ng.c:275] i2cWrite(): i2c_master_transmit failed: [259] ESP_ERR_INVALID_STATE

[ 14891][E][esp32-hal-i2c-ng.c:275] i2cWrite(): i2c_master_transmit failed: [259] ESP_ERR_INVALID_STATE

[ 14893][E][esp32-hal-i2c-ng.c:275] i2cWrite(): i2c_master_transmit failed: [259] ESP_ERR_INVALID_STATE

[ 14895][E][esp32-hal-i2c-ng.c:275] i2cWrite(): i2c_master_transmit failed: [259] ESP_ERR_INVALID_STATE

[ 14897][E][esp32-hal-i2c-ng.c:275] i2cWrite(): i2c_master_transmit failed: [259] ESP_ERR_INVALID_STATE

[ 14899][E][esp32-hal-i2c-ng.c:275] i2cWrite(): i2c_master_transmit failed: [259] ESP_ERR_INVALID_STATE

[ 14901][E][esp32-hal-i2c-ng.c:275] i2cWrite(): i2c_master_transmit failed: [259] ESP_ERR_INVALID_STATE

[ 14903][E][esp32-hal-i2c-ng.c:275] i2cWrite(): i2c_master_transmit failed: [259] ESP_ERR_INVALID_STATE

[ 14905][E][esp32-hal-i2c-ng.c:275] i2cWrite(): i2c_master_transmit failed: [259] ESP_ERR_INVALID_STATE

[ 14907][E][esp32-hal-i2c-ng.c:275] i2cWrite(): i2c_master_transmit failed: [259] ESP_ERR_INVALID_STATE

[ 14909][E][esp32-hal-i2c-ng.c:275] i2cWrite(): i2c_master_transmit failed: [259] ESP_ERR_INVALID_STATE

[ 14911][E][esp32-hal-i2c-ng.c:275] i2cWrite(): i2c_master_transmit failed: [259] ESP_ERR_INVALID_STATE

[ 14913][E][esp32-hal-i2c-ng.c:275] i2cWrite(): i2c_master_transmit failed: [259] ESP_ERR_INVALID_STATE

[ 14915][E][esp32-hal-i2c-ng.c:275] i2cWrite(): i2c_master_transmit failed: [259] ESP_ERR_INVALID_STATE

[ 14917][E][esp32-hal-i2c-ng.c:275] i2cWrite(): i2c_master_transmit failed: [259] ESP_ERR_INVALID_STATE

[ 14919][E][esp32-hal-i2c-ng.c:275] i2cWrite(): i2c_master_transmit failed: [259] ESP_ERR_INVALID_STATE

[ 14921][E][esp32-hal-i2c-ng.c:275] i2cWrite(): i2c_master_transmit failed: [259] ESP_ERR_INVALID_STATE

[ 14923][E][esp32-hal-i2c-ng.c:275] i2cWrite(): i2c_master_transmit failed: [259] ESP_ERR_INVALID_STATE

[ 14925][E][esp32-hal-i2c-ng.c:275] i2cWrite(): i2c_master_transmit failed: [259] ESP_ERR_INVALID_STATE

[ 14927][E][esp32-hal-i2c-ng.c:275] i2cWrite(): i2c_master_transmit failed: [259] ESP_ERR_INVALID_STATE

[ 14929][E][esp32-hal-i2c-ng.c:275] i2cWrite(): i2c_master_transmit failed: [259] ESP_ERR_INVALID_STATE

[ 14931][E][esp32-hal-i2c-ng.c:275] i2cWrite(): i2c_master_transmit failed: [259] ESP_ERR_INVALID_STATE

[ 14933][E][esp32-hal-i2c-ng.c:275] i2cWrite(): i2c_master_transmit failed: [259] ESP_ERR_INVALID_STATE

[ 14935][E][esp32-hal-i2c-ng.c:275] i2cWrite(): i2c_master_transmit failed: [259] ESP_ERR_INVALID_STATE

[ 14937][E][esp32-hal-i2c-ng.c:275] i2cWrite(): i2c_master_transmit failed: [259] ESP_ERR_INVALID_STATE

[ 14939][E][esp32-hal-i2c-ng.c:275] i2cWrite(): i2c_master_transmit failed: [259] ESP_ERR_INVALID_STATE

[ 14941][E][esp32-hal-i2c-ng.c:275] i2cWrite(): i2c_master_transmit failed: [259] ESP_ERR_INVALID_STATE

[ 14943][E][esp32-hal-i2c-ng.c:275] i2cWrite(): i2c_master_transmit failed: [259] ESP_ERR_INVALID_STATE

[ 14945][E][esp32-hal-i2c-ng.c:275] i2cWrite(): i2c_master_transmit failed: [259] ESP_ERR_INVALID_STATE

[ 14947][E][esp32-hal-i2c-ng.c:275] i2cWrite(): i2c_master_transmit failed: [259] ESP_ERR_INVALID_STATE

[ 14949][E][esp32-hal-i2c-ng.c:275] i2cWrite(): i2c_master_transmit failed: [259] ESP_ERR_INVALID_STATE

[ 14951][E][esp32-hal-i2c-ng.c:275] i2cWrite(): i2c_master_transmit failed: [259] ESP_ERR_INVALID_STATE

[ 14953][E][esp32-hal-i2c-ng.c:275] i2cWrite(): i2c_master_transmit failed: [259] ESP_ERR_INVALID_STATE

[ 14955][E][esp32-hal-i2c-ng.c:275] i2cWrite(): i2c_master_transmit failed: [259] ESP_ERR_INVALID_STATE

[ 14957][E][esp32-hal-i2c-ng.c:275] i2cWrite(): i2c_master_transmit failed: [259] ESP_ERR_INVALID_STATE

[ 14959][E][esp32-hal-i2c-ng.c:275] i2cWrite(): i2c_master_transmit failed: [259] ESP_ERR_INVALID_STATE

[ 14961][E][esp32-hal-i2c-ng.c:275] i2cWrite(): i2c_master_transmit failed: [259] ESP_ERR_INVALID_STATE

[ 14963][E][esp32-hal-i2c-ng.c:275] i2cWrite(): i2c_master_transmit failed: [259] ESP_ERR_INVALID_STATE

[ 14965][E][esp32-hal-i2c-ng.c:275] i2cWrite(): i2c_master_transmit failed: [259] ESP_ERR_INVALID_STATE

[ 14967][E][esp32-hal-i2c-ng.c:275] i2cWrite(): i2c_master_transmit failed: [259] ESP_ERR_INVALID_STATE

[ 14969][E][esp32-hal-i2c-ng.c:275] i2cWrite(): i2c_master_transmit failed: [259] ESP_ERR_INVALID_STATE

[ 14971][E][esp32-hal-i2c-ng.c:275] i2cWrite(): i2c_master_transmit failed: [259] ESP_ERR_INVALID_STATE

[ 14973][E][esp32-hal-i2c-ng.c:275] i2cWrite(): i2c_master_transmit failed: [259] ESP_ERR_INVALID_STATE

[ 14975][E][esp32-hal-i2c-ng.c:275] i2cWrite(): i2c_master_transmit failed: [259] ESP_ERR_INVALID_STATE

[ 14977][E][esp32-hal-i2c-ng.c:275] i2cWrite(): i2c_master_transmit failed: [259] ESP_ERR_INVALID_STATE

[ 14979][E][esp32-hal-i2c-ng.c:275] i2cWrite(): i2c_master_transmit failed: [259] ESP_ERR_INVALID_STATE

[ 14981][E][esp32-hal-i2c-ng.c:275] i2cWrite(): i2c_master_transmit failed: [259] ESP_ERR_INVALID_STATE

[ 14983][E][esp32-hal-i2c-ng.c:275] i2cWrite(): i2c_master_transmit failed: [259] ESP_ERR_INVALID_STATE

[ 14985][E][esp32-hal-i2c-ng.c:275] i2cWrite(): i2c_master_transmit failed: [259] ESP_ERR_INVALID_STATE

[ 14987][E][esp32-hal-i2c-ng.c:275] i2cWrite(): i2c_master_transmit failed: [259] ESP_ERR_INVALID_STATE

[ 14989][E][esp32-hal-i2c-ng.c:275] i2cWrite(): i2c_master_transmit failed: [259] ESP_ERR_INVALID_STATE

[ 14991][E][esp32-hal-i2c-ng.c:275] i2cWrite(): i2c_master_transmit failed: [259] ESP_ERR_INVALID_STATE

[ 14993][E][esp32-hal-i2c-ng.c:275] i2cWrite(): i2c_master_transmit failed: [259] ESP_ERR_INVALID_STATE

[ 14995][E][esp32-hal-i2c-ng.c:275] i2cWrite(): i2c_master_transmit failed: [259] ESP_ERR_INVALID_STATE

[ 14997][E][esp32-hal-i2c-ng.c:275] i2cWrite(): i2c_master_transmit failed: [259] ESP_ERR_INVALID_STATE

[ 14999][E][esp32-hal-i2c-ng.c:275] i2cWrite(): i2c_master_transmit failed: [259] ESP_ERR_INVALID_STATE

[ 15001][E][esp32-hal-i2c-ng.c:275] i2cWrite(): i2c_master_transmit failed: [259] ESP_ERR_INVALID_STATE

[ 15003][E][esp32-hal-i2c-ng.c:275] i2cWrite(): i2c_master_transmit failed: [259] ESP_ERR_INVALID_STATE

[ 15005][E][esp32-hal-i2c-ng.c:275] i2cWrite(): i2c_master_transmit failed: [259] ESP_ERR_INVALID_STATE

[ 15007][E][esp32-hal-i2c-ng.c:275] i2cWrite(): i2c_master_transmit failed: [259] ESP_ERR_INVALID_STATE

[ 15009][E][esp32-hal-i2c-ng.c:275] i2cWrite(): i2c_master_transmit failed: [259] ESP_ERR_INVALID_STATE

[ 15011][E][esp32-hal-i2c-ng.c:275] i2cWrite(): i2c_master_transmit failed: [259] ESP_ERR_INVALID_STATE

[ 15013][E][esp32-hal-i2c-ng.c:275] i2cWrite(): i2c_master_transmit failed: [259] ESP_ERR_INVALID_STATE

[ 15015][E][esp32-hal-i2c-ng.c:275] i2cWrite(): i2c_master_transmit failed: [259] ESP_ERR_INVALID_STATE

[ 15017][E][esp32-hal-i2c-ng.c:275] i2cWrite(): i2c_master_transmit failed: [259] ESP_ERR_INVALID_STATE

[ 15019][E][esp32-hal-i2c-ng.c:275] i2cWrite(): i2c_master_transmit failed: [259] ESP_ERR_INVALID_STATE

[ 15021][E][esp32-hal-i2c-ng.c:275] i2cWrite(): i2c_master_transmit failed: [259] ESP_ERR_INVALID_STATE

[ 15023][E][esp32-hal-i2c-ng.c:275] i2cWrite(): i2c_master_transmit failed: [259] ESP_ERR_INVALID_STATE

[ 15025][E][esp32-hal-i2c-ng.c:275] i2cWrite(): i2c_master_transmit failed: [259] ESP_ERR_INVALID_STATE

[ 15027][E][esp32-hal-i2c-ng.c:275] i2cWrite(): i2c_master_transmit failed: [259] ESP_ERR_INVALID_STATE

[ 15029][E][esp32-hal-i2c-ng.c:275] i2cWrite(): i2c_master_transmit failed: [259] ESP_ERR_INVALID_STATE

[ 15031][E][esp32-hal-i2c-ng.c:275] i2cWrite(): i2c_master_transmit failed: [259] ESP_ERR_INVALID_STATE

[ 15033][E][esp32-hal-i2c-ng.c:275] i2cWrite(): i2c_master_transmit failed: [259] ESP_ERR_INVALID_STATE

[ 15035][E][esp32-hal-i2c-ng.c:275] i2cWrite(): i2c_master_transmit failed: [259] ESP_ERR_INVALID_STATE

[ 15037][E][esp32-hal-i2c-ng.c:275] i2cWrite(): i2c_master_transmit failed: [259] ESP_ERR_INVALID_STATE

[ 15039][E][esp32-hal-i2c-ng.c:275] i2cWrite(): i2c_master_transmit failed: [259] ESP_ERR_INVALID_STATE

[ 15041][E][esp32-hal-i2c-ng.c:275] i2cWrite(): i2c_master_transmit failed: [259] ESP_ERR_INVALID_STATE

[ 15043][E][esp32-hal-i2c-ng.c:275] i2cWrite(): i2c_master_transmit failed: [259] ESP_ERR_INVALID_STATE

[ 15045][E][esp32-hal-i2c-ng.c:275] i2cWrite(): i2c_master_transmit failed: [259] ESP_ERR_INVALID_STATE

[ 15047][E][esp32-hal-i2c-ng.c:275] i2cWrite(): i2c_master_transmit failed: [259] ESP_ERR_INVALID_STATE

[ 15049][E][esp32-hal-i2c-ng.c:275] i2cWrite(): i2c_master_transmit failed: [259] ESP_ERR_INVALID_STATE

[ 15051][E][esp32-hal-i2c-ng.c:275] i2cWrite(): i2c_master_transmit failed: [259] ESP_ERR_INVALID_STATE

[ 15053][E][esp32-hal-i2c-ng.c:275] i2cWrite(): i2c_master_transmit failed: [259] ESP_ERR_INVALID_STATE

[ 15055][E][esp32-hal-i2c-ng.c:275] i2cWrite(): i2c_master_transmit failed: [259] ESP_ERR_INVALID_STATE

[ 15057][E][esp32-hal-i2c-ng.c:275] i2cWrite(): i2c_master_transmit failed: [259] ESP_ERR_INVALID_STATE

[ 15059][E][esp32-hal-i2c-ng.c:275] i2cWrite(): i2c_master_transmit failed: [259] ESP_ERR_INVALID_STATE

[ 15061][E][esp32-hal-i2c-ng.c:275] i2cWrite(): i2c_master_transmit failed: [259] ESP_ERR_INVALID_STATE

[ 15063][E][esp32-hal-i2c-ng.c:275] i2cWrite(): i2c_master_transmit failed: [259] ESP_ERR_INVALID_STATE

[ 15065][E][esp32-hal-i2c-ng.c:275] i2cWrite(): i2c_master_transmit failed: [259] ESP_ERR_INVALID_STATE

[ 15067][E][esp32-hal-i2c-ng.c:275] i2cWrite(): i2c_master_transmit failed: [259] ESP_ERR_INVALID_STATE

[ 15069][E][esp32-hal-i2c-ng.c:275] i2cWrite(): i2c_master_transmit failed: [259] ESP_ERR_INVALID_STATE

[ 15071][E][esp32-hal-i2c-ng.c:275] i2cWrite(): i2c_master_transmit failed: [259] ESP_ERR_INVALID_STATE

[ 15073][E][esp32-hal-i2c-ng.c:275] i2cWrite(): i2c_master_transmit failed: [259] ESP_ERR_INVALID_STATE

[ 15075][E][esp32-hal-i2c-ng.c:275] i2cWrite(): i2c_master_transmit failed: [259] ESP_ERR_INVALID_STATE

[ 15077][E][esp32-hal-i2c-ng.c:275] i2cWrite(): i2c_master_transmit failed: [259] ESP_ERR_INVALID_STATE

[ 15079][E][esp32-hal-i2c-ng.c:275] i2cWrite(): i2c_master_transmit failed: [259] ESP_ERR_INVALID_STATE

[ 15081][E][esp32-hal-i2c-ng.c:275] i2cWrite(): i2c_master_transmit failed: [259] ESP_ERR_INVALID_STATE

[ 15083][E][esp32-hal-i2c-ng.c:275] i2cWrite(): i2c_master_transmit failed: [259] ESP_ERR_INVALID_STATE

[ 15085][E][esp32-hal-i2c-ng.c:275] i2cWrite(): i2c_master_transmit failed: [259] ESP_ERR_INVALID_STATE

[ 15087][E][esp32-hal-i2c-ng.c:275] i2cWrite(): i2c_master_transmit failed: [259] ESP_ERR_INVALID_STATE

[ 15089][E][esp32-hal-i2c-ng.c:275] i2cWrite(): i2c_master_transmit failed: [259] ESP_ERR_INVALID_STATE

[ 15091][E][esp32-hal-i2c-ng.c:275] i2cWrite(): i2c_master_transmit failed: [259] ESP_ERR_INVALID_STATE

[ 15093][E][esp32-hal-i2c-ng.c:275] i2cWrite(): i2c_master_transmit failed: [259] ESP_ERR_INVALID_STATE

[ 15095][E][esp32-hal-i2c-ng.c:275] i2cWrite(): i2c_master_transmit failed: [259] ESP_ERR_INVALID_STATE

[ 15097][E][esp32-hal-i2c-ng.c:275] i2cWrite(): i2c_master_transmit failed: [259] ESP_ERR_INVALID_STATE

[ 15099][E][esp32-hal-i2c-ng.c:275] i2cWrite(): i2c_master_transmit failed: [259] ESP_ERR_INVALID_STATE

[ 15101][E][esp32-hal-i2c-ng.c:275] i2cWrite(): i2c_master_transmit failed: [259] ESP_ERR_INVALID_STATE

[ 15103][E][esp32-hal-i2c-ng.c:275] i2cWrite(): i2c_master_transmit failed: [259] ESP_ERR_INVALID_STATE

[ 15105][E][esp32-hal-i2c-ng.c:275] i2cWrite(): i2c_master_transmit failed: [259] ESP_ERR_INVALID_STATE

[ 15107][E][esp32-hal-i2c-ng.c:275] i2cWrite(): i2c_master_transmit failed: [259] ESP_ERR_INVALID_STATE

[ 15109][E][esp32-hal-i2c-ng.c:275] i2cWrite(): i2c_master_transmit failed: [259] ESP_ERR_INVALID_STATE

[ 15111][E][esp32-hal-i2c-ng.c:275] i2cWrite(): i2c_master_transmit failed: [259] ESP_ERR_INVALID_STATE

[ 15113][E][esp32-hal-i2c-ng.c:275] i2cWrite(): i2c_master_transmit failed: [259] ESP_ERR_INVALID_STATE

[ 15115][E][esp32-hal-i2c-ng.c:275] i2cWrite(): i2c_master_transmit failed: [259] ESP_ERR_INVALID_STATE

[ 15117][E][esp32-hal-i2c-ng.c:275] i2cWrite(): i2c_master_transmit failed: [259] ESP_ERR_INVALID_STATE

[ 15119][E][esp32-hal-i2c-ng.c:275] i2cWrite(): i2c_master_transmit failed: [259] ESP_ERR_INVALID_STATE

[ 15121][E][esp32-hal-i2c-ng.c:275] i2cWrite(): i2c_master_transmit failed: [259] ESP_ERR_INVALID_STATE

[ 15123][E][esp32-hal-i2c-ng.c:275] i2cWrite(): i2c_master_transmit failed: [259] ESP_ERR_INVALID_STATE

[ 15125][E][esp32-hal-i2c-ng.c:275] i2cWrite(): i2c_master_transmit failed: [259] ESP_ERR_INVALID_STATE

[ 15127][E][esp32-hal-i2c-ng.c:275] i2cWrite(): i2c_master_transmit failed: [259] ESP_ERR_INVALID_STATE

[ 15129][E][esp32-hal-i2c-ng.c:275] i2cWrite(): i2c_master_transmit failed: [259] ESP_ERR_INVALID_STATE

[ 15131][E][esp32-hal-i2c-ng.c:275] i2cWrite(): i2c_master_transmit failed: [259] ESP_ERR_INVALID_STATE

[ 15133][E][esp32-hal-i2c-ng.c:275] i2cWrite(): i2c_master_transmit failed: [259] ESP_ERR_INVALID_STATE

[ 15135][E][esp32-hal-i2c-ng.c:275] i2cWrite(): i2c_master_transmit failed: [259] ESP_ERR_INVALID_STATE

[ 15137][E][esp32-hal-i2c-ng.c:275] i2cWrite(): i2c_master_transmit failed: [259] ESP_ERR_INVALID_STATE

[ 15139][E][esp32-hal-i2c-ng.c:275] i2cWrite(): i2c_master_transmit failed: [259] ESP_ERR_INVALID_STATE

[ 15141][E][esp32-hal-i2c-ng.c:275] i2cWrite(): i2c_master_transmit failed: [259] ESP_ERR_INVALID_STATE

[ 15143][E][esp32-hal-i2c-ng.c:275] i2cWrite(): i2c_master_transmit failed: [259] ESP_ERR_INVALID_STATE

[ 15145][E][esp32-hal-i2c-ng.c:275] i2cWrite(): i2c_master_transmit failed: [259] ESP_ERR_INVALID_STATE

[ 15147][E][esp32-hal-i2c-ng.c:275] i2cWrite(): i2c_master_transmit failed: [259] ESP_ERR_INVALID_STATE

[ 15149][E][esp32-hal-i2c-ng.c:275] i2cWrite(): i2c_master_transmit failed: [259] ESP_ERR_INVALID_STATE

[ 15151][E][esp32-hal-i2c-ng.c:275] i2cWrite(): i2c_master_transmit failed: [259] ESP_ERR_INVALID_STATE

[ 15153][E][esp32-hal-i2c-ng.c:275] i2cWrite(): i2c_master_transmit failed: [259] ESP_ERR_INVALID_STATE

[ 15155][E][esp32-hal-i2c-ng.c:275] i2cWrite(): i2c_master_transmit failed: [259] ESP_ERR_INVALID_STATE

[ 15157][E][esp32-hal-i2c-ng.c:275] i2cWrite(): i2c_master_transmit failed: [259] ESP_ERR_INVALID_STATE

[ 15159][E][esp32-hal-i2c-ng.c:275] i2cWrite(): i2c_master_transmit failed: [259] ESP_ERR_INVALID_STATE

[ 15161][E][esp32-hal-i2c-ng.c:275] i2cWrite(): i2c_master_transmit failed: [259] ESP_ERR_INVALID_STATE

[ 15163][E][esp32-hal-i2c-ng.c:275] i2cWrite(): i2c_master_transmit failed: [259] ESP_ERR_INVALID_STATE

[ 15165][E][esp32-hal-i2c-ng.c:275] i2cWrite(): i2c_master_transmit failed: [259] ESP_ERR_INVALID_STATE

[ 15167][E][esp32-hal-i2c-ng.c:275] i2cWrite(): i2c_master_transmit failed: [259] ESP_ERR_INVALID_STATE

[ 15169][E][esp32-hal-i2c-ng.c:275] i2cWrite(): i2c_master_transmit failed: [259] ESP_ERR_INVALID_STATE

[ 15171][E][esp32-hal-i2c-ng.c:275] i2cWrite(): i2c_master_transmit failed: [259] ESP_ERR_INVALID_STATE

[ 15173][E][esp32-hal-i2c-ng.c:275] i2cWrite(): i2c_master_transmit failed: [259] ESP_ERR_INVALID_STATE

[ 15175][E][esp32-hal-i2c-ng.c:275] i2cWrite(): i2c_master_transmit failed: [259] ESP_ERR_INVALID_STATE

[ 15177][E][esp32-hal-i2c-ng.c:275] i2cWrite(): i2c_master_transmit failed: [259] ESP_ERR_INVALID_STATE

[ 15179][E][esp32-hal-i2c-ng.c:275] i2cWrite(): i2c_master_transmit failed: [259] ESP_ERR_INVALID_STATE

[ 15181][E][esp32-hal-i2c-ng.c:275] i2cWrite(): i2c_master_transmit failed: [259] ESP_ERR_INVALID_STATE

[ 15183][E][esp32-hal-i2c-ng.c:275] i2cWrite(): i2c_master_transmit failed: [259] ESP_ERR_INVALID_STATE

[ 15185][E][esp32-hal-i2c-ng.c:275] i2cWrite(): i2c_master_transmit failed: [259] ESP_ERR_INVALID_STATE

[ 15187][E][esp32-hal-i2c-ng.c:275] i2cWrite(): i2c_master_transmit failed: [259] ESP_ERR_INVALID_STATE

[ 15189][E][esp32-hal-i2c-ng.c:275] i2cWrite(): i2c_master_transmit failed: [259] ESP_ERR_INVALID_STATE

[ 15191][E][esp32-hal-i2c-ng.c:275] i2cWrite(): i2c_master_transmit failed: [259] ESP_ERR_INVALID_STATE

[ 15193][E][esp32-hal-i2c-ng.c:275] i2cWrite(): i2c_master_transmit failed: [259] ESP_ERR_INVALID_STATE

[ 15195][E][esp32-hal-i2c-ng.c:275] i2cWrite(): i2c_master_transmit failed: [259] ESP_ERR_INVALID_STATE

[ 15197][E][esp32-hal-i2c-ng.c:275] i2cWrite(): i2c_master_transmit failed: [259] ESP_ERR_INVALID_STATE

[ 15199][E][esp32-hal-i2c-ng.c:275] i2cWrite(): i2c_master_transmit failed: [259] ESP_ERR_INVALID_STATE

[ 15201][E][esp32-hal-i2c-ng.c:275] i2cWrite(): i2c_master_transmit failed: [259] ESP_ERR_INVALID_STATE

[ 15203][E][esp32-hal-i2c-ng.c:275] i2cWrite(): i2c_master_transmit failed: [259] ESP_ERR_INVALID_STATE

[ 15205][E][esp32-hal-i2c-ng.c:275] i2cWrite(): i2c_master_transmit failed: [259] ESP_ERR_INVALID_STATE

[ 15207][E][esp32-hal-i2c-ng.c:275] i2cWrite(): i2c_master_transmit failed: [259] ESP_ERR_INVALID_STATE

[ 15209][E][esp32-hal-i2c-ng.c:275] i2cWrite(): i2c_master_transmit failed: [259] ESP_ERR_INVALID_STATE

[ 15211][E][esp32-hal-i2c-ng.c:275] i2cWrite(): i2c_master_transmit failed: [259] ESP_ERR_INVALID_STATE

[ 15213][E][esp32-hal-i2c-ng.c:275] i2cWrite(): i2c_master_transmit failed: [259] ESP_ERR_INVALID_STATE

[ 15215][E][esp32-hal-i2c-ng.c:275] i2cWrite(): i2c_master_transmit failed: [259] ESP_ERR_INVALID_STATE

[ 15217][E][esp32-hal-i2c-ng.c:275] i2cWrite(): i2c_master_transmit failed: [259] ESP_ERR_INVALID_STATE

[ 15219][E][esp32-hal-i2c-ng.c:275] i2cWrite(): i2c_master_transmit failed: [259] ESP_ERR_INVALID_STATE

[ 15221][E][esp32-hal-i2c-ng.c:275] i2cWrite(): i2c_master_transmit failed: [259] ESP_ERR_INVALID_STATE

[ 15223][E][esp32-hal-i2c-ng.c:275] i2cWrite(): i2c_master_transmit failed: [259] ESP_ERR_INVALID_STATE

[ 15225][E][esp32-hal-i2c-ng.c:275] i2cWrite(): i2c_master_transmit failed: [259] ESP_ERR_INVALID_STATE

[ 15227][E][esp32-hal-i2c-ng.c:275] i2cWrite(): i2c_master_transmit failed: [259] ESP_ERR_INVALID_STATE

[ 15229][E][esp32-hal-i2c-ng.c:275] i2cWrite(): i2c_master_transmit failed: [259] ESP_ERR_INVALID_STATE

[ 15231][E][esp32-hal-i2c-ng.c:275] i2cWrite(): i2c_master_transmit failed: [259] ESP_ERR_INVALID_STATE

[ 15233][E][esp32-hal-i2c-ng.c:275] i2cWrite(): i2c_master_transmit failed: [259] ESP_ERR_INVALID_STATE

[ 15235][E][esp32-hal-i2c-ng.c:275] i2cWrite(): i2c_master_transmit failed: [259] ESP_ERR_INVALID_STATE

[ 15237][E][esp32-hal-i2c-ng.c:275] i2cWrite(): i2c_master_transmit failed: [259] ESP_ERR_INVALID_STATE

[ 15239][E][esp32-hal-i2c-ng.c:275] i2cWrite(): i2c_master_transmit failed: [259] ESP_ERR_INVALID_STATE

[ 15241][E][esp32-hal-i2c-ng.c:275] i2cWrite(): i2c_master_transmit failed: [259] ESP_ERR_INVALID_STATE

[ 15243][E][esp32-hal-i2c-ng.c:275] i2cWrite(): i2c_master_transmit failed: [259] ESP_ERR_INVALID_STATE

[ 15245][E][esp32-hal-i2c-ng.c:275] i2cWrite(): i2c_master_transmit failed: [259] ESP_ERR_INVALID_STATE

[ 15247][E][esp32-hal-i2c-ng.c:275] i2cWrite(): i2c_master_transmit failed: [259] ESP_ERR_INVALID_STATE

[ 15249][E][esp32-hal-i2c-ng.c:275] i2cWrite(): i2c_master_transmit failed: [259] ESP_ERR_INVALID_STATE

[ 15251][E][esp32-hal-i2c-ng.c:275] i2cWrite(): i2c_master_transmit failed: [259] ESP_ERR_INVALID_STATE

[ 15253][E][esp32-hal-i2c-ng.c:275] i2cWrite(): i2c_master_transmit failed: [259] ESP_ERR_INVALID_STATE

[ 15255][E][esp32-hal-i2c-ng.c:275] i2cWrite(): i2c_master_transmit failed: [259] ESP_ERR_INVALID_STATE

[ 15257][E][esp32-hal-i2c-ng.c:275] i2cWrite(): i2c_master_transmit failed: [259] ESP_ERR_INVALID_STATE

[ 15259][E][esp32-hal-i2c-ng.c:275] i2cWrite(): i2c_master_transmit failed: [259] ESP_ERR_INVALID_STATE

[ 15261][E][esp32-hal-i2c-ng.c:275] i2cWrite(): i2c_master_transmit failed: [259] ESP_ERR_INVALID_STATE

[ 15263][E][esp32-hal-i2c-ng.c:275] i2cWrite(): i2c_master_transmit failed: [259] ESP_ERR_INVALID_STATE

[ 15265][E][esp32-hal-i2c-ng.c:275] i2cWrite(): i2c_master_transmit failed: [259] ESP_ERR_INVALID_STATE

[ 15267][E][esp32-hal-i2c-ng.c:275] i2cWrite(): i2c_master_transmit failed: [259] ESP_ERR_INVALID_STATE

[ 15269][E][esp32-hal-i2c-ng.c:275] i2cWrite(): i2c_master_transmit failed: [259] ESP_ERR_INVALID_STATE

[ 15271][E][esp32-hal-i2c-ng.c:275] i2cWrite(): i2c_master_transmit failed: [259] ESP_ERR_INVALID_STATE

[ 15273][E][esp32-hal-i2c-ng.c:275] i2cWrite(): i2c_master_transmit failed: [259] ESP_ERR_INVALID_STATE

[ 15275][E][esp32-hal-i2c-ng.c:275] i2cWrite(): i2c_master_transmit failed: [259] ESP_ERR_INVALID_STATE

[ 15277][E][esp32-hal-i2c-ng.c:275] i2cWrite(): i2c_master_transmit failed: [259] ESP_ERR_INVALID_STATE

[ 15279][E][esp32-hal-i2c-ng.c:275] i2cWrite(): i2c_master_transmit failed: [259] ESP_ERR_INVALID_STATE

[ 15281][E][esp32-hal-i2c-ng.c:275] i2cWrite(): i2c_master_transmit failed: [259] ESP_ERR_INVALID_STATE

[ 15283][E][esp32-hal-i2c-ng.c:275] i2cWrite(): i2c_master_transmit failed: [259] ESP_ERR_INVALID_STATE

[ 15285][E][esp32-hal-i2c-ng.c:275] i2cWrite(): i2c_master_transmit failed: [259] ESP_ERR_INVALID_STATE

[ 15287][E][esp32-hal-i2c-ng.c:275] i2cWrite(): i2c_master_transmit failed: [259] ESP_ERR_INVALID_STATE

[ 15289][E][esp32-hal-i2c-ng.c:275] i2cWrite(): i2c_master_transmit failed: [259] ESP_ERR_INVALID_STATE

[ 15291][E][esp32-hal-i2c-ng.c:275] i2cWrite(): i2c_master_transmit failed: [259] ESP_ERR_INVALID_STATE

[ 15293][E][esp32-hal-i2c-ng.c:275] i2cWrite(): i2c_master_transmit failed: [259] ESP_ERR_INVALID_STATE

[ 15295][E][esp32-hal-i2c-ng.c:275] i2cWrite(): i2c_master_transmit failed: [259] ESP_ERR_INVALID_STATE

[ 15297][E][esp32-hal-i2c-ng.c:275] i2cWrite(): i2c_master_transmit failed: [259] ESP_ERR_INVALID_STATE

[ 15299][E][esp32-hal-i2c-ng.c:275] i2cWrite(): i2c_master_transmit failed: [259] ESP_ERR_INVALID_STATE

[ 15301][E][esp32-hal-i2c-ng.c:275] i2cWrite(): i2c_master_transmit failed: [259] ESP_ERR_INVALID_STATE

[ 15303][E][esp32-hal-i2c-ng.c:275] i2cWrite(): i2c_master_transmit failed: [259] ESP_ERR_INVALID_STATE

[ 15305][E][esp32-hal-i2c-ng.c:275] i2cWrite(): i2c_master_transmit failed: [259] ESP_ERR_INVALID_STATE

[ 15307][E][esp32-hal-i2c-ng.c:275] i2cWrite(): i2c_master_transmit failed: [259] ESP_ERR_INVALID_STATE

[ 15309][E][esp32-hal-i2c-ng.c:275] i2cWrite(): i2c_master_transmit failed: [259] ESP_ERR_INVALID_STATE

[ 15311][E][esp32-hal-i2c-ng.c:275] i2cWrite(): i2c_master_transmit failed: [259] ESP_ERR_INVALID_STATE

[ 15313][E][esp32-hal-i2c-ng.c:275] i2cWrite(): i2c_master_transmit failed: [259] ESP_ERR_INVALID_STATE

[ 15315][E][esp32-hal-i2c-ng.c:275] i2cWrite(): i2c_master_transmit failed: [259] ESP_ERR_INVALID_STATE

[ 15317][E][esp32-hal-i2c-ng.c:275] i2cWrite(): i2c_master_transmit failed: [259] ESP_ERR_INVALID_STATE

[ 15319][E][esp32-hal-i2c-ng.c:275] i2cWrite(): i2c_master_transmit failed: [259] ESP_ERR_INVALID_STATE

[ 15321][E][esp32-hal-i2c-ng.c:275] i2cWrite(): i2c_master_transmit failed: [259] ESP_ERR_INVALID_STATE

[ 15323][E][esp32-hal-i2c-ng.c:275] i2cWrite(): i2c_master_transmit failed: [259] ESP_ERR_INVALID_STATE

[ 15325][E][esp32-hal-i2c-ng.c:275] i2cWrite(): i2c_master_transmit failed: [259] ESP_ERR_INVALID_STATE

[ 15327][E][esp32-hal-i2c-ng.c:275] i2cWrite(): i2c_master_transmit failed: [259] ESP_ERR_INVALID_STATE

[ 15329][E][esp32-hal-i2c-ng.c:275] i2cWrite(): i2c_master_transmit failed: [259] ESP_ERR_INVALID_STATE

[ 15331][E][esp32-hal-i2c-ng.c:275] i2cWrite(): i2c_master_transmit failed: [259] ESP_ERR_INVALID_STATE

[ 15333][E][esp32-hal-i2c-ng.c:275] i2cWrite(): i2c_master_transmit failed: [259] ESP_ERR_INVALID_STATE

[ 15335][E][esp32-hal-i2c-ng.c:275] i2cWrite(): i2c_master_transmit failed: [259] ESP_ERR_INVALID_STATE

[ 15337][E][esp32-hal-i2c-ng.c:275] i2cWrite(): i2c_master_transmit failed: [259] ESP_ERR_INVALID_STATE

[ 15339][E][esp32-hal-i2c-ng.c:275] i2cWrite(): i2c_master_transmit failed: [259] ESP_ERR_INVALID_STATE

[ 15341][E][esp32-hal-i2c-ng.c:275] i2cWrite(): i2c_master_transmit failed: [259] ESP_ERR_INVALID_STATE

[ 15343][E][esp32-hal-i2c-ng.c:275] i2cWrite(): i2c_master_transmit failed: [259] ESP_ERR_INVALID_STATE

[ 15345][E][esp32-hal-i2c-ng.c:275] i2cWrite(): i2c_master_transmit failed: [259] ESP_ERR_INVALID_STATE

[ 15347][E][esp32-hal-i2c-ng.c:275] i2cWrite(): i2c_master_transmit failed: [259] ESP_ERR_INVALID_STATE

[ 15349][E][esp32-hal-i2c-ng.c:275] i2cWrite(): i2c_master_transmit failed: [259] ESP_ERR_INVALID_STATE

[ 15351][E][esp32-hal-i2c-ng.c:275] i2cWrite(): i2c_master_transmit failed: [259] ESP_ERR_INVALID_STATE

[ 15353][E][esp32-hal-i2c-ng.c:275] i2cWrite(): i2c_master_transmit failed: [259] ESP_ERR_INVALID_STATE

[ 15355][E][esp32-hal-i2c-ng.c:275] i2cWrite(): i2c_master_transmit failed: [259] ESP_ERR_INVALID_STATE

[ 15357][E][esp32-hal-i2c-ng.c:275] i2cWrite(): i2c_master_transmit failed: [259] ESP_ERR_INVALID_STATE

[ 15359][E][esp32-hal-i2c-ng.c:275] i2cWrite(): i2c_master_transmit failed: [259] ESP_ERR_INVALID_STATE

[ 15361][E][esp32-hal-i2c-ng.c:275] i2cWrite(): i2c_master_transmit failed: [259] ESP_ERR_INVALID_STATE

[ 15363][E][esp32-hal-i2c-ng.c:275] i2cWrite(): i2c_master_transmit failed: [259] ESP_ERR_INVALID_STATE

[ 15365][E][esp32-hal-i2c-ng.c:275] i2cWrite(): i2c_master_transmit failed: [259] ESP_ERR_INVALID_STATE

[ 15367][E][esp32-hal-i2c-ng.c:275] i2cWrite(): i2c_master_transmit failed: [259] ESP_ERR_INVALID_STATE

[ 15369][E][esp32-hal-i2c-ng.c:275] i2cWrite(): i2c_master_transmit failed: [259] ESP_ERR_INVALID_STATE

[ 15371][E][esp32-hal-i2c-ng.c:275] i2cWrite(): i2c_master_transmit failed: [259] ESP_ERR_INVALID_STATE

[ 15373][E][esp32-hal-i2c-ng.c:275] i2cWrite(): i2c_master_transmit failed: [259] ESP_ERR_INVALID_STATE

[ 15375][E][esp32-hal-i2c-ng.c:275] i2cWrite(): i2c_master_transmit failed: [259] ESP_ERR_INVALID_STATE

[ 15377][E][esp32-hal-i2c-ng.c:275] i2cWrite(): i2c_master_transmit failed: [259] ESP_ERR_INVALID_STATE

[ 15379][E][esp32-hal-i2c-ng.c:275] i2cWrite(): i2c_master_transmit failed: [259] ESP_ERR_INVALID_STATE

[ 15381][E][esp32-hal-i2c-ng.c:275] i2cWrite(): i2c_master_transmit failed: [259] ESP_ERR_INVALID_STATE

[ 15383][E][esp32-hal-i2c-ng.c:275] i2cWrite(): i2c_master_transmit failed: [259] ESP_ERR_INVALID_STATE

[ 15385][E][esp32-hal-i2c-ng.c:275] i2cWrite(): i2c_master_transmit failed: [259] ESP_ERR_INVALID_STATE

[ 15387][E][esp32-hal-i2c-ng.c:275] i2cWrite(): i2c_master_transmit failed: [259] ESP_ERR_INVALID_STATE

[ 15389][E][esp32-hal-i2c-ng.c:275] i2cWrite(): i2c_master_transmit failed: [259] ESP_ERR_INVALID_STATE

[ 15391][E][esp32-hal-i2c-ng.c:275] i2cWrite(): i2c_master_transmit failed: [259] ESP_ERR_INVALID_STATE

[ 15393][E][esp32-hal-i2c-ng.c:275] i2cWrite(): i2c_master_transmit failed: [259] ESP_ERR_INVALID_STATE

[ 15395][E][esp32-hal-i2c-ng.c:275] i2cWrite(): i2c_master_transmit failed: [259] ESP_ERR_INVALID_STATE

[ 15397][E][esp32-hal-i2c-ng.c:275] i2cWrite(): i2c_master_transmit failed: [259] ESP_ERR_INVALID_STATE

[ 15399][E][esp32-hal-i2c-ng.c:275] i2cWrite(): i2c_master_transmit failed: [259] ESP_ERR_INVALID_STATE

[ 15401][E][esp32-hal-i2c-ng.c:275] i2cWrite(): i2c_master_transmit failed: [259] ESP_ERR_INVALID_STATE

[ 15403][E][esp32-hal-i2c-ng.c:275] i2cWrite(): i2c_master_transmit failed: [259] ESP_ERR_INVALID_STATE

[ 15405][E][esp32-hal-i2c-ng.c:275] i2cWrite(): i2c_master_transmit failed: [259] ESP_ERR_INVALID_STATE

[ 15407][E][esp32-hal-i2c-ng.c:275] i2cWrite(): i2c_master_transmit failed: [259] ESP_ERR_INVALID_STATE

[ 15409][E][esp32-hal-i2c-ng.c:275] i2cWrite(): i2c_master_transmit failed: [259] ESP_ERR_INVALID_STATE

[ 15411][E][esp32-hal-i2c-ng.c:275] i2cWrite(): i2c_master_transmit failed: [259] ESP_ERR_INVALID_STATE

[ 15413][E][esp32-hal-i2c-ng.c:275] i2cWrite(): i2c_master_transmit failed: [259] ESP_ERR_INVALID_STATE

[ 15415][E][esp32-hal-i2c-ng.c:275] i2cWrite(): i2c_master_transmit failed: [259] ESP_ERR_INVALID_STATE

[ 15417][E][esp32-hal-i2c-ng.c:275] i2cWrite(): i2c_master_transmit failed: [259] ESP_ERR_INVALID_STATE

[ 15419][E][esp32-hal-i2c-ng.c:275] i2cWrite(): i2c_master_transmit failed: [259] ESP_ERR_INVALID_STATE

[ 15421][E][esp32-hal-i2c-ng.c:275] i2cWrite(): i2c_master_transmit failed: [259] ESP_ERR_INVALID_STATE

[ 15423][E][esp32-hal-i2c-ng.c:275] i2cWrite(): i2c_master_transmit failed: [259] ESP_ERR_INVALID_STATE

[ 15425][E][esp32-hal-i2c-ng.c:275] i2cWrite(): i2c_master_transmit failed: [259] ESP_ERR_INVALID_STATE

[ 15427][E][esp32-hal-i2c-ng.c:275] i2cWrite(): i2c_master_transmit failed: [259] ESP_ERR_INVALID_STATE

[ 15429][E][esp32-hal-i2c-ng.c:275] i2cWrite(): i2c_master_transmit failed: [259] ESP_ERR_INVALID_STATE

[ 15431][E][esp32-hal-i2c-ng.c:275] i2cWrite(): i2c_master_transmit failed: [259] ESP_ERR_INVALID_STATE

[ 15433][E][esp32-hal-i2c-ng.c:275] i2cWrite(): i2c_master_transmit failed: [259] ESP_ERR_INVALID_STATE

[ 15435][E][esp32-hal-i2c-ng.c:275] i2cWrite(): i2c_master_transmit failed: [259] ESP_ERR_INVALID_STATE

[ 15437][E][esp32-hal-i2c-ng.c:275] i2cWrite(): i2c_master_transmit failed: [259] ESP_ERR_INVALID_STATE

[ 15439][E][esp32-hal-i2c-ng.c:275] i2cWrite(): i2c_master_transmit failed: [259] ESP_ERR_INVALID_STATE

[ 15441][E][esp32-hal-i2c-ng.c:275] i2cWrite(): i2c_master_transmit failed: [259] ESP_ERR_INVALID_STATE

[ 15443][E][esp32-hal-i2c-ng.c:275] i2cWrite(): i2c_master_transmit failed: [259] ESP_ERR_INVALID_STATE

[ 15445][E][esp32-hal-i2c-ng.c:275] i2cWrite(): i2c_master_transmit failed: [259] ESP_ERR_INVALID_STATE

[ 15447][E][esp32-hal-i2c-ng.c:275] i2cWrite(): i2c_master_transmit failed: [259] ESP_ERR_INVALID_STATE

[ 15449][E][esp32-hal-i2c-ng.c:275] i2cWrite(): i2c_master_transmit failed: [259] ESP_ERR_INVALID_STATE

[ 15451][E][esp32-hal-i2c-ng.c:275] i2cWrite(): i2c_master_transmit failed: [259] ESP_ERR_INVALID_STATE

[ 15453][E][esp32-hal-i2c-ng.c:275] i2cWrite(): i2c_master_transmit failed: [259] ESP_ERR_INVALID_STATE

[ 15455][E][esp32-hal-i2c-ng.c:275] i2cWrite(): i2c_master_transmit failed: [259] ESP_ERR_INVALID_STATE

[ 15457][E][esp32-hal-i2c-ng.c:275] i2cWrite(): i2c_master_transmit failed: [259] ESP_ERR_INVALID_STATE

[ 15459][E][esp32-hal-i2c-ng.c:275] i2cWrite(): i2c_master_transmit failed: [259] ESP_ERR_INVALID_STATE

[ 15461][E][esp32-hal-i2c-ng.c:275] i2cWrite(): i2c_master_transmit failed: [259] ESP_ERR_INVALID_STATE

[ 15463][E][esp32-hal-i2c-ng.c:275] i2cWrite(): i2c_master_transmit failed: [259] ESP_ERR_INVALID_STATE

[ 15465][E][esp32-hal-i2c-ng.c:275] i2cWrite(): i2c_master_transmit failed: [259] ESP_ERR_INVALID_STATE

[ 15467][E][esp32-hal-i2c-ng.c:275] i2cWrite(): i2c_master_transmit failed: [259] ESP_ERR_INVALID_STATE

[ 15469][E][esp32-hal-i2c-ng.c:275] i2cWrite(): i2c_master_transmit failed: [259] ESP_ERR_INVALID_STATE

[ 15471][E][esp32-hal-i2c-ng.c:275] i2cWrite(): i2c_master_transmit failed: [259] ESP_ERR_INVALID_STATE

[ 15473][E][esp32-hal-i2c-ng.c:275] i2cWrite(): i2c_master_transmit failed: [259] ESP_ERR_INVALID_STATE

[ 15475][E][esp32-hal-i2c-ng.c:275] i2cWrite(): i2c_master_transmit failed: [259] ESP_ERR_INVALID_STATE

[ 15477][E][esp32-hal-i2c-ng.c:275] i2cWrite(): i2c_master_transmit failed: [259] ESP_ERR_INVALID_STATE

[ 15479][E][esp32-hal-i2c-ng.c:275] i2cWrite(): i2c_master_transmit failed: [259] ESP_ERR_INVALID_STATE

[ 15481][E][esp32-hal-i2c-ng.c:275] i2cWrite(): i2c_master_transmit failed: [259] ESP_ERR_INVALID_STATE

[ 15483][E][esp32-hal-i2c-ng.c:275] i2cWrite(): i2c_master_transmit failed: [259] ESP_ERR_INVALID_STATE

[ 15485][E][esp32-hal-i2c-ng.c:275] i2cWrite(): i2c_master_transmit failed: [259] ESP_ERR_INVALID_STATE

[ 15487][E][esp32-hal-i2c-ng.c:275] i2cWrite(): i2c_master_transmit failed: [259] ESP_ERR_INVALID_STATE

[ 15489][E][esp32-hal-i2c-ng.c:275] i2cWrite(): i2c_master_transmit failed: [259] ESP_ERR_INVALID_STATE

[ 15491][E][esp32-hal-i2c-ng.c:275] i2cWrite(): i2c_master_transmit failed: [259] ESP_ERR_INVALID_STATE

[ 15493][E][esp32-hal-i2c-ng.c:275] i2cWrite(): i2c_master_transmit failed: [259] ESP_ERR_INVALID_STATE

[ 15495][E][esp32-hal-i2c-ng.c:275] i2cWrite(): i2c_master_transmit failed: [259] ESP_ERR_INVALID_STATE

[ 15497][E][esp32-hal-i2c-ng.c:275] i2cWrite(): i2c_master_transmit failed: [259] ESP_ERR_INVALID_STATE

[ 15499][E][esp32-hal-i2c-ng.c:275] i2cWrite(): i2c_master_transmit failed: [259] ESP_ERR_INVALID_STATE

[ 15501][E][esp32-hal-i2c-ng.c:275] i2cWrite(): i2c_master_transmit failed: [259] ESP_ERR_INVALID_STATE

[ 15503][E][esp32-hal-i2c-ng.c:275] i2cWrite(): i2c_master_transmit failed: [259] ESP_ERR_INVALID_STATE

[ 15505][E][esp32-hal-i2c-ng.c:275] i2cWrite(): i2c_master_transmit failed: [259] ESP_ERR_INVALID_STATE

[ 15507][E][esp32-hal-i2c-ng.c:275] i2cWrite(): i2c_master_transmit failed: [259] ESP_ERR_INVALID_STATE

[ 15509][E][esp32-hal-i2c-ng.c:275] i2cWrite(): i2c_master_transmit failed: [259] ESP_ERR_INVALID_STATE

[ 15511][E][esp32-hal-i2c-ng.c:275] i2cWrite(): i2c_master_transmit failed: [259] ESP_ERR_INVALID_STATE

[ 15513][E][esp32-hal-i2c-ng.c:275] i2cWrite(): i2c_master_transmit failed: [259] ESP_ERR_INVALID_STATE

[ 15515][E][esp32-hal-i2c-ng.c:275] i2cWrite(): i2c_master_transmit failed: [259] ESP_ERR_INVALID_STATE

[ 15517][E][esp32-hal-i2c-ng.c:275] i2cWrite(): i2c_master_transmit failed: [259] ESP_ERR_INVALID_STATE

[ 15519][E][esp32-hal-i2c-ng.c:275] i2cWrite(): i2c_master_transmit failed: [259] ESP_ERR_INVALID_STATE

[ 15521][E][esp32-hal-i2c-ng.c:275] i2cWrite(): i2c_master_transmit failed: [259] ESP_ERR_INVALID_STATE

[ 15523][E][esp32-hal-i2c-ng.c:275] i2cWrite(): i2c_master_transmit failed: [259] ESP_ERR_INVALID_STATE

[ 15525][E][esp32-hal-i2c-ng.c:275] i2cWrite(): i2c_master_transmit failed: [259] ESP_ERR_INVALID_STATE

[ 15527][E][esp32-hal-i2c-ng.c:275] i2cWrite(): i2c_master_transmit failed: [259] ESP_ERR_INVALID_STATE

[ 15529][E][esp32-hal-i2c-ng.c:275] i2cWrite(): i2c_master_transmit failed: [259] ESP_ERR_INVALID_STATE

[ 15531][E][esp32-hal-i2c-ng.c:275] i2cWrite(): i2c_master_transmit failed: [259] ESP_ERR_INVALID_STATE

[ 15533][E][esp32-hal-i2c-ng.c:275] i2cWrite(): i2c_master_transmit failed: [259] ESP_ERR_INVALID_STATE

[ 15535][E][esp32-hal-i2c-ng.c:275] i2cWrite(): i2c_master_transmit failed: [259] ESP_ERR_INVALID_STATE

[ 15537][E][esp32-hal-i2c-ng.c:275] i2cWrite(): i2c_master_transmit failed: [259] ESP_ERR_INVALID_STATE

[ 15539][E][esp32-hal-i2c-ng.c:275] i2cWrite(): i2c_master_transmit failed: [259] ESP_ERR_INVALID_STATE

[ 15541][E][esp32-hal-i2c-ng.c:275] i2cWrite(): i2c_master_transmit failed: [259] ESP_ERR_INVALID_STATE

[ 15543][E][esp32-hal-i2c-ng.c:275] i2cWrite(): i2c_master_transmit failed: [259] ESP_ERR_INVALID_STATE

[ 15545][E][esp32-hal-i2c-ng.c:275] i2cWrite(): i2c_master_transmit failed: [259] ESP_ERR_INVALID_STATE

[ 15547][E][esp32-hal-i2c-ng.c:275] i2cWrite(): i2c_master_transmit failed: [259] ESP_ERR_INVALID_STATE

[ 15549][E][esp32-hal-i2c-ng.c:275] i2cWrite(): i2c_master_transmit failed: [259] ESP_ERR_INVALID_STATE

[ 15551][E][esp32-hal-i2c-ng.c:275] i2cWrite(): i2c_master_transmit failed: [259] ESP_ERR_INVALID_STATE

[ 15553][E][esp32-hal-i2c-ng.c:275] i2cWrite(): i2c_master_transmit failed: [259] ESP_ERR_INVALID_STATE

[ 15555][E][esp32-hal-i2c-ng.c:275] i2cWrite(): i2c_master_transmit failed: [259] ESP_ERR_INVALID_STATE

[ 15557][E][esp32-hal-i2c-ng.c:275] i2cWrite(): i2c_master_transmit failed: [259] ESP_ERR_INVALID_STATE

[ 15559][E][esp32-hal-i2c-ng.c:275] i2cWrite(): i2c_master_transmit failed: [259] ESP_ERR_INVALID_STATE

[ 15561][E][esp32-hal-i2c-ng.c:275] i2cWrite(): i2c_master_transmit failed: [259] ESP_ERR_INVALID_STATE

[ 15563][E][esp32-hal-i2c-ng.c:275] i2cWrite(): i2c_master_transmit failed: [259] ESP_ERR_INVALID_STATE

[ 15565][E][esp32-hal-i2c-ng.c:275] i2cWrite(): i2c_master_transmit failed: [259] ESP_ERR_INVALID_STATE

[ 15567][E][esp32-hal-i2c-ng.c:275] i2cWrite(): i2c_master_transmit failed: [259] ESP_ERR_INVALID_STATE

[ 15569][E][esp32-hal-i2c-ng.c:275] i2cWrite(): i2c_master_transmit failed: [259] ESP_ERR_INVALID_STATE

[ 15571][E][esp32-hal-i2c-ng.c:275] i2cWrite(): i2c_master_transmit failed: [259] ESP_ERR_INVALID_STATE

[ 15573][E][esp32-hal-i2c-ng.c:275] i2cWrite(): i2c_master_transmit failed: [259] ESP_ERR_INVALID_STATE

[ 15575][E][esp32-hal-i2c-ng.c:275] i2cWrite(): i2c_master_transmit failed: [259] ESP_ERR_INVALID_STATE

[ 15577][E][esp32-hal-i2c-ng.c:275] i2cWrite(): i2c_master_transmit failed: [259] ESP_ERR_INVALID_STATE

[ 15579][E][esp32-hal-i2c-ng.c:275] i2cWrite(): i2c_master_transmit failed: [259] ESP_ERR_INVALID_STATE

[ 15581][E][esp32-hal-i2c-ng.c:275] i2cWrite(): i2c_master_transmit failed: [259] ESP_ERR_INVALID_STATE

[ 15583][E][esp32-hal-i2c-ng.c:275] i2cWrite(): i2c_master_transmit failed: [259] ESP_ERR_INVALID_STATE

[ 15585][E][esp32-hal-i2c-ng.c:275] i2cWrite(): i2c_master_transmit failed: [259] ESP_ERR_INVALID_STATE

[ 15587][E][esp32-hal-i2c-ng.c:275] i2cWrite(): i2c_master_transmit failed: [259] ESP_ERR_INVALID_STATE

[ 15589][E][esp32-hal-i2c-ng.c:275] i2cWrite(): i2c_master_transmit failed: [259] ESP_ERR_INVALID_STATE

[ 15591][E][esp32-hal-i2c-ng.c:275] i2cWrite(): i2c_master_transmit failed: [259] ESP_ERR_INVALID_STATE

[ 15593][E][esp32-hal-i2c-ng.c:275] i2cWrite(): i2c_master_transmit failed: [259] ESP_ERR_INVALID_STATE

[ 15595][E][esp32-hal-i2c-ng.c:275] i2cWrite(): i2c_master_transmit failed: [259] ESP_ERR_INVALID_STATE

[ 15597][E][esp32-hal-i2c-ng.c:275] i2cWrite(): i2c_master_transmit failed: [259] ESP_ERR_INVALID_STATE

[ 15599][E][esp32-hal-i2c-ng.c:275] i2cWrite(): i2c_master_transmit failed: [259] ESP_ERR_INVALID_STATE

[ 15601][E][esp32-hal-i2c-ng.c:275] i2cWrite(): i2c_master_transmit failed: [259] ESP_ERR_INVALID_STATE

[ 15603][E][esp32-hal-i2c-ng.c:275] i2cWrite(): i2c_master_transmit failed: [259] ESP_ERR_INVALID_STATE

[ 15605][E][esp32-hal-i2c-ng.c:275] i2cWrite(): i2c_master_transmit failed: [259] ESP_ERR_INVALID_STATE

[ 15607][E][esp32-hal-i2c-ng.c:275] i2cWrite(): i2c_master_transmit failed: [259] ESP_ERR_INVALID_STATE

[ 15609][E][esp32-hal-i2c-ng.c:275] i2cWrite(): i2c_master_transmit failed: [259] ESP_ERR_INVALID_STATE

[ 15611][E][esp32-hal-i2c-ng.c:275] i2cWrite(): i2c_master_transmit failed: [259] ESP_ERR_INVALID_STATE

[ 15613][E][esp32-hal-i2c-ng.c:275] i2cWrite(): i2c_master_transmit failed: [259] ESP_ERR_INVALID_STATE

[ 15615][E][esp32-hal-i2c-ng.c:275] i2cWrite(): i2c_master_transmit failed: [259] ESP_ERR_INVALID_STATE

[ 15617][E][esp32-hal-i2c-ng.c:275] i2cWrite(): i2c_master_transmit failed: [259] ESP_ERR_INVALID_STATE

[ 15619][E][esp32-hal-i2c-ng.c:275] i2cWrite(): i2c_master_transmit failed: [259] ESP_ERR_INVALID_STATE

[ 15621][E][esp32-hal-i2c-ng.c:275] i2cWrite(): i2c_master_transmit failed: [259] ESP_ERR_INVALID_STATE

[ 15623][E][esp32-hal-i2c-ng.c:275] i2cWrite(): i2c_master_transmit failed: [259] ESP_ERR_INVALID_STATE

[ 15625][E][esp32-hal-i2c-ng.c:275] i2cWrite(): i2c_master_transmit failed: [259] ESP_ERR_INVALID_STATE

[ 15627][E][esp32-hal-i2c-ng.c:275] i2cWrite(): i2c_master_transmit failed: [259] ESP_ERR_INVALID_STATE

[ 15629][E][esp32-hal-i2c-ng.c:275] i2cWrite(): i2c_master_transmit failed: [259] ESP_ERR_INVALID_STATE

[ 15631][E][esp32-hal-i2c-ng.c:275] i2cWrite(): i2c_master_transmit failed: [259] ESP_ERR_INVALID_STATE

[ 15633][E][esp32-hal-i2c-ng.c:275] i2cWrite(): i2c_master_transmit failed: [259] ESP_ERR_INVALID_STATE

[ 15635][E][esp32-hal-i2c-ng.c:275] i2cWrite(): i2c_master_transmit failed: [259] ESP_ERR_INVALID_STATE

[ 15637][E][esp32-hal-i2c-ng.c:275] i2cWrite(): i2c_master_transmit failed: [259] ESP_ERR_INVALID_STATE

[ 15639][E][esp32-hal-i2c-ng.c:275] i2cWrite(): i2c_master_transmit failed: [259] ESP_ERR_INVALID_STATE

[ 15641][E][esp32-hal-i2c-ng.c:275] i2cWrite(): i2c_master_transmit failed: [259] ESP_ERR_INVALID_STATE

[ 15643][E][esp32-hal-i2c-ng.c:275] i2cWrite(): i2c_master_transmit failed: [259] ESP_ERR_INVALID_STATE

[ 15645][E][esp32-hal-i2c-ng.c:275] i2cWrite(): i2c_master_transmit failed: [259] ESP_ERR_INVALID_STATE

[ 15647][E][esp32-hal-i2c-ng.c:275] i2cWrite(): i2c_master_transmit failed: [259] ESP_ERR_INVALID_STATE

[ 15649][E][esp32-hal-i2c-ng.c:275] i2cWrite(): i2c_master_transmit failed: [259] ESP_ERR_INVALID_STATE

[ 15651][E][esp32-hal-i2c-ng.c:275] i2cWrite(): i2c_master_transmit failed: [259] ESP_ERR_INVALID_STATE

[ 15653][E][esp32-hal-i2c-ng.c:275] i2cWrite(): i2c_master_transmit failed: [259] ESP_ERR_INVALID_STATE

[ 15655][E][esp32-hal-i2c-ng.c:275] i2cWrite(): i2c_master_transmit failed: [259] ESP_ERR_INVALID_STATE

[ 15657][E][esp32-hal-i2c-ng.c:275] i2cWrite(): i2c_master_transmit failed: [259] ESP_ERR_INVALID_STATE

[ 15659][E][esp32-hal-i2c-ng.c:275] i2cWrite(): i2c_master_transmit failed: [259] ESP_ERR_INVALID_STATE

[ 15661][E][esp32-hal-i2c-ng.c:275] i2cWrite(): i2c_master_transmit failed: [259] ESP_ERR_INVALID_STATE

[ 15663][E][esp32-hal-i2c-ng.c:275] i2cWrite(): i2c_master_transmit failed: [259] ESP_ERR_INVALID_STATE

[ 15665][E][esp32-hal-i2c-ng.c:275] i2cWrite(): i2c_master_transmit failed: [259] ESP_ERR_INVALID_STATE

[ 15667][E][esp32-hal-i2c-ng.c:275] i2cWrite(): i2c_master_transmit failed: [259] ESP_ERR_INVALID_STATE

[ 15669][E][esp32-hal-i2c-ng.c:275] i2cWrite(): i2c_master_transmit failed: [259] ESP_ERR_INVALID_STATE

[ 15671][E][esp32-hal-i2c-ng.c:275] i2cWrite(): i2c_master_transmit failed: [259] ESP_ERR_INVALID_STATE

[ 15673][E][esp32-hal-i2c-ng.c:275] i2cWrite(): i2c_master_transmit failed: [259] ESP_ERR_INVALID_STATE

[ 15675][E][esp32-hal-i2c-ng.c:275] i2cWrite(): i2c_master_transmit failed: [259] ESP_ERR_INVALID_STATE

[ 15677][E][esp32-hal-i2c-ng.c:275] i2cWrite(): i2c_master_transmit failed: [259] ESP_ERR_INVALID_STATE

[ 15679][E][esp32-hal-i2c-ng.c:275] i2cWrite(): i2c_master_transmit failed: [259] ESP_ERR_INVALID_STATE

[ 15681][E][esp32-hal-i2c-ng.c:275] i2cWrite(): i2c_master_transmit failed: [259] ESP_ERR_INVALID_STATE

[ 15683][E][esp32-hal-i2c-ng.c:275] i2cWrite(): i2c_master_transmit failed: [259] ESP_ERR_INVALID_STATE

[ 15685][E][esp32-hal-i2c-ng.c:275] i2cWrite(): i2c_master_transmit failed: [259] ESP_ERR_INVALID_STATE

[ 15687][E][esp32-hal-i2c-ng.c:275] i2cWrite(): i2c_master_transmit failed: [259] ESP_ERR_INVALID_STATE

[ 15689][E][esp32-hal-i2c-ng.c:275] i2cWrite(): i2c_master_transmit failed: [259] ESP_ERR_INVALID_STATE

[ 15691][E][esp32-hal-i2c-ng.c:275] i2cWrite(): i2c_master_transmit failed: [259] ESP_ERR_INVALID_STATE

[ 15693][E][esp32-hal-i2c-ng.c:275] i2cWrite(): i2c_master_transmit failed: [259] ESP_ERR_INVALID_STATE

[ 15695][E][esp32-hal-i2c-ng.c:275] i2cWrite(): i2c_master_transmit failed: [259] ESP_ERR_INVALID_STATE

[ 15697][E][esp32-hal-i2c-ng.c:275] i2cWrite(): i2c_master_transmit failed: [259] ESP_ERR_INVALID_STATE

[ 15699][E][esp32-hal-i2c-ng.c:275] i2cWrite(): i2c_master_transmit failed: [259] ESP_ERR_INVALID_STATE

[ 15701][E][esp32-hal-i2c-ng.c:275] i2cWrite(): i2c_master_transmit failed: [259] ESP_ERR_INVALID_STATE

[ 15703][E][esp32-hal-i2c-ng.c:275] i2cWrite(): i2c_master_transmit failed: [259] ESP_ERR_INVALID_STATE

[ 15705][E][esp32-hal-i2c-ng.c:275] i2cWrite(): i2c_master_transmit failed: [259] ESP_ERR_INVALID_STATE

[ 15707][E][esp32-hal-i2c-ng.c:275] i2cWrite(): i2c_master_transmit failed: [259] ESP_ERR_INVALID_STATE

[ 15709][E][esp32-hal-i2c-ng.c:275] i2cWrite(): i2c_master_transmit failed: [259] ESP_ERR_INVALID_STATE

[ 15711][E][esp32-hal-i2c-ng.c:275] i2cWrite(): i2c_master_transmit failed: [259] ESP_ERR_INVALID_STATE

[ 15713][E][esp32-hal-i2c-ng.c:275] i2cWrite(): i2c_master_transmit failed: [259] ESP_ERR_INVALID_STATE

[ 15715][E][esp32-hal-i2c-ng.c:275] i2cWrite(): i2c_master_transmit failed: [259] ESP_ERR_INVALID_STATE

[ 15717][E][esp32-hal-i2c-ng.c:275] i2cWrite(): i2c_master_transmit failed: [259] ESP_ERR_INVALID_STATE

[ 15719][E][esp32-hal-i2c-ng.c:275] i2cWrite(): i2c_master_transmit failed: [259] ESP_ERR_INVALID_STATE

[ 15721][E][esp32-hal-i2c-ng.c:275] i2cWrite(): i2c_master_transmit failed: [259] ESP_ERR_INVALID_STATE

[ 15723][E][esp32-hal-i2c-ng.c:275] i2cWrite(): i2c_master_transmit failed: [259] ESP_ERR_INVALID_STATE

[ 15725][E][esp32-hal-i2c-ng.c:275] i2cWrite(): i2c_master_transmit failed: [259] ESP_ERR_INVALID_STATE

[ 15727][E][esp32-hal-i2c-ng.c:275] i2cWrite(): i2c_master_transmit failed: [259] ESP_ERR_INVALID_STATE

[ 15729][E][esp32-hal-i2c-ng.c:275] i2cWrite(): i2c_master_transmit failed: [259] ESP_ERR_INVALID_STATE

[ 15731][E][esp32-hal-i2c-ng.c:275] i2cWrite(): i2c_master_transmit failed: [259] ESP_ERR_INVALID_STATE

[ 15733][E][esp32-hal-i2c-ng.c:275] i2cWrite(): i2c_master_transmit failed: [259] ESP_ERR_INVALID_STATE

[ 15735][E][esp32-hal-i2c-ng.c:275] i2cWrite(): i2c_master_transmit failed: [259] ESP_ERR_INVALID_STATE

[ 15737][E][esp32-hal-i2c-ng.c:275] i2cWrite(): i2c_master_transmit failed: [259] ESP_ERR_INVALID_STATE

[ 15739][E][esp32-hal-i2c-ng.c:275] i2cWrite(): i2c_master_transmit failed: [259] ESP_ERR_INVALID_STATE

[ 15741][E][esp32-hal-i2c-ng.c:275] i2cWrite(): i2c_master_transmit failed: [259] ESP_ERR_INVALID_STATE

[ 15743][E][esp32-hal-i2c-ng.c:275] i2cWrite(): i2c_master_transmit failed: [259] ESP_ERR_INVALID_STATE

[ 15745][E][esp32-hal-i2c-ng.c:275] i2cWrite(): i2c_master_transmit failed: [259] ESP_ERR_INVALID_STATE

[ 15747][E][esp32-hal-i2c-ng.c:275] i2cWrite(): i2c_master_transmit failed: [259] ESP_ERR_INVALID_STATE

[ 15749][E][esp32-hal-i2c-ng.c:275] i2cWrite(): i2c_master_transmit failed: [259] ESP_ERR_INVALID_STATE

[ 15751][E][esp32-hal-i2c-ng.c:275] i2cWrite(): i2c_master_transmit failed: [259] ESP_ERR_INVALID_STATE

[ 15753][E][esp32-hal-i2c-ng.c:275] i2cWrite(): i2c_master_transmit failed: [259] ESP_ERR_INVALID_STATE

[ 15755][E][esp32-hal-i2c-ng.c:275] i2cWrite(): i2c_master_transmit failed: [259] ESP_ERR_INVALID_STATE

[ 15757][E][esp32-hal-i2c-ng.c:275] i2cWrite(): i2c_master_transmit failed: [259] ESP_ERR_INVALID_STATE

[ 15759][E][esp32-hal-i2c-ng.c:275] i2cWrite(): i2c_master_transmit failed: [259] ESP_ERR_INVALID_STATE

[ 15761][E][esp32-hal-i2c-ng.c:275] i2cWrite(): i2c_master_transmit failed: [259] ESP_ERR_INVALID_STATE

[ 15763][E][esp32-hal-i2c-ng.c:275] i2cWrite(): i2c_master_transmit failed: [259] ESP_ERR_INVALID_STATE

[ 15765][E][esp32-hal-i2c-ng.c:275] i2cWrite(): i2c_master_transmit failed: [259] ESP_ERR_INVALID_STATE

[ 15767][E][esp32-hal-i2c-ng.c:275] i2cWrite(): i2c_master_transmit failed: [259] ESP_ERR_INVALID_STATE

[ 15769][E][esp32-hal-i2c-ng.c:275] i2cWrite(): i2c_master_transmit failed: [259] ESP_ERR_INVALID_STATE

[ 15771][E][esp32-hal-i2c-ng.c:275] i2cWrite(): i2c_master_transmit failed: [259] ESP_ERR_INVALID_STATE

[ 15773][E][esp32-hal-i2c-ng.c:275] i2cWrite(): i2c_master_transmit failed: [259] ESP_ERR_INVALID_STATE

[ 15775][E][esp32-hal-i2c-ng.c:275] i2cWrite(): i2c_master_transmit failed: [259] ESP_ERR_INVALID_STATE

[ 15777][E][esp32-hal-i2c-ng.c:275] i2cWrite(): i2c_master_transmit failed: [259] ESP_ERR_INVALID_STATE

[ 15779][E][esp32-hal-i2c-ng.c:275] i2cWrite(): i2c_master_transmit failed: [259] ESP_ERR_INVALID_STATE

[ 15781][E][esp32-hal-i2c-ng.c:275] i2cWrite(): i2c_master_transmit failed: [259] ESP_ERR_INVALID_STATE

[ 15783][E][esp32-hal-i2c-ng.c:275] i2cWrite(): i2c_master_transmit failed: [259] ESP_ERR_INVALID_STATE

[ 15785][E][esp32-hal-i2c-ng.c:275] i2cWrite(): i2c_master_transmit failed: [259] ESP_ERR_INVALID_STATE

[ 15787][E][esp32-hal-i2c-ng.c:275] i2cWrite(): i2c_master_transmit failed: [259] ESP_ERR_INVALID_STATE

[ 15789][E][esp32-hal-i2c-ng.c:275] i2cWrite(): i2c_master_transmit failed: [259] ESP_ERR_INVALID_STATE

[ 15791][E][esp32-hal-i2c-ng.c:275] i2cWrite(): i2c_master_transmit failed: [259] ESP_ERR_INVALID_STATE

[ 15793][E][esp32-hal-i2c-ng.c:275] i2cWrite(): i2c_master_transmit failed: [259] ESP_ERR_INVALID_STATE

[ 15795][E][esp32-hal-i2c-ng.c:275] i2cWrite(): i2c_master_transmit failed: [259] ESP_ERR_INVALID_STATE

[ 15797][E][esp32-hal-i2c-ng.c:275] i2cWrite(): i2c_master_transmit failed: [259] ESP_ERR_INVALID_STATE

[ 15799][E][esp32-hal-i2c-ng.c:275] i2cWrite(): i2c_master_transmit failed: [259] ESP_ERR_INVALID_STATE

[ 15801][E][esp32-hal-i2c-ng.c:275] i2cWrite(): i2c_master_transmit failed: [259] ESP_ERR_INVALID_STATE

[ 15803][E][esp32-hal-i2c-ng.c:275] i2cWrite(): i2c_master_transmit failed: [259] ESP_ERR_INVALID_STATE

[ 15805][E][esp32-hal-i2c-ng.c:275] i2cWrite(): i2c_master_transmit failed: [259] ESP_ERR_INVALID_STATE

[ 15807][E][esp32-hal-i2c-ng.c:275] i2cWrite(): i2c_master_transmit failed: [259] ESP_ERR_INVALID_STATE

[ 15809][E][esp32-hal-i2c-ng.c:275] i2cWrite(): i2c_master_transmit failed: [259] ESP_ERR_INVALID_STATE

[ 15811][E][esp32-hal-i2c-ng.c:275] i2cWrite(): i2c_master_transmit failed: [259] ESP_ERR_INVALID_STATE

[ 15813][E][esp32-hal-i2c-ng.c:275] i2cWrite(): i2c_master_transmit failed: [259] ESP_ERR_INVALID_STATE

[ 15815][E][esp32-hal-i2c-ng.c:275] i2cWrite(): i2c_master_transmit failed: [259] ESP_ERR_INVALID_STATE

[ 15817][E][esp32-hal-i2c-ng.c:275] i2cWrite(): i2c_master_transmit failed: [259] ESP_ERR_INVALID_STATE

[ 15819][E][esp32-hal-i2c-ng.c:275] i2cWrite(): i2c_master_transmit failed: [259] ESP_ERR_INVALID_STATE

[ 15821][E][esp32-hal-i2c-ng.c:275] i2cWrite(): i2c_master_transmit failed: [259] ESP_ERR_INVALID_STATE

[ 15823][E][esp32-hal-i2c-ng.c:275] i2cWrite(): i2c_master_transmit failed: [259] ESP_ERR_INVALID_STATE

[ 15825][E][esp32-hal-i2c-ng.c:275] i2cWrite(): i2c_master_transmit failed: [259] ESP_ERR_INVALID_STATE

[ 15827][E][esp32-hal-i2c-ng.c:275] i2cWrite(): i2c_master_transmit failed: [259] ESP_ERR_INVALID_STATE

[ 15829][E][esp32-hal-i2c-ng.c:275] i2cWrite(): i2c_master_transmit failed: [259] ESP_ERR_INVALID_STATE

[ 15831][E][esp32-hal-i2c-ng.c:275] i2cWrite(): i2c_master_transmit failed: [259] ESP_ERR_INVALID_STATE

[ 15833][E][esp32-hal-i2c-ng.c:275] i2cWrite(): i2c_master_transmit failed: [259] ESP_ERR_INVALID_STATE

[ 15835][E][esp32-hal-i2c-ng.c:275] i2cWrite(): i2c_master_transmit failed: [259] ESP_ERR_INVALID_STATE

[ 15837][E][esp32-hal-i2c-ng.c:275] i2cWrite(): i2c_master_transmit failed: [259] ESP_ERR_INVALID_STATE

[ 15839][E][esp32-hal-i2c-ng.c:275] i2cWrite(): i2c_master_transmit failed: [259] ESP_ERR_INVALID_STATE

[ 15841][E][esp32-hal-i2c-ng.c:275] i2cWrite(): i2c_master_transmit failed: [259] ESP_ERR_INVALID_STATE

[ 15843][E][esp32-hal-i2c-ng.c:275] i2cWrite(): i2c_master_transmit failed: [259] ESP_ERR_INVALID_STATE

[ 15845][E][esp32-hal-i2c-ng.c:275] i2cWrite(): i2c_master_transmit failed: [259] ESP_ERR_INVALID_STATE

[ 15847][E][esp32-hal-i2c-ng.c:275] i2cWrite(): i2c_master_transmit failed: [259] ESP_ERR_INVALID_STATE

[ 15849][E][esp32-hal-i2c-ng.c:275] i2cWrite(): i2c_master_transmit failed: [259] ESP_ERR_INVALID_STATE

[ 15851][E][esp32-hal-i2c-ng.c:275] i2cWrite(): i2c_master_transmit failed: [259] ESP_ERR_INVALID_STATE

[ 15853][E][esp32-hal-i2c-ng.c:275] i2cWrite(): i2c_master_transmit failed: [259] ESP_ERR_INVALID_STATE

[ 15855][E][esp32-hal-i2c-ng.c:275] i2cWrite(): i2c_master_transmit failed: [259] ESP_ERR_INVALID_STATE

[ 15857][E][esp32-hal-i2c-ng.c:275] i2cWrite(): i2c_master_transmit failed: [259] ESP_ERR_INVALID_STATE

[ 15859][E][esp32-hal-i2c-ng.c:275] i2cWrite(): i2c_master_transmit failed: [259] ESP_ERR_INVALID_STATE

[ 15861][E][esp32-hal-i2c-ng.c:275] i2cWrite(): i2c_master_transmit failed: [259] ESP_ERR_INVALID_STATE

[ 15861][I][main.cpp:571] vTaskLogData(): [NaMa] NTP: lsTus: 0x000000: tSIus: 0xb4d6f5: cFus: 0x000000

[ 15863][E][esp32-hal-i2c-ng.c:275] i2cWrite(): i2c_master_transmit failed: [259] ESP_ERR_INVALID_STATE

[ 15865][E][esp32-hal-i2c-ng.c:275] i2cWrite(): i2c_master_transmit failed: [259] ESP_ERR_INVALID_STATE

[ 15867][E][esp32-hal-i2c-ng.c:275] i2cWrite(): i2c_master_transmit failed: [259] ESP_ERR_INVALID_STATE

[ 15869][E][esp32-hal-i2c-ng.c:275] i2cWrite(): i2c_master_transmit failed: [259] ESP_ERR_INVALID_STATE

[ 15871][E][esp32-hal-i2c-ng.c:275] i2cWrite(): i2c_master_transmit failed: [259] ESP_ERR_INVALID_STATE

[ 15873][E][esp32-hal-i2c-ng.c:275] i2cWrite(): i2c_master_transmit failed: [259] ESP_ERR_INVALID_STATE

[ 15875][E][esp32-hal-i2c-ng.c:275] i2cWrite(): i2c_master_transmit failed: [259] ESP_ERR_INVALID_STATE

[ 15877][E][esp32-hal-i2c-ng.c:275] i2cWrite(): i2c_master_transmit failed: [259] ESP_ERR_INVALID_STATE

[ 15879][E][esp32-hal-i2c-ng.c:275] i2cWrite(): i2c_master_transmit failed: [259] ESP_ERR_INVALID_STATE

[ 15881][E][esp32-hal-i2c-ng.c:275] i2cWrite(): i2c_master_transmit failed: [259] ESP_ERR_INVALID_STATE

[ 15883][E][esp32-hal-i2c-ng.c:275] i2cWrite(): i2c_master_transmit failed: [259] ESP_ERR_INVALID_STATE

[ 15885][E][esp32-hal-i2c-ng.c:275] i2cWrite(): i2c_master_transmit failed: [259] ESP_ERR_INVALID_STATE

[ 15887][E][esp32-hal-i2c-ng.c:275] i2cWrite(): i2c_master_transmit failed: [259] ESP_ERR_INVALID_STATE

[ 15889][E][esp32-hal-i2c-ng.c:275] i2cWrite(): i2c_master_transmit failed: [259] ESP_ERR_INVALID_STATE

[ 15891][E][esp32-hal-i2c-ng.c:275] i2cWrite(): i2c_master_transmit failed: [259] ESP_ERR_INVALID_STATE

[ 15893][E][esp32-hal-i2c-ng.c:275] i2cWrite(): i2c_master_transmit failed: [259] ESP_ERR_INVALID_STATE

[ 15895][E][esp32-hal-i2c-ng.c:275] i2cWrite(): i2c_master_transmit failed: [259] ESP_ERR_INVALID_STATE

[ 15897][E][esp32-hal-i2c-ng.c:275] i2cWrite(): i2c_master_transmit failed: [259] ESP_ERR_INVALID_STATE

[ 15899][E][esp32-hal-i2c-ng.c:275] i2cWrite(): i2c_master_transmit failed: [259] ESP_ERR_INVALID_STATE

[ 15901][E][esp32-hal-i2c-ng.c:275] i2cWrite(): i2c_master_transmit failed: [259] ESP_ERR_INVALID_STATE

[ 15903][E][esp32-hal-i2c-ng.c:275] i2cWrite(): i2c_master_transmit failed: [259] ESP_ERR_INVALID_STATE

[ 15905][E][esp32-hal-i2c-ng.c:275] i2cWrite(): i2c_master_transmit failed: [259] ESP_ERR_INVALID_STATE

[ 15907][E][esp32-hal-i2c-ng.c:275] i2cWrite(): i2c_master_transmit failed: [259] ESP_ERR_INVALID_STATE

[ 15909][E][esp32-hal-i2c-ng.c:275] i2cWrite(): i2c_master_transmit failed: [259] ESP_ERR_INVALID_STATE

[ 15911][E][esp32-hal-i2c-ng.c:275] i2cWrite(): i2c_master_transmit failed: [259] ESP_ERR_INVALID_STATE

[ 15913][E][esp32-hal-i2c-ng.c:275] i2cWrite(): i2c_master_transmit failed: [259] ESP_ERR_INVALID_STATE

[ 15915][E][esp32-hal-i2c-ng.c:275] i2cWrite(): i2c_master_transmit failed: [259] ESP_ERR_INVALID_STATE

[ 15917][E][esp32-hal-i2c-ng.c:275] i2cWrite(): i2c_master_transmit failed: [259] ESP_ERR_INVALID_STATE

[ 15919][E][esp32-hal-i2c-ng.c:275] i2cWrite(): i2c_master_transmit failed: [259] ESP_ERR_INVALID_STATE

[ 15921][E][esp32-hal-i2c-ng.c:275] i2cWrite(): i2c_master_transmit failed: [259] ESP_ERR_INVALID_STATE

[ 15923][E][esp32-hal-i2c-ng.c:275] i2cWrite(): i2c_master_transmit failed: [259] ESP_ERR_INVALID_STATE

[ 15925][E][esp32-hal-i2c-ng.c:275] i2cWrite(): i2c_master_transmit failed: [259] ESP_ERR_INVALID_STATE

[ 15927][E][esp32-hal-i2c-ng.c:275] i2cWrite(): i2c_master_transmit failed: [259] ESP_ERR_INVALID_STATE

[ 15929][E][esp32-hal-i2c-ng.c:275] i2cWrite(): i2c_master_transmit failed: [259] ESP_ERR_INVALID_STATE

[ 15931][E][esp32-hal-i2c-ng.c:275] i2cWrite(): i2c_master_transmit failed: [259] ESP_ERR_INVALID_STATE

[ 15933][E][esp32-hal-i2c-ng.c:275] i2cWrite(): i2c_master_transmit failed: [259] ESP_ERR_INVALID_STATE

[ 15935][E][esp32-hal-i2c-ng.c:275] i2cWrite(): i2c_master_transmit failed: [259] ESP_ERR_INVALID_STATE

[ 15937][E][esp32-hal-i2c-ng.c:275] i2cWrite(): i2c_master_transmit failed: [259] ESP_ERR_INVALID_STATE

[ 15939][E][esp32-hal-i2c-ng.c:275] i2cWrite(): i2c_master_transmit failed: [259] ESP_ERR_INVALID_STATE

[ 15941][E][esp32-hal-i2c-ng.c:275] i2cWrite(): i2c_master_transmit failed: [259] ESP_ERR_INVALID_STATE

[ 15943][E][esp32-hal-i2c-ng.c:275] i2cWrite(): i2c_master_transmit failed: [259] ESP_ERR_INVALID_STATE

[ 15945][E][esp32-hal-i2c-ng.c:275] i2cWrite(): i2c_master_transmit failed: [259] ESP_ERR_INVALID_STATE

[ 15947][E][esp32-hal-i2c-ng.c:275] i2cWrite(): i2c_master_transmit failed: [259] ESP_ERR_INVALID_STATE

[ 15949][E][esp32-hal-i2c-ng.c:275] i2cWrite(): i2c_master_transmit failed: [259] ESP_ERR_INVALID_STATE

[ 15951][E][esp32-hal-i2c-ng.c:275] i2cWrite(): i2c_master_transmit failed: [259] ESP_ERR_INVALID_STATE

[ 15953][E][esp32-hal-i2c-ng.c:275] i2cWrite(): i2c_master_transmit failed: [259] ESP_ERR_INVALID_STATE

[ 15955][E][esp32-hal-i2c-ng.c:275] i2cWrite(): i2c_master_transmit failed: [259] ESP_ERR_INVALID_STATE

[ 15957][E][esp32-hal-i2c-ng.c:275] i2cWrite(): i2c_master_transmit failed: [259] ESP_ERR_INVALID_STATE

[ 15959][E][esp32-hal-i2c-ng.c:275] i2cWrite(): i2c_master_transmit failed: [259] ESP_ERR_INVALID_STATE

[ 15961][E][esp32-hal-i2c-ng.c:275] i2cWrite(): i2c_master_transmit failed: [259] ESP_ERR_INVALID_STATE

[ 15963][E][esp32-hal-i2c-ng.c:275] i2cWrite(): i2c_master_transmit failed: [259] ESP_ERR_INVALID_STATE

[ 15965][E][esp32-hal-i2c-ng.c:275] i2cWrite(): i2c_master_transmit failed: [259] ESP_ERR_INVALID_STATE

[ 15967][E][esp32-hal-i2c-ng.c:275] i2cWrite(): i2c_master_transmit failed: [259] ESP_ERR_INVALID_STATE

[ 15969][E][esp32-hal-i2c-ng.c:275] i2cWrite(): i2c_master_transmit failed: [259] ESP_ERR_INVALID_STATE

[ 15971][E][esp32-hal-i2c-ng.c:275] i2cWrite(): i2c_master_transmit failed: [259] ESP_ERR_INVALID_STATE

[ 15973][E][esp32-hal-i2c-ng.c:275] i2cWrite(): i2c_master_transmit failed: [259] ESP_ERR_INVALID_STATE

[ 15975][E][esp32-hal-i2c-ng.c:275] i2cWrite(): i2c_master_transmit failed: [259] ESP_ERR_INVALID_STATE

[ 15977][E][esp32-hal-i2c-ng.c:275] i2cWrite(): i2c_master_transmit failed: [259] ESP_ERR_INVALID_STATE

[ 15979][E][esp32-hal-i2c-ng.c:275] i2cWrite(): i2c_master_transmit failed: [259] ESP_ERR_INVALID_STATE

[ 15981][E][esp32-hal-i2c-ng.c:275] i2cWrite(): i2c_master_transmit failed: [259] ESP_ERR_INVALID_STATE

[ 15983][E][esp32-hal-i2c-ng.c:275] i2cWrite(): i2c_master_transmit failed: [259] ESP_ERR_INVALID_STATE

[ 15985][E][esp32-hal-i2c-ng.c:275] i2cWrite(): i2c_master_transmit failed: [259] ESP_ERR_INVALID_STATE

[ 15987][E][esp32-hal-i2c-ng.c:275] i2cWrite(): i2c_master_transmit failed: [259] ESP_ERR_INVALID_STATE

[ 15989][E][esp32-hal-i2c-ng.c:275] i2cWrite(): i2c_master_transmit failed: [259] ESP_ERR_INVALID_STATE

[ 15991][E][esp32-hal-i2c-ng.c:275] i2cWrite(): i2c_master_transmit failed: [259] ESP_ERR_INVALID_STATE

[ 15993][E][esp32-hal-i2c-ng.c:275] i2cWrite(): i2c_master_transmit failed: [259] ESP_ERR_INVALID_STATE

[ 15995][E][esp32-hal-i2c-ng.c:275] i2cWrite(): i2c_master_transmit failed: [259] ESP_ERR_INVALID_STATE

[ 15997][E][esp32-hal-i2c-ng.c:275] i2cWrite(): i2c_master_transmit failed: [259] ESP_ERR_INVALID_STATE

[ 15999][E][esp32-hal-i2c-ng.c:275] i2cWrite(): i2c_master_transmit failed: [259] ESP_ERR_INVALID_STATE

[ 16001][E][esp32-hal-i2c-ng.c:275] i2cWrite(): i2c_master_transmit failed: [259] ESP_ERR_INVALID_STATE

[ 16003][E][esp32-hal-i2c-ng.c:275] i2cWrite(): i2c_master_transmit failed: [259] ESP_ERR_INVALID_STATE

[ 16005][E][esp32-hal-i2c-ng.c:275] i2cWrite(): i2c_master_transmit failed: [259] ESP_ERR_INVALID_STATE

[ 16007][E][esp32-hal-i2c-ng.c:275] i2cWrite(): i2c_master_transmit failed: [259] ESP_ERR_INVALID_STATE

[ 16009][E][esp32-hal-i2c-ng.c:275] i2cWrite(): i2c_master_transmit failed: [259] ESP_ERR_INVALID_STATE

[ 16011][E][esp32-hal-i2c-ng.c:275] i2cWrite(): i2c_master_transmit failed: [259] ESP_ERR_INVALID_STATE

[ 16013][E][esp32-hal-i2c-ng.c:275] i2cWrite(): i2c_master_transmit failed: [259] ESP_ERR_INVALID_STATE

[ 16015][E][esp32-hal-i2c-ng.c:275] i2cWrite(): i2c_master_transmit failed: [259] ESP_ERR_INVALID_STATE

[ 16017][E][esp32-hal-i2c-ng.c:275] i2cWrite(): i2c_master_transmit failed: [259] ESP_ERR_INVALID_STATE

[ 16019][E][esp32-hal-i2c-ng.c:275] i2cWrite(): i2c_master_transmit failed: [259] ESP_ERR_INVALID_STATE

[ 16021][E][esp32-hal-i2c-ng.c:275] i2cWrite(): i2c_master_transmit failed: [259] ESP_ERR_INVALID_STATE

[ 16023][E][esp32-hal-i2c-ng.c:275] i2cWrite(): i2c_master_transmit failed: [259] ESP_ERR_INVALID_STATE

[ 16025][E][esp32-hal-i2c-ng.c:275] i2cWrite(): i2c_master_transmit failed: [259] ESP_ERR_INVALID_STATE

[ 16027][E][esp32-hal-i2c-ng.c:275] i2cWrite(): i2c_master_transmit failed: [259] ESP_ERR_INVALID_STATE

[ 16029][E][esp32-hal-i2c-ng.c:275] i2cWrite(): i2c_master_transmit failed: [259] ESP_ERR_INVALID_STATE

[ 16031][E][esp32-hal-i2c-ng.c:275] i2cWrite(): i2c_master_transmit failed: [259] ESP_ERR_INVALID_STATE

[ 16033][E][esp32-hal-i2c-ng.c:275] i2cWrite(): i2c_master_transmit failed: [259] ESP_ERR_INVALID_STATE

[ 16035][E][esp32-hal-i2c-ng.c:275] i2cWrite(): i2c_master_transmit failed: [259] ESP_ERR_INVALID_STATE

[ 16037][E][esp32-hal-i2c-ng.c:275] i2cWrite(): i2c_master_transmit failed: [259] ESP_ERR_INVALID_STATE

[ 16039][E][esp32-hal-i2c-ng.c:275] i2cWrite(): i2c_master_transmit failed: [259] ESP_ERR_INVALID_STATE

[ 16041][E][esp32-hal-i2c-ng.c:275] i2cWrite(): i2c_master_transmit failed: [259] ESP_ERR_INVALID_STATE

[ 16043][E][esp32-hal-i2c-ng.c:275] i2cWrite(): i2c_master_transmit failed: [259] ESP_ERR_INVALID_STATE

[ 16045][E][esp32-hal-i2c-ng.c:275] i2cWrite(): i2c_master_transmit failed: [259] ESP_ERR_INVALID_STATE

[ 16047][E][esp32-hal-i2c-ng.c:275] i2cWrite(): i2c_master_transmit failed: [259] ESP_ERR_INVALID_STATE

[ 16049][E][esp32-hal-i2c-ng.c:275] i2cWrite(): i2c_master_transmit failed: [259] ESP_ERR_INVALID_STATE

[ 16051][E][esp32-hal-i2c-ng.c:275] i2cWrite(): i2c_master_transmit failed: [259] ESP_ERR_INVALID_STATE

[ 16053][E][esp32-hal-i2c-ng.c:275] i2cWrite(): i2c_master_transmit failed: [259] ESP_ERR_INVALID_STATE

[ 16055][E][esp32-hal-i2c-ng.c:275] i2cWrite(): i2c_master_transmit failed: [259] ESP_ERR_INVALID_STATE

[ 16057][E][esp32-hal-i2c-ng.c:275] i2cWrite(): i2c_master_transmit failed: [259] ESP_ERR_INVALID_STATE

[ 16059][E][esp32-hal-i2c-ng.c:275] i2cWrite(): i2c_master_transmit failed: [259] ESP_ERR_INVALID_STATE

[ 16061][E][esp32-hal-i2c-ng.c:275] i2cWrite(): i2c_master_transmit failed: [259] ESP_ERR_INVALID_STATE

[ 16063][E][esp32-hal-i2c-ng.c:275] i2cWrite(): i2c_master_transmit failed: [259] ESP_ERR_INVALID_STATE

[ 16065][E][esp32-hal-i2c-ng.c:275] i2cWrite(): i2c_master_transmit failed: [259] ESP_ERR_INVALID_STATE

[ 16067][E][esp32-hal-i2c-ng.c:275] i2cWrite(): i2c_master_transmit failed: [259] ESP_ERR_INVALID_STATE

[ 16069][E][esp32-hal-i2c-ng.c:275] i2cWrite(): i2c_master_transmit failed: [259] ESP_ERR_INVALID_STATE

[ 16071][E][esp32-hal-i2c-ng.c:275] i2cWrite(): i2c_master_transmit failed: [259] ESP_ERR_INVALID_STATE

[ 16073][E][esp32-hal-i2c-ng.c:275] i2cWrite(): i2c_master_transmit failed: [259] ESP_ERR_INVALID_STATE

[ 16075][E][esp32-hal-i2c-ng.c:275] i2cWrite(): i2c_master_transmit failed: [259] ESP_ERR_INVALID_STATE

[ 16077][E][esp32-hal-i2c-ng.c:275] i2cWrite(): i2c_master_transmit failed: [259] ESP_ERR_INVALID_STATE

[ 16079][E][esp32-hal-i2c-ng.c:275] i2cWrite(): i2c_master_transmit failed: [259] ESP_ERR_INVALID_STATE

[ 16081][E][esp32-hal-i2c-ng.c:275] i2cWrite(): i2c_master_transmit failed: [259] ESP_ERR_INVALID_STATE

[ 16083][E][esp32-hal-i2c-ng.c:275] i2cWrite(): i2c_master_transmit failed: [259] ESP_ERR_INVALID_STATE

[ 16085][E][esp32-hal-i2c-ng.c:275] i2cWrite(): i2c_master_transmit failed: [259] ESP_ERR_INVALID_STATE

[ 16087][E][esp32-hal-i2c-ng.c:275] i2cWrite(): i2c_master_transmit failed: [259] ESP_ERR_INVALID_STATE

[ 16089][E][esp32-hal-i2c-ng.c:275] i2cWrite(): i2c_master_transmit failed: [259] ESP_ERR_INVALID_STATE

[ 16091][E][esp32-hal-i2c-ng.c:275] i2cWrite(): i2c_master_transmit failed: [259] ESP_ERR_INVALID_STATE

[ 16093][E][esp32-hal-i2c-ng.c:275] i2cWrite(): i2c_master_transmit failed: [259] ESP_ERR_INVALID_STATE

[ 16095][E][esp32-hal-i2c-ng.c:275] i2cWrite(): i2c_master_transmit failed: [259] ESP_ERR_INVALID_STATE

[ 16097][E][esp32-hal-i2c-ng.c:275] i2cWrite(): i2c_master_transmit failed: [259] ESP_ERR_INVALID_STATE

[ 16099][E][esp32-hal-i2c-ng.c:275] i2cWrite(): i2c_master_transmit failed: [259] ESP_ERR_INVALID_STATE

[ 16101][E][esp32-hal-i2c-ng.c:275] i2cWrite(): i2c_master_transmit failed: [259] ESP_ERR_INVALID_STATE

[ 16103][E][esp32-hal-i2c-ng.c:275] i2cWrite(): i2c_master_transmit failed: [259] ESP_ERR_INVALID_STATE

[ 16105][E][esp32-hal-i2c-ng.c:275] i2cWrite(): i2c_master_transmit failed: [259] ESP_ERR_INVALID_STATE

[ 16107][E][esp32-hal-i2c-ng.c:275] i2cWrite(): i2c_master_transmit failed: [259] ESP_ERR_INVALID_STATE

[ 16109][E][esp32-hal-i2c-ng.c:275] i2cWrite(): i2c_master_transmit failed: [259] ESP_ERR_INVALID_STATE

[ 16111][E][esp32-hal-i2c-ng.c:275] i2cWrite(): i2c_master_transmit failed: [259] ESP_ERR_INVALID_STATE

[ 16113][E][esp32-hal-i2c-ng.c:275] i2cWrite(): i2c_master_transmit failed: [259] ESP_ERR_INVALID_STATE

[ 16115][E][esp32-hal-i2c-ng.c:275] i2cWrite(): i2c_master_transmit failed: [259] ESP_ERR_INVALID_STATE

[ 16117][E][esp32-hal-i2c-ng.c:275] i2cWrite(): i2c_master_transmit failed: [259] ESP_ERR_INVALID_STATE

[ 16119][E][esp32-hal-i2c-ng.c:275] i2cWrite(): i2c_master_transmit failed: [259] ESP_ERR_INVALID_STATE

[ 16121][E][esp32-hal-i2c-ng.c:275] i2cWrite(): i2c_master_transmit failed: [259] ESP_ERR_INVALID_STATE

[ 16123][E][esp32-hal-i2c-ng.c:275] i2cWrite(): i2c_master_transmit failed: [259] ESP_ERR_INVALID_STATE

[ 16125][E][esp32-hal-i2c-ng.c:275] i2cWrite(): i2c_master_transmit failed: [259] ESP_ERR_INVALID_STATE

[ 16127][E][esp32-hal-i2c-ng.c:275] i2cWrite(): i2c_master_transmit failed: [259] ESP_ERR_INVALID_STATE

[ 16129][E][esp32-hal-i2c-ng.c:275] i2cWrite(): i2c_master_transmit failed: [259] ESP_ERR_INVALID_STATE

[ 16131][E][esp32-hal-i2c-ng.c:275] i2cWrite(): i2c_master_transmit failed: [259] ESP_ERR_INVALID_STATE

[ 16133][E][esp32-hal-i2c-ng.c:275] i2cWrite(): i2c_master_transmit failed: [259] ESP_ERR_INVALID_STATE

[ 16135][E][esp32-hal-i2c-ng.c:275] i2cWrite(): i2c_master_transmit failed: [259] ESP_ERR_INVALID_STATE

[ 16137][E][esp32-hal-i2c-ng.c:275] i2cWrite(): i2c_master_transmit failed: [259] ESP_ERR_INVALID_STATE

[ 16139][E][esp32-hal-i2c-ng.c:275] i2cWrite(): i2c_master_transmit failed: [259] ESP_ERR_INVALID_STATE

[ 16141][E][esp32-hal-i2c-ng.c:275] i2cWrite(): i2c_master_transmit failed: [259] ESP_ERR_INVALID_STATE

[ 16143][E][esp32-hal-i2c-ng.c:275] i2cWrite(): i2c_master_transmit failed: [259] ESP_ERR_INVALID_STATE

[ 16145][E][esp32-hal-i2c-ng.c:275] i2cWrite(): i2c_master_transmit failed: [259] ESP_ERR_INVALID_STATE

[ 16147][E][esp32-hal-i2c-ng.c:275] i2cWrite(): i2c_master_transmit failed: [259] ESP_ERR_INVALID_STATE

[ 16149][E][esp32-hal-i2c-ng.c:275] i2cWrite(): i2c_master_transmit failed: [259] ESP_ERR_INVALID_STATE

[ 16151][E][esp32-hal-i2c-ng.c:275] i2cWrite(): i2c_master_transmit failed: [259] ESP_ERR_INVALID_STATE

[ 16153][E][esp32-hal-i2c-ng.c:275] i2cWrite(): i2c_master_transmit failed: [259] ESP_ERR_INVALID_STATE

[ 16155][E][esp32-hal-i2c-ng.c:275] i2cWrite(): i2c_master_transmit failed: [259] ESP_ERR_INVALID_STATE

[ 16157][E][esp32-hal-i2c-ng.c:275] i2cWrite(): i2c_master_transmit failed: [259] ESP_ERR_INVALID_STATE

[ 16159][E][esp32-hal-i2c-ng.c:275] i2cWrite(): i2c_master_transmit failed: [259] ESP_ERR_INVALID_STATE

[ 16161][E][esp32-hal-i2c-ng.c:275] i2cWrite(): i2c_master_transmit failed: [259] ESP_ERR_INVALID_STATE

[ 16163][E][esp32-hal-i2c-ng.c:275] i2cWrite(): i2c_master_transmit failed: [259] ESP_ERR_INVALID_STATE

[ 16165][E][esp32-hal-i2c-ng.c:275] i2cWrite(): i2c_master_transmit failed: [259] ESP_ERR_INVALID_STATE

[ 16167][E][esp32-hal-i2c-ng.c:275] i2cWrite(): i2c_master_transmit failed: [259] ESP_ERR_INVALID_STATE

[ 16169][E][esp32-hal-i2c-ng.c:275] i2cWrite(): i2c_master_transmit failed: [259] ESP_ERR_INVALID_STATE

[ 16171][E][esp32-hal-i2c-ng.c:275] i2cWrite(): i2c_master_transmit failed: [259] ESP_ERR_INVALID_STATE

[ 16173][E][esp32-hal-i2c-ng.c:275] i2cWrite(): i2c_master_transmit failed: [259] ESP_ERR_INVALID_STATE

[ 16175][E][esp32-hal-i2c-ng.c:275] i2cWrite(): i2c_master_transmit failed: [259] ESP_ERR_INVALID_STATE

[ 16177][E][esp32-hal-i2c-ng.c:275] i2cWrite(): i2c_master_transmit failed: [259] ESP_ERR_INVALID_STATE

[ 16179][E][esp32-hal-i2c-ng.c:275] i2cWrite(): i2c_master_transmit failed: [259] ESP_ERR_INVALID_STATE

[ 16181][E][esp32-hal-i2c-ng.c:275] i2cWrite(): i2c_master_transmit failed: [259] ESP_ERR_INVALID_STATE

[ 16183][E][esp32-hal-i2c-ng.c:275] i2cWrite(): i2c_master_transmit failed: [259] ESP_ERR_INVALID_STATE

[ 16185][E][esp32-hal-i2c-ng.c:275] i2cWrite(): i2c_master_transmit failed: [259] ESP_ERR_INVALID_STATE

[ 16187][E][esp32-hal-i2c-ng.c:275] i2cWrite(): i2c_master_transmit failed: [259] ESP_ERR_INVALID_STATE

[ 16189][E][esp32-hal-i2c-ng.c:275] i2cWrite(): i2c_master_transmit failed: [259] ESP_ERR_INVALID_STATE

[ 16191][E][esp32-hal-i2c-ng.c:275] i2cWrite(): i2c_master_transmit failed: [259] ESP_ERR_INVALID_STATE

[ 16193][E][esp32-hal-i2c-ng.c:275] i2cWrite(): i2c_master_transmit failed: [259] ESP_ERR_INVALID_STATE

[ 16195][E][esp32-hal-i2c-ng.c:275] i2cWrite(): i2c_master_transmit failed: [259] ESP_ERR_INVALID_STATE

[ 16197][E][esp32-hal-i2c-ng.c:275] i2cWrite(): i2c_master_transmit failed: [259] ESP_ERR_INVALID_STATE

[ 16199][E][esp32-hal-i2c-ng.c:275] i2cWrite(): i2c_master_transmit failed: [259] ESP_ERR_INVALID_STATE

[ 16201][E][esp32-hal-i2c-ng.c:275] i2cWrite(): i2c_master_transmit failed: [259] ESP_ERR_INVALID_STATE

[ 16203][E][esp32-hal-i2c-ng.c:275] i2cWrite(): i2c_master_transmit failed: [259] ESP_ERR_INVALID_STATE

[ 16205][E][esp32-hal-i2c-ng.c:275] i2cWrite(): i2c_master_transmit failed: [259] ESP_ERR_INVALID_STATE

[ 16207][E][esp32-hal-i2c-ng.c:275] i2cWrite(): i2c_master_transmit failed: [259] ESP_ERR_INVALID_STATE

[ 16209][E][esp32-hal-i2c-ng.c:275] i2cWrite(): i2c_master_transmit failed: [259] ESP_ERR_INVALID_STATE

[ 16211][E][esp32-hal-i2c-ng.c:275] i2cWrite(): i2c_master_transmit failed: [259] ESP_ERR_INVALID_STATE

[ 16213][E][esp32-hal-i2c-ng.c:275] i2cWrite(): i2c_master_transmit failed: [259] ESP_ERR_INVALID_STATE

[ 16215][E][esp32-hal-i2c-ng.c:275] i2cWrite(): i2c_master_transmit failed: [259] ESP_ERR_INVALID_STATE

[ 16217][E][esp32-hal-i2c-ng.c:275] i2cWrite(): i2c_master_transmit failed: [259] ESP_ERR_INVALID_STATE

[ 16219][E][esp32-hal-i2c-ng.c:275] i2cWrite(): i2c_master_transmit failed: [259] ESP_ERR_INVALID_STATE

[ 16221][E][esp32-hal-i2c-ng.c:275] i2cWrite(): i2c_master_transmit failed: [259] ESP_ERR_INVALID_STATE

[ 16223][E][esp32-hal-i2c-ng.c:275] i2cWrite(): i2c_master_transmit failed: [259] ESP_ERR_INVALID_STATE

[ 16225][E][esp32-hal-i2c-ng.c:275] i2cWrite(): i2c_master_transmit failed: [259] ESP_ERR_INVALID_STATE

[ 16227][E][esp32-hal-i2c-ng.c:275] i2cWrite(): i2c_master_transmit failed: [259] ESP_ERR_INVALID_STATE

[ 16229][E][esp32-hal-i2c-ng.c:275] i2cWrite(): i2c_master_transmit failed: [259] ESP_ERR_INVALID_STATE

[ 16231][E][esp32-hal-i2c-ng.c:275] i2cWrite(): i2c_master_transmit failed: [259] ESP_ERR_INVALID_STATE

[ 16233][E][esp32-hal-i2c-ng.c:275] i2cWrite(): i2c_master_transmit failed: [259] ESP_ERR_INVALID_STATE

[ 16235][E][esp32-hal-i2c-ng.c:275] i2cWrite(): i2c_master_transmit failed: [259] ESP_ERR_INVALID_STATE

[ 16237][E][esp32-hal-i2c-ng.c:275] i2cWrite(): i2c_master_transmit failed: [259] ESP_ERR_INVALID_STATE

[ 16239][E][esp32-hal-i2c-ng.c:275] i2cWrite(): i2c_master_transmit failed: [259] ESP_ERR_INVALID_STATE

[ 16241][E][esp32-hal-i2c-ng.c:275] i2cWrite(): i2c_master_transmit failed: [259] ESP_ERR_INVALID_STATE

[ 16243][E][esp32-hal-i2c-ng.c:275] i2cWrite(): i2c_master_transmit failed: [259] ESP_ERR_INVALID_STATE

[ 16245][E][esp32-hal-i2c-ng.c:275] i2cWrite(): i2c_master_transmit failed: [259] ESP_ERR_INVALID_STATE

[ 16247][E][esp32-hal-i2c-ng.c:275] i2cWrite(): i2c_master_transmit failed: [259] ESP_ERR_INVALID_STATE

[ 16249][E][esp32-hal-i2c-ng.c:275] i2cWrite(): i2c_master_transmit failed: [259] ESP_ERR_INVALID_STATE

[ 16251][E][esp32-hal-i2c-ng.c:275] i2cWrite(): i2c_master_transmit failed: [259] ESP_ERR_INVALID_STATE

[ 16253][E][esp32-hal-i2c-ng.c:275] i2cWrite(): i2c_master_transmit failed: [259] ESP_ERR_INVALID_STATE

[ 16255][E][esp32-hal-i2c-ng.c:275] i2cWrite(): i2c_master_transmit failed: [259] ESP_ERR_INVALID_STATE

[ 16257][E][esp32-hal-i2c-ng.c:275] i2cWrite(): i2c_master_transmit failed: [259] ESP_ERR_INVALID_STATE

[ 16259][E][esp32-hal-i2c-ng.c:275] i2cWrite(): i2c_master_transmit failed: [259] ESP_ERR_INVALID_STATE

[ 16261][E][esp32-hal-i2c-ng.c:275] i2cWrite(): i2c_master_transmit failed: [259] ESP_ERR_INVALID_STATE

[ 16263][E][esp32-hal-i2c-ng.c:275] i2cWrite(): i2c_master_transmit failed: [259] ESP_ERR_INVALID_STATE

[ 16265][E][esp32-hal-i2c-ng.c:275] i2cWrite(): i2c_master_transmit failed: [259] ESP_ERR_INVALID_STATE

[ 16267][E][esp32-hal-i2c-ng.c:275] i2cWrite(): i2c_master_transmit failed: [259] ESP_ERR_INVALID_STATE

[ 16269][E][esp32-hal-i2c-ng.c:275] i2cWrite(): i2c_master_transmit failed: [259] ESP_ERR_INVALID_STATE

[ 16271][E][esp32-hal-i2c-ng.c:275] i2cWrite(): i2c_master_transmit failed: [259] ESP_ERR_INVALID_STATE

[ 16273][E][esp32-hal-i2c-ng.c:275] i2cWrite(): i2c_master_transmit failed: [259] ESP_ERR_INVALID_STATE

[ 16275][E][esp32-hal-i2c-ng.c:275] i2cWrite(): i2c_master_transmit failed: [259] ESP_ERR_INVALID_STATE

[ 16277][E][esp32-hal-i2c-ng.c:275] i2cWrite(): i2c_master_transmit failed: [259] ESP_ERR_INVALID_STATE

[ 16279][E][esp32-hal-i2c-ng.c:275] i2cWrite(): i2c_master_transmit failed: [259] ESP_ERR_INVALID_STATE

[ 16281][E][esp32-hal-i2c-ng.c:275] i2cWrite(): i2c_master_transmit failed: [259] ESP_ERR_INVALID_STATE

[ 16283][E][esp32-hal-i2c-ng.c:275] i2cWrite(): i2c_master_transmit failed: [259] ESP_ERR_INVALID_STATE

[ 16285][E][esp32-hal-i2c-ng.c:275] i2cWrite(): i2c_master_transmit failed: [259] ESP_ERR_INVALID_STATE

[ 16287][E][esp32-hal-i2c-ng.c:275] i2cWrite(): i2c_master_transmit failed: [259] ESP_ERR_INVALID_STATE

[ 16289][E][esp32-hal-i2c-ng.c:275] i2cWrite(): i2c_master_transmit failed: [259] ESP_ERR_INVALID_STATE

[ 16291][E][esp32-hal-i2c-ng.c:275] i2cWrite(): i2c_master_transmit failed: [259] ESP_ERR_INVALID_STATE

[ 16293][E][esp32-hal-i2c-ng.c:275] i2cWrite(): i2c_master_transmit failed: [259] ESP_ERR_INVALID_STATE

[ 16295][E][esp32-hal-i2c-ng.c:275] i2cWrite(): i2c_master_transmit failed: [259] ESP_ERR_INVALID_STATE

[ 16297][E][esp32-hal-i2c-ng.c:275] i2cWrite(): i2c_master_transmit failed: [259] ESP_ERR_INVALID_STATE

[ 16299][E][esp32-hal-i2c-ng.c:275] i2cWrite(): i2c_master_transmit failed: [259] ESP_ERR_INVALID_STATE

[ 16301][E][esp32-hal-i2c-ng.c:275] i2cWrite(): i2c_master_transmit failed: [259] ESP_ERR_INVALID_STATE

[ 16303][E][esp32-hal-i2c-ng.c:275] i2cWrite(): i2c_master_transmit failed: [259] ESP_ERR_INVALID_STATE

[ 16305][E][esp32-hal-i2c-ng.c:275] i2cWrite(): i2c_master_transmit failed: [259] ESP_ERR_INVALID_STATE

[ 16307][E][esp32-hal-i2c-ng.c:275] i2cWrite(): i2c_master_transmit failed: [259] ESP_ERR_INVALID_STATE

[ 16309][E][esp32-hal-i2c-ng.c:275] i2cWrite(): i2c_master_transmit failed: [259] ESP_ERR_INVALID_STATE

[ 16311][E][esp32-hal-i2c-ng.c:275] i2cWrite(): i2c_master_transmit failed: [259] ESP_ERR_INVALID_STATE

[ 16313][E][esp32-hal-i2c-ng.c:275] i2cWrite(): i2c_master_transmit failed: [259] ESP_ERR_INVALID_STATE

[ 16315][E][esp32-hal-i2c-ng.c:275] i2cWrite(): i2c_master_transmit failed: [259] ESP_ERR_INVALID_STATE

[ 16317][E][esp32-hal-i2c-ng.c:275] i2cWrite(): i2c_master_transmit failed: [259] ESP_ERR_INVALID_STATE

[ 16319][E][esp32-hal-i2c-ng.c:275] i2cWrite(): i2c_master_transmit failed: [259] ESP_ERR_INVALID_STATE

[ 16321][E][esp32-hal-i2c-ng.c:275] i2cWrite(): i2c_master_transmit failed: [259] ESP_ERR_INVALID_STATE

[ 16323][E][esp32-hal-i2c-ng.c:275] i2cWrite(): i2c_master_transmit failed: [259] ESP_ERR_INVALID_STATE

[ 16325][E][esp32-hal-i2c-ng.c:275] i2cWrite(): i2c_master_transmit failed: [259] ESP_ERR_INVALID_STATE

[ 16327][E][esp32-hal-i2c-ng.c:275] i2cWrite(): i2c_master_transmit failed: [259] ESP_ERR_INVALID_STATE

[ 16329][E][esp32-hal-i2c-ng.c:275] i2cWrite(): i2c_master_transmit failed: [259] ESP_ERR_INVALID_STATE

[ 16331][E][esp32-hal-i2c-ng.c:275] i2cWrite(): i2c_master_transmit failed: [259] ESP_ERR_INVALID_STATE

[ 16333][E][esp32-hal-i2c-ng.c:275] i2cWrite(): i2c_master_transmit failed: [259] ESP_ERR_INVALID_STATE

[ 16335][E][esp32-hal-i2c-ng.c:275] i2cWrite(): i2c_master_transmit failed: [259] ESP_ERR_INVALID_STATE

[ 16337][E][esp32-hal-i2c-ng.c:275] i2cWrite(): i2c_master_transmit failed: [259] ESP_ERR_INVALID_STATE

[ 16339][E][esp32-hal-i2c-ng.c:275] i2cWrite(): i2c_master_transmit failed: [259] ESP_ERR_INVALID_STATE

[ 16341][E][esp32-hal-i2c-ng.c:275] i2cWrite(): i2c_master_transmit failed: [259] ESP_ERR_INVALID_STATE

[ 16343][E][esp32-hal-i2c-ng.c:275] i2cWrite(): i2c_master_transmit failed: [259] ESP_ERR_INVALID_STATE

[ 16345][E][esp32-hal-i2c-ng.c:275] i2cWrite(): i2c_master_transmit failed: [259] ESP_ERR_INVALID_STATE

[ 16347][E][esp32-hal-i2c-ng.c:275] i2cWrite(): i2c_master_transmit failed: [259] ESP_ERR_INVALID_STATE

[ 16349][E][esp32-hal-i2c-ng.c:275] i2cWrite(): i2c_master_transmit failed: [259] ESP_ERR_INVALID_STATE

[ 16351][E][esp32-hal-i2c-ng.c:275] i2cWrite(): i2c_master_transmit failed: [259] ESP_ERR_INVALID_STATE

[ 16353][E][esp32-hal-i2c-ng.c:275] i2cWrite(): i2c_master_transmit failed: [259] ESP_ERR_INVALID_STATE

[ 16355][E][esp32-hal-i2c-ng.c:275] i2cWrite(): i2c_master_transmit failed: [259] ESP_ERR_INVALID_STATE

[ 16357][E][esp32-hal-i2c-ng.c:275] i2cWrite(): i2c_master_transmit failed: [259] ESP_ERR_INVALID_STATE

[ 16359][E][esp32-hal-i2c-ng.c:275] i2cWrite(): i2c_master_transmit failed: [259] ESP_ERR_INVALID_STATE

[ 16361][E][esp32-hal-i2c-ng.c:275] i2cWrite(): i2c_master_transmit failed: [259] ESP_ERR_INVALID_STATE

[ 16363][E][esp32-hal-i2c-ng.c:275] i2cWrite(): i2c_master_transmit failed: [259] ESP_ERR_INVALID_STATE

[ 16365][E][esp32-hal-i2c-ng.c:275] i2cWrite(): i2c_master_transmit failed: [259] ESP_ERR_INVALID_STATE

[ 16367][E][esp32-hal-i2c-ng.c:275] i2cWrite(): i2c_master_transmit failed: [259] ESP_ERR_INVALID_STATE

[ 16369][E][esp32-hal-i2c-ng.c:275] i2cWrite(): i2c_master_transmit failed: [259] ESP_ERR_INVALID_STATE

[ 16371][E][esp32-hal-i2c-ng.c:275] i2cWrite(): i2c_master_transmit failed: [259] ESP_ERR_INVALID_STATE

[ 16373][E][esp32-hal-i2c-ng.c:275] i2cWrite(): i2c_master_transmit failed: [259] ESP_ERR_INVALID_STATE

[ 16375][E][esp32-hal-i2c-ng.c:275] i2cWrite(): i2c_master_transmit failed: [259] ESP_ERR_INVALID_STATE

[ 16377][E][esp32-hal-i2c-ng.c:275] i2cWrite(): i2c_master_transmit failed: [259] ESP_ERR_INVALID_STATE

[ 16379][E][esp32-hal-i2c-ng.c:275] i2cWrite(): i2c_master_transmit failed: [259] ESP_ERR_INVALID_STATE

[ 16381][E][esp32-hal-i2c-ng.c:275] i2cWrite(): i2c_master_transmit failed: [259] ESP_ERR_INVALID_STATE

[ 16383][E][esp32-hal-i2c-ng.c:275] i2cWrite(): i2c_master_transmit failed: [259] ESP_ERR_INVALID_STATE

[ 16385][E][esp32-hal-i2c-ng.c:275] i2cWrite(): i2c_master_transmit failed: [259] ESP_ERR_INVALID_STATE

[ 16387][E][esp32-hal-i2c-ng.c:275] i2cWrite(): i2c_master_transmit failed: [259] ESP_ERR_INVALID_STATE

[ 16389][E][esp32-hal-i2c-ng.c:275] i2cWrite(): i2c_master_transmit failed: [259] ESP_ERR_INVALID_STATE

[ 16391][E][esp32-hal-i2c-ng.c:275] i2cWrite(): i2c_master_transmit failed: [259] ESP_ERR_INVALID_STATE

[ 16393][E][esp32-hal-i2c-ng.c:275] i2cWrite(): i2c_master_transmit failed: [259] ESP_ERR_INVALID_STATE

[ 16395][E][esp32-hal-i2c-ng.c:275] i2cWrite(): i2c_master_transmit failed: [259] ESP_ERR_INVALID_STATE

[ 16397][E][esp32-hal-i2c-ng.c:275] i2cWrite(): i2c_master_transmit failed: [259] ESP_ERR_INVALID_STATE

[ 16399][E][esp32-hal-i2c-ng.c:275] i2cWrite(): i2c_master_transmit failed: [259] ESP_ERR_INVALID_STATE

[ 16401][E][esp32-hal-i2c-ng.c:275] i2cWrite(): i2c_master_transmit failed: [259] ESP_ERR_INVALID_STATE

[ 16403][E][esp32-hal-i2c-ng.c:275] i2cWrite(): i2c_master_transmit failed: [259] ESP_ERR_INVALID_STATE

[ 16405][E][esp32-hal-i2c-ng.c:275] i2cWrite(): i2c_master_transmit failed: [259] ESP_ERR_INVALID_STATE

[ 16407][E][esp32-hal-i2c-ng.c:275] i2cWrite(): i2c_master_transmit failed: [259] ESP_ERR_INVALID_STATE

[ 16409][E][esp32-hal-i2c-ng.c:275] i2cWrite(): i2c_master_transmit failed: [259] ESP_ERR_INVALID_STATE

[ 16411][E][esp32-hal-i2c-ng.c:275] i2cWrite(): i2c_master_transmit failed: [259] ESP_ERR_INVALID_STATE

[ 16413][E][esp32-hal-i2c-ng.c:275] i2cWrite(): i2c_master_transmit failed: [259] ESP_ERR_INVALID_STATE

[ 16415][E][esp32-hal-i2c-ng.c:275] i2cWrite(): i2c_master_transmit failed: [259] ESP_ERR_INVALID_STATE

[ 16417][E][esp32-hal-i2c-ng.c:275] i2cWrite(): i2c_master_transmit failed: [259] ESP_ERR_INVALID_STATE

[ 16419][E][esp32-hal-i2c-ng.c:275] i2cWrite(): i2c_master_transmit failed: [259] ESP_ERR_INVALID_STATE

[ 16421][E][esp32-hal-i2c-ng.c:275] i2cWrite(): i2c_master_transmit failed: [259] ESP_ERR_INVALID_STATE

[ 16423][E][esp32-hal-i2c-ng.c:275] i2cWrite(): i2c_master_transmit failed: [259] ESP_ERR_INVALID_STATE

[ 16425][E][esp32-hal-i2c-ng.c:275] i2cWrite(): i2c_master_transmit failed: [259] ESP_ERR_INVALID_STATE

[ 16427][E][esp32-hal-i2c-ng.c:275] i2cWrite(): i2c_master_transmit failed: [259] ESP_ERR_INVALID_STATE

[ 16429][E][esp32-hal-i2c-ng.c:275] i2cWrite(): i2c_master_transmit failed: [259] ESP_ERR_INVALID_STATE

[ 16431][E][esp32-hal-i2c-ng.c:275] i2cWrite(): i2c_master_transmit failed: [259] ESP_ERR_INVALID_STATE

[ 16433][E][esp32-hal-i2c-ng.c:275] i2cWrite(): i2c_master_transmit failed: [259] ESP_ERR_INVALID_STATE

[ 16435][E][esp32-hal-i2c-ng.c:275] i2cWrite(): i2c_master_transmit failed: [259] ESP_ERR_INVALID_STATE

[ 16437][E][esp32-hal-i2c-ng.c:275] i2cWrite(): i2c_master_transmit failed: [259] ESP_ERR_INVALID_STATE

[ 16439][E][esp32-hal-i2c-ng.c:275] i2cWrite(): i2c_master_transmit failed: [259] ESP_ERR_INVALID_STATE

[ 16441][E][esp32-hal-i2c-ng.c:275] i2cWrite(): i2c_master_transmit failed: [259] ESP_ERR_INVALID_STATE

[ 16443][E][esp32-hal-i2c-ng.c:275] i2cWrite(): i2c_master_transmit failed: [259] ESP_ERR_INVALID_STATE

[ 16445][E][esp32-hal-i2c-ng.c:275] i2cWrite(): i2c_master_transmit failed: [259] ESP_ERR_INVALID_STATE

[ 16447][E][esp32-hal-i2c-ng.c:275] i2cWrite(): i2c_master_transmit failed: [259] ESP_ERR_INVALID_STATE

[ 16449][E][esp32-hal-i2c-ng.c:275] i2cWrite(): i2c_master_transmit failed: [259] ESP_ERR_INVALID_STATE

[ 16451][E][esp32-hal-i2c-ng.c:275] i2cWrite(): i2c_master_transmit failed: [259] ESP_ERR_INVALID_STATE

[ 16453][E][esp32-hal-i2c-ng.c:275] i2cWrite(): i2c_master_transmit failed: [259] ESP_ERR_INVALID_STATE

[ 16455][E][esp32-hal-i2c-ng.c:275] i2cWrite(): i2c_master_transmit failed: [259] ESP_ERR_INVALID_STATE

[ 16457][E][esp32-hal-i2c-ng.c:275] i2cWrite(): i2c_master_transmit failed: [259] ESP_ERR_INVALID_STATE

[ 16459][E][esp32-hal-i2c-ng.c:275] i2cWrite(): i2c_master_transmit failed: [259] ESP_ERR_INVALID_STATE

[ 16461][E][esp32-hal-i2c-ng.c:275] i2cWrite(): i2c_master_transmit failed: [259] ESP_ERR_INVALID_STATE

[ 16463][E][esp32-hal-i2c-ng.c:275] i2cWrite(): i2c_master_transmit failed: [259] ESP_ERR_INVALID_STATE

[ 16465][E][esp32-hal-i2c-ng.c:275] i2cWrite(): i2c_master_transmit failed: [259] ESP_ERR_INVALID_STATE

[ 16467][E][esp32-hal-i2c-ng.c:275] i2cWrite(): i2c_master_transmit failed: [259] ESP_ERR_INVALID_STATE

[ 16469][E][esp32-hal-i2c-ng.c:275] i2cWrite(): i2c_master_transmit failed: [259] ESP_ERR_INVALID_STATE

[ 16471][E][esp32-hal-i2c-ng.c:275] i2cWrite(): i2c_master_transmit failed: [259] ESP_ERR_INVALID_STATE

[ 16473][E][esp32-hal-i2c-ng.c:275] i2cWrite(): i2c_master_transmit failed: [259] ESP_ERR_INVALID_STATE

[ 16475][E][esp32-hal-i2c-ng.c:275] i2cWrite(): i2c_master_transmit failed: [259] ESP_ERR_INVALID_STATE

[ 16477][E][esp32-hal-i2c-ng.c:275] i2cWrite(): i2c_master_transmit failed: [259] ESP_ERR_INVALID_STATE

[ 16479][E][esp32-hal-i2c-ng.c:275] i2cWrite(): i2c_master_transmit failed: [259] ESP_ERR_INVALID_STATE

[ 16481][E][esp32-hal-i2c-ng.c:275] i2cWrite(): i2c_master_transmit failed: [259] ESP_ERR_INVALID_STATE

[ 16483][E][esp32-hal-i2c-ng.c:275] i2cWrite(): i2c_master_transmit failed: [259] ESP_ERR_INVALID_STATE

[ 16485][E][esp32-hal-i2c-ng.c:275] i2cWrite(): i2c_master_transmit failed: [259] ESP_ERR_INVALID_STATE

[ 16487][E][esp32-hal-i2c-ng.c:275] i2cWrite(): i2c_master_transmit failed: [259] ESP_ERR_INVALID_STATE

[ 16489][E][esp32-hal-i2c-ng.c:275] i2cWrite(): i2c_master_transmit failed: [259] ESP_ERR_INVALID_STATE

[ 16491][E][esp32-hal-i2c-ng.c:275] i2cWrite(): i2c_master_transmit failed: [259] ESP_ERR_INVALID_STATE

[ 16493][E][esp32-hal-i2c-ng.c:275] i2cWrite(): i2c_master_transmit failed: [259] ESP_ERR_INVALID_STATE

[ 16495][E][esp32-hal-i2c-ng.c:275] i2cWrite(): i2c_master_transmit failed: [259] ESP_ERR_INVALID_STATE

[ 16497][E][esp32-hal-i2c-ng.c:275] i2cWrite(): i2c_master_transmit failed: [259] ESP_ERR_INVALID_STATE

[ 16499][E][esp32-hal-i2c-ng.c:275] i2cWrite(): i2c_master_transmit failed: [259] ESP_ERR_INVALID_STATE

[ 16501][E][esp32-hal-i2c-ng.c:275] i2cWrite(): i2c_master_transmit failed: [259] ESP_ERR_INVALID_STATE

[ 16503][E][esp32-hal-i2c-ng.c:275] i2cWrite(): i2c_master_transmit failed: [259] ESP_ERR_INVALID_STATE

[ 16505][E][esp32-hal-i2c-ng.c:275] i2cWrite(): i2c_master_transmit failed: [259] ESP_ERR_INVALID_STATE

[ 16507][E][esp32-hal-i2c-ng.c:275] i2cWrite(): i2c_master_transmit failed: [259] ESP_ERR_INVALID_STATE

[ 16509][E][esp32-hal-i2c-ng.c:275] i2cWrite(): i2c_master_transmit failed: [259] ESP_ERR_INVALID_STATE

[ 16511][E][esp32-hal-i2c-ng.c:275] i2cWrite(): i2c_master_transmit failed: [259] ESP_ERR_INVALID_STATE

[ 16513][E][esp32-hal-i2c-ng.c:275] i2cWrite(): i2c_master_transmit failed: [259] ESP_ERR_INVALID_STATE

[ 16515][E][esp32-hal-i2c-ng.c:275] i2cWrite(): i2c_master_transmit failed: [259] ESP_ERR_INVALID_STATE

[ 16517][E][esp32-hal-i2c-ng.c:275] i2cWrite(): i2c_master_transmit failed: [259] ESP_ERR_INVALID_STATE

[ 16519][E][esp32-hal-i2c-ng.c:275] i2cWrite(): i2c_master_transmit failed: [259] ESP_ERR_INVALID_STATE

[ 16521][E][esp32-hal-i2c-ng.c:275] i2cWrite(): i2c_master_transmit failed: [259] ESP_ERR_INVALID_STATE

[ 16523][E][esp32-hal-i2c-ng.c:275] i2cWrite(): i2c_master_transmit failed: [259] ESP_ERR_INVALID_STATE

[ 16525][E][esp32-hal-i2c-ng.c:275] i2cWrite(): i2c_master_transmit failed: [259] ESP_ERR_INVALID_STATE

[ 16527][E][esp32-hal-i2c-ng.c:275] i2cWrite(): i2c_master_transmit failed: [259] ESP_ERR_INVALID_STATE

[ 16529][E][esp32-hal-i2c-ng.c:275] i2cWrite(): i2c_master_transmit failed: [259] ESP_ERR_INVALID_STATE

[ 16531][E][esp32-hal-i2c-ng.c:275] i2cWrite(): i2c_master_transmit failed: [259] ESP_ERR_INVALID_STATE

[ 16533][E][esp32-hal-i2c-ng.c:275] i2cWrite(): i2c_master_transmit failed: [259] ESP_ERR_INVALID_STATE

[ 16535][E][esp32-hal-i2c-ng.c:275] i2cWrite(): i2c_master_transmit failed: [259] ESP_ERR_INVALID_STATE

[ 16537][E][esp32-hal-i2c-ng.c:275] i2cWrite(): i2c_master_transmit failed: [259] ESP_ERR_INVALID_STATE

[ 16539][E][esp32-hal-i2c-ng.c:275] i2cWrite(): i2c_master_transmit failed: [259] ESP_ERR_INVALID_STATE

[ 16541][E][esp32-hal-i2c-ng.c:275] i2cWrite(): i2c_master_transmit failed: [259] ESP_ERR_INVALID_STATE

[ 16543][E][esp32-hal-i2c-ng.c:275] i2cWrite(): i2c_master_transmit failed: [259] ESP_ERR_INVALID_STATE

[ 16545][E][esp32-hal-i2c-ng.c:275] i2cWrite(): i2c_master_transmit failed: [259] ESP_ERR_INVALID_STATE

[ 16547][E][esp32-hal-i2c-ng.c:275] i2cWrite(): i2c_master_transmit failed: [259] ESP_ERR_INVALID_STATE

[ 16549][E][esp32-hal-i2c-ng.c:275] i2cWrite(): i2c_master_transmit failed: [259] ESP_ERR_INVALID_STATE

[ 16551][E][esp32-hal-i2c-ng.c:275] i2cWrite(): i2c_master_transmit failed: [259] ESP_ERR_INVALID_STATE

[ 16553][E][esp32-hal-i2c-ng.c:275] i2cWrite(): i2c_master_transmit failed: [259] ESP_ERR_INVALID_STATE

[ 16555][E][esp32-hal-i2c-ng.c:275] i2cWrite(): i2c_master_transmit failed: [259] ESP_ERR_INVALID_STATE

[ 16557][E][esp32-hal-i2c-ng.c:275] i2cWrite(): i2c_master_transmit failed: [259] ESP_ERR_INVALID_STATE

[ 16559][E][esp32-hal-i2c-ng.c:275] i2cWrite(): i2c_master_transmit failed: [259] ESP_ERR_INVALID_STATE

[ 16561][E][esp32-hal-i2c-ng.c:275] i2cWrite(): i2c_master_transmit failed: [259] ESP_ERR_INVALID_STATE

[ 16563][E][esp32-hal-i2c-ng.c:275] i2cWrite(): i2c_master_transmit failed: [259] ESP_ERR_INVALID_STATE

[ 16565][E][esp32-hal-i2c-ng.c:275] i2cWrite(): i2c_master_transmit failed: [259] ESP_ERR_INVALID_STATE

[ 16567][E][esp32-hal-i2c-ng.c:275] i2cWrite(): i2c_master_transmit failed: [259] ESP_ERR_INVALID_STATE

[ 16569][E][esp32-hal-i2c-ng.c:275] i2cWrite(): i2c_master_transmit failed: [259] ESP_ERR_INVALID_STATE

[ 16571][E][esp32-hal-i2c-ng.c:275] i2cWrite(): i2c_master_transmit failed: [259] ESP_ERR_INVALID_STATE

[ 16573][E][esp32-hal-i2c-ng.c:275] i2cWrite(): i2c_master_transmit failed: [259] ESP_ERR_INVALID_STATE

[ 16575][E][esp32-hal-i2c-ng.c:275] i2cWrite(): i2c_master_transmit failed: [259] ESP_ERR_INVALID_STATE

[ 16577][E][esp32-hal-i2c-ng.c:275] i2cWrite(): i2c_master_transmit failed: [259] ESP_ERR_INVALID_STATE

[ 16579][E][esp32-hal-i2c-ng.c:275] i2cWrite(): i2c_master_transmit failed: [259] ESP_ERR_INVALID_STATE

[ 16581][E][esp32-hal-i2c-ng.c:275] i2cWrite(): i2c_master_transmit failed: [259] ESP_ERR_INVALID_STATE

[ 16583][E][esp32-hal-i2c-ng.c:275] i2cWrite(): i2c_master_transmit failed: [259] ESP_ERR_INVALID_STATE

[ 16585][E][esp32-hal-i2c-ng.c:275] i2cWrite(): i2c_master_transmit failed: [259] ESP_ERR_INVALID_STATE

[ 16587][E][esp32-hal-i2c-ng.c:275] i2cWrite(): i2c_master_transmit failed: [259] ESP_ERR_INVALID_STATE

[ 16589][E][esp32-hal-i2c-ng.c:275] i2cWrite(): i2c_master_transmit failed: [259] ESP_ERR_INVALID_STATE

[ 16591][E][esp32-hal-i2c-ng.c:275] i2cWrite(): i2c_master_transmit failed: [259] ESP_ERR_INVALID_STATE

[ 16593][E][esp32-hal-i2c-ng.c:275] i2cWrite(): i2c_master_transmit failed: [259] ESP_ERR_INVALID_STATE

[ 16595][E][esp32-hal-i2c-ng.c:275] i2cWrite(): i2c_master_transmit failed: [259] ESP_ERR_INVALID_STATE

[ 16597][E][esp32-hal-i2c-ng.c:275] i2cWrite(): i2c_master_transmit failed: [259] ESP_ERR_INVALID_STATE

[ 16599][E][esp32-hal-i2c-ng.c:275] i2cWrite(): i2c_master_transmit failed: [259] ESP_ERR_INVALID_STATE

[ 16601][E][esp32-hal-i2c-ng.c:275] i2cWrite(): i2c_master_transmit failed: [259] ESP_ERR_INVALID_STATE

[ 16603][E][esp32-hal-i2c-ng.c:275] i2cWrite(): i2c_master_transmit failed: [259] ESP_ERR_INVALID_STATE

[ 16605][E][esp32-hal-i2c-ng.c:275] i2cWrite(): i2c_master_transmit failed: [259] ESP_ERR_INVALID_STATE

[ 16607][E][esp32-hal-i2c-ng.c:275] i2cWrite(): i2c_master_transmit failed: [259] ESP_ERR_INVALID_STATE

[ 16609][E][esp32-hal-i2c-ng.c:275] i2cWrite(): i2c_master_transmit failed: [259] ESP_ERR_INVALID_STATE

[ 16611][E][esp32-hal-i2c-ng.c:275] i2cWrite(): i2c_master_transmit failed: [259] ESP_ERR_INVALID_STATE

[ 16613][E][esp32-hal-i2c-ng.c:275] i2cWrite(): i2c_master_transmit failed: [259] ESP_ERR_INVALID_STATE

[ 16615][E][esp32-hal-i2c-ng.c:275] i2cWrite(): i2c_master_transmit failed: [259] ESP_ERR_INVALID_STATE

[ 16617][E][esp32-hal-i2c-ng.c:275] i2cWrite(): i2c_master_transmit failed: [259] ESP_ERR_INVALID_STATE

[ 16619][E][esp32-hal-i2c-ng.c:275] i2cWrite(): i2c_master_transmit failed: [259] ESP_ERR_INVALID_STATE

[ 16621][E][esp32-hal-i2c-ng.c:275] i2cWrite(): i2c_master_transmit failed: [259] ESP_ERR_INVALID_STATE

[ 16623][E][esp32-hal-i2c-ng.c:275] i2cWrite(): i2c_master_transmit failed: [259] ESP_ERR_INVALID_STATE

[ 16625][E][esp32-hal-i2c-ng.c:275] i2cWrite(): i2c_master_transmit failed: [259] ESP_ERR_INVALID_STATE

[ 16627][E][esp32-hal-i2c-ng.c:275] i2cWrite(): i2c_master_transmit failed: [259] ESP_ERR_INVALID_STATE

[ 16629][E][esp32-hal-i2c-ng.c:275] i2cWrite(): i2c_master_transmit failed: [259] ESP_ERR_INVALID_STATE

[ 16631][E][esp32-hal-i2c-ng.c:275] i2cWrite(): i2c_master_transmit failed: [259] ESP_ERR_INVALID_STATE

[ 16633][E][esp32-hal-i2c-ng.c:275] i2cWrite(): i2c_master_transmit failed: [259] ESP_ERR_INVALID_STATE

[ 16635][E][esp32-hal-i2c-ng.c:275] i2cWrite(): i2c_master_transmit failed: [259] ESP_ERR_INVALID_STATE

[ 16637][E][esp32-hal-i2c-ng.c:275] i2cWrite(): i2c_master_transmit failed: [259] ESP_ERR_INVALID_STATE

[ 16639][E][esp32-hal-i2c-ng.c:275] i2cWrite(): i2c_master_transmit failed: [259] ESP_ERR_INVALID_STATE

[ 16641][E][esp32-hal-i2c-ng.c:275] i2cWrite(): i2c_master_transmit failed: [259] ESP_ERR_INVALID_STATE

[ 16643][E][esp32-hal-i2c-ng.c:275] i2cWrite(): i2c_master_transmit failed: [259] ESP_ERR_INVALID_STATE

[ 16645][E][esp32-hal-i2c-ng.c:275] i2cWrite(): i2c_master_transmit failed: [259] ESP_ERR_INVALID_STATE

[ 16647][E][esp32-hal-i2c-ng.c:275] i2cWrite(): i2c_master_transmit failed: [259] ESP_ERR_INVALID_STATE

[ 16649][E][esp32-hal-i2c-ng.c:275] i2cWrite(): i2c_master_transmit failed: [259] ESP_ERR_INVALID_STATE

[ 16651][E][esp32-hal-i2c-ng.c:275] i2cWrite(): i2c_master_transmit failed: [259] ESP_ERR_INVALID_STATE

[ 16653][E][esp32-hal-i2c-ng.c:275] i2cWrite(): i2c_master_transmit failed: [259] ESP_ERR_INVALID_STATE

[ 16655][E][esp32-hal-i2c-ng.c:275] i2cWrite(): i2c_master_transmit failed: [259] ESP_ERR_INVALID_STATE

[ 16657][E][esp32-hal-i2c-ng.c:275] i2cWrite(): i2c_master_transmit failed: [259] ESP_ERR_INVALID_STATE

[ 16659][E][esp32-hal-i2c-ng.c:275] i2cWrite(): i2c_master_transmit failed: [259] ESP_ERR_INVALID_STATE

[ 16661][E][esp32-hal-i2c-ng.c:275] i2cWrite(): i2c_master_transmit failed: [259] ESP_ERR_INVALID_STATE

[ 16663][E][esp32-hal-i2c-ng.c:275] i2cWrite(): i2c_master_transmit failed: [259] ESP_ERR_INVALID_STATE

[ 16665][E][esp32-hal-i2c-ng.c:275] i2cWrite(): i2c_master_transmit failed: [259] ESP_ERR_INVALID_STATE

[ 16667][E][esp32-hal-i2c-ng.c:275] i2cWrite(): i2c_master_transmit failed: [259] ESP_ERR_INVALID_STATE

[ 16669][E][esp32-hal-i2c-ng.c:275] i2cWrite(): i2c_master_transmit failed: [259] ESP_ERR_INVALID_STATE

[ 16671][E][esp32-hal-i2c-ng.c:275] i2cWrite(): i2c_master_transmit failed: [259] ESP_ERR_INVALID_STATE

[ 16673][E][esp32-hal-i2c-ng.c:275] i2cWrite(): i2c_master_transmit failed: [259] ESP_ERR_INVALID_STATE

[ 16675][E][esp32-hal-i2c-ng.c:275] i2cWrite(): i2c_master_transmit failed: [259] ESP_ERR_INVALID_STATE

[ 16677][E][esp32-hal-i2c-ng.c:275] i2cWrite(): i2c_master_transmit failed: [259] ESP_ERR_INVALID_STATE

[ 16679][E][esp32-hal-i2c-ng.c:275] i2cWrite(): i2c_master_transmit failed: [259] ESP_ERR_INVALID_STATE

[ 16681][E][esp32-hal-i2c-ng.c:275] i2cWrite(): i2c_master_transmit failed: [259] ESP_ERR_INVALID_STATE

[ 16683][E][esp32-hal-i2c-ng.c:275] i2cWrite(): i2c_master_transmit failed: [259] ESP_ERR_INVALID_STATE

[ 16685][E][esp32-hal-i2c-ng.c:275] i2cWrite(): i2c_master_transmit failed: [259] ESP_ERR_INVALID_STATE

[ 16687][E][esp32-hal-i2c-ng.c:275] i2cWrite(): i2c_master_transmit failed: [259] ESP_ERR_INVALID_STATE

[ 16689][E][esp32-hal-i2c-ng.c:275] i2cWrite(): i2c_master_transmit failed: [259] ESP_ERR_INVALID_STATE

[ 16691][E][esp32-hal-i2c-ng.c:275] i2cWrite(): i2c_master_transmit failed: [259] ESP_ERR_INVALID_STATE

[ 16693][E][esp32-hal-i2c-ng.c:275] i2cWrite(): i2c_master_transmit failed: [259] ESP_ERR_INVALID_STATE

[ 16695][E][esp32-hal-i2c-ng.c:275] i2cWrite(): i2c_master_transmit failed: [259] ESP_ERR_INVALID_STATE

[ 16697][E][esp32-hal-i2c-ng.c:275] i2cWrite(): i2c_master_transmit failed: [259] ESP_ERR_INVALID_STATE

[ 16699][E][esp32-hal-i2c-ng.c:275] i2cWrite(): i2c_master_transmit failed: [259] ESP_ERR_INVALID_STATE

[ 16701][E][esp32-hal-i2c-ng.c:275] i2cWrite(): i2c_master_transmit failed: [259] ESP_ERR_INVALID_STATE

[ 16703][E][esp32-hal-i2c-ng.c:275] i2cWrite(): i2c_master_transmit failed: [259] ESP_ERR_INVALID_STATE

[ 16705][E][esp32-hal-i2c-ng.c:275] i2cWrite(): i2c_master_transmit failed: [259] ESP_ERR_INVALID_STATE

[ 16707][E][esp32-hal-i2c-ng.c:275] i2cWrite(): i2c_master_transmit failed: [259] ESP_ERR_INVALID_STATE

[ 16709][E][esp32-hal-i2c-ng.c:275] i2cWrite(): i2c_master_transmit failed: [259] ESP_ERR_INVALID_STATE

[ 16711][E][esp32-hal-i2c-ng.c:275] i2cWrite(): i2c_master_transmit failed: [259] ESP_ERR_INVALID_STATE

[ 16713][E][esp32-hal-i2c-ng.c:275] i2cWrite(): i2c_master_transmit failed: [259] ESP_ERR_INVALID_STATE

[ 16715][E][esp32-hal-i2c-ng.c:275] i2cWrite(): i2c_master_transmit failed: [259] ESP_ERR_INVALID_STATE

[ 16717][E][esp32-hal-i2c-ng.c:275] i2cWrite(): i2c_master_transmit failed: [259] ESP_ERR_INVALID_STATE

[ 16719][E][esp32-hal-i2c-ng.c:275] i2cWrite(): i2c_master_transmit failed: [259] ESP_ERR_INVALID_STATE

[ 16721][E][esp32-hal-i2c-ng.c:275] i2cWrite(): i2c_master_transmit failed: [259] ESP_ERR_INVALID_STATE

[ 16723][E][esp32-hal-i2c-ng.c:275] i2cWrite(): i2c_master_transmit failed: [259] ESP_ERR_INVALID_STATE

[ 16725][E][esp32-hal-i2c-ng.c:275] i2cWrite(): i2c_master_transmit failed: [259] ESP_ERR_INVALID_STATE

[ 16727][E][esp32-hal-i2c-ng.c:275] i2cWrite(): i2c_master_transmit failed: [259] ESP_ERR_INVALID_STATE

[ 16729][E][esp32-hal-i2c-ng.c:275] i2cWrite(): i2c_master_transmit failed: [259] ESP_ERR_INVALID_STATE

[ 16731][E][esp32-hal-i2c-ng.c:275] i2cWrite(): i2c_master_transmit failed: [259] ESP_ERR_INVALID_STATE

[ 16733][E][esp32-hal-i2c-ng.c:275] i2cWrite(): i2c_master_transmit failed: [259] ESP_ERR_INVALID_STATE

[ 16735][E][esp32-hal-i2c-ng.c:275] i2cWrite(): i2c_master_transmit failed: [259] ESP_ERR_INVALID_STATE

[ 16737][E][esp32-hal-i2c-ng.c:275] i2cWrite(): i2c_master_transmit failed: [259] ESP_ERR_INVALID_STATE

[ 16739][E][esp32-hal-i2c-ng.c:275] i2cWrite(): i2c_master_transmit failed: [259] ESP_ERR_INVALID_STATE

[ 16741][E][esp32-hal-i2c-ng.c:275] i2cWrite(): i2c_master_transmit failed: [259] ESP_ERR_INVALID_STATE

[ 16743][E][esp32-hal-i2c-ng.c:275] i2cWrite(): i2c_master_transmit failed: [259] ESP_ERR_INVALID_STATE

[ 16745][E][esp32-hal-i2c-ng.c:275] i2cWrite(): i2c_master_transmit failed: [259] ESP_ERR_INVALID_STATE

[ 16747][E][esp32-hal-i2c-ng.c:275] i2cWrite(): i2c_master_transmit failed: [259] ESP_ERR_INVALID_STATE

[ 16749][E][esp32-hal-i2c-ng.c:275] i2cWrite(): i2c_master_transmit failed: [259] ESP_ERR_INVALID_STATE

[ 16751][E][esp32-hal-i2c-ng.c:275] i2cWrite(): i2c_master_transmit failed: [259] ESP_ERR_INVALID_STATE

[ 16753][E][esp32-hal-i2c-ng.c:275] i2cWrite(): i2c_master_transmit failed: [259] ESP_ERR_INVALID_STATE

[ 16755][E][esp32-hal-i2c-ng.c:275] i2cWrite(): i2c_master_transmit failed: [259] ESP_ERR_INVALID_STATE

[ 16757][E][esp32-hal-i2c-ng.c:275] i2cWrite(): i2c_master_transmit failed: [259] ESP_ERR_INVALID_STATE

[ 16759][E][esp32-hal-i2c-ng.c:275] i2cWrite(): i2c_master_transmit failed: [259] ESP_ERR_INVALID_STATE

[ 16761][E][esp32-hal-i2c-ng.c:275] i2cWrite(): i2c_master_transmit failed: [259] ESP_ERR_INVALID_STATE

[ 16763][E][esp32-hal-i2c-ng.c:275] i2cWrite(): i2c_master_transmit failed: [259] ESP_ERR_INVALID_STATE

[ 16765][E][esp32-hal-i2c-ng.c:275] i2cWrite(): i2c_master_transmit failed: [259] ESP_ERR_INVALID_STATE

[ 16767][E][esp32-hal-i2c-ng.c:275] i2cWrite(): i2c_master_transmit failed: [259] ESP_ERR_INVALID_STATE

[ 16769][E][esp32-hal-i2c-ng.c:275] i2cWrite(): i2c_master_transmit failed: [259] ESP_ERR_INVALID_STATE

[ 16771][E][esp32-hal-i2c-ng.c:275] i2cWrite(): i2c_master_transmit failed: [259] ESP_ERR_INVALID_STATE

[ 16773][E][esp32-hal-i2c-ng.c:275] i2cWrite(): i2c_master_transmit failed: [259] ESP_ERR_INVALID_STATE

[ 16775][E][esp32-hal-i2c-ng.c:275] i2cWrite(): i2c_master_transmit failed: [259] ESP_ERR_INVALID_STATE

[ 16777][E][esp32-hal-i2c-ng.c:275] i2cWrite(): i2c_master_transmit failed: [259] ESP_ERR_INVALID_STATE

[ 16779][E][esp32-hal-i2c-ng.c:275] i2cWrite(): i2c_master_transmit failed: [259] ESP_ERR_INVALID_STATE

[ 16781][E][esp32-hal-i2c-ng.c:275] i2cWrite(): i2c_master_transmit failed: [259] ESP_ERR_INVALID_STATE

[ 16783][E][esp32-hal-i2c-ng.c:275] i2cWrite(): i2c_master_transmit failed: [259] ESP_ERR_INVALID_STATE

[ 16785][E][esp32-hal-i2c-ng.c:275] i2cWrite(): i2c_master_transmit failed: [259] ESP_ERR_INVALID_STATE

[ 16787][E][esp32-hal-i2c-ng.c:275] i2cWrite(): i2c_master_transmit failed: [259] ESP_ERR_INVALID_STATE

[ 16789][E][esp32-hal-i2c-ng.c:275] i2cWrite(): i2c_master_transmit failed: [259] ESP_ERR_INVALID_STATE

[ 16791][E][esp32-hal-i2c-ng.c:275] i2cWrite(): i2c_master_transmit failed: [259] ESP_ERR_INVALID_STATE

[ 16793][E][esp32-hal-i2c-ng.c:275] i2cWrite(): i2c_master_transmit failed: [259] ESP_ERR_INVALID_STATE

[ 16795][E][esp32-hal-i2c-ng.c:275] i2cWrite(): i2c_master_transmit failed: [259] ESP_ERR_INVALID_STATE

[ 16797][E][esp32-hal-i2c-ng.c:275] i2cWrite(): i2c_master_transmit failed: [259] ESP_ERR_INVALID_STATE

[ 16799][E][esp32-hal-i2c-ng.c:275] i2cWrite(): i2c_master_transmit failed: [259] ESP_ERR_INVALID_STATE

[ 16801][E][esp32-hal-i2c-ng.c:275] i2cWrite(): i2c_master_transmit failed: [259] ESP_ERR_INVALID_STATE

[ 16803][E][esp32-hal-i2c-ng.c:275] i2cWrite(): i2c_master_transmit failed: [259] ESP_ERR_INVALID_STATE

[ 16805][E][esp32-hal-i2c-ng.c:275] i2cWrite(): i2c_master_transmit failed: [259] ESP_ERR_INVALID_STATE

[ 16807][E][esp32-hal-i2c-ng.c:275] i2cWrite(): i2c_master_transmit failed: [259] ESP_ERR_INVALID_STATE

[ 16809][E][esp32-hal-i2c-ng.c:275] i2cWrite(): i2c_master_transmit failed: [259] ESP_ERR_INVALID_STATE

[ 16811][E][esp32-hal-i2c-ng.c:275] i2cWrite(): i2c_master_transmit failed: [259] ESP_ERR_INVALID_STATE

[ 16813][E][esp32-hal-i2c-ng.c:275] i2cWrite(): i2c_master_transmit failed: [259] ESP_ERR_INVALID_STATE

[ 16815][E][esp32-hal-i2c-ng.c:275] i2cWrite(): i2c_master_transmit failed: [259] ESP_ERR_INVALID_STATE

[ 16817][E][esp32-hal-i2c-ng.c:275] i2cWrite(): i2c_master_transmit failed: [259] ESP_ERR_INVALID_STATE

[ 16819][E][esp32-hal-i2c-ng.c:275] i2cWrite(): i2c_master_transmit failed: [259] ESP_ERR_INVALID_STATE

[ 16821][E][esp32-hal-i2c-ng.c:275] i2cWrite(): i2c_master_transmit failed: [259] ESP_ERR_INVALID_STATE

[ 16823][E][esp32-hal-i2c-ng.c:275] i2cWrite(): i2c_master_transmit failed: [259] ESP_ERR_INVALID_STATE

[ 16825][E][esp32-hal-i2c-ng.c:275] i2cWrite(): i2c_master_transmit failed: [259] ESP_ERR_INVALID_STATE

[ 16827][E][esp32-hal-i2c-ng.c:275] i2cWrite(): i2c_master_transmit failed: [259] ESP_ERR_INVALID_STATE

[ 16829][E][esp32-hal-i2c-ng.c:275] i2cWrite(): i2c_master_transmit failed: [259] ESP_ERR_INVALID_STATE

[ 16831][E][esp32-hal-i2c-ng.c:275] i2cWrite(): i2c_master_transmit failed: [259] ESP_ERR_INVALID_STATE

[ 16833][E][esp32-hal-i2c-ng.c:275] i2cWrite(): i2c_master_transmit failed: [259] ESP_ERR_INVALID_STATE

[ 16835][E][esp32-hal-i2c-ng.c:275] i2cWrite(): i2c_master_transmit failed: [259] ESP_ERR_INVALID_STATE

[ 16837][E][esp32-hal-i2c-ng.c:275] i2cWrite(): i2c_master_transmit failed: [259] ESP_ERR_INVALID_STATE

[ 16839][E][esp32-hal-i2c-ng.c:275] i2cWrite(): i2c_master_transmit failed: [259] ESP_ERR_INVALID_STATE

[ 16841][E][esp32-hal-i2c-ng.c:275] i2cWrite(): i2c_master_transmit failed: [259] ESP_ERR_INVALID_STATE

[ 16843][E][esp32-hal-i2c-ng.c:275] i2cWrite(): i2c_master_transmit failed: [259] ESP_ERR_INVALID_STATE

[ 16845][E][esp32-hal-i2c-ng.c:275] i2cWrite(): i2c_master_transmit failed: [259] ESP_ERR_INVALID_STATE

[ 16847][E][esp32-hal-i2c-ng.c:275] i2cWrite(): i2c_master_transmit failed: [259] ESP_ERR_INVALID_STATE

[ 16849][E][esp32-hal-i2c-ng.c:275] i2cWrite(): i2c_master_transmit failed: [259] ESP_ERR_INVALID_STATE

[ 16851][E][esp32-hal-i2c-ng.c:275] i2cWrite(): i2c_master_transmit failed: [259] ESP_ERR_INVALID_STATE

[ 16853][E][esp32-hal-i2c-ng.c:275] i2cWrite(): i2c_master_transmit failed: [259] ESP_ERR_INVALID_STATE

[ 16855][E][esp32-hal-i2c-ng.c:275] i2cWrite(): i2c_master_transmit failed: [259] ESP_ERR_INVALID_STATE

[ 16857][E][esp32-hal-i2c-ng.c:275] i2cWrite(): i2c_master_transmit failed: [259] ESP_ERR_INVALID_STATE

[ 16859][E][esp32-hal-i2c-ng.c:275] i2cWrite(): i2c_master_transmit failed: [259] ESP_ERR_INVALID_STATE

[[ 16861][E][esp32-hal-i2c-ng.c:275] i2cWrite(): i2c_master_transmit failed: [259] ESP_ERR_INVALID_STATE

 16861][I][main.cpp:574] vTaskLogData(): [NaMa] AL12: Pus:

[ 16863][E][esp32-hal-i2c-ng.c:275] i2cWrite(): i2c_master_transmit failed: [259] ESP_ERR_INVALID_STATE

[ 16865][E][esp32-hal-i2c-ng.c:275] i2cWrite(): i2c_master_transmit failed: [259] ESP_ERR_INVALID_STATE

[ 16867][E][esp32-hal-i2c-ng.c:275] i2cWrite(): i2c_master_transmit failed: [259] ESP_ERR_INVALID_STATE

[ 16869][E][esp32-hal-i2c-ng.c:275] i2cWrite(): i2c_master_transmit failed: [259] ESP_ERR_INVALID_STATE

[ 16871][E][esp32-hal-i2c-ng.c:275] i2cWrite(): i2c_master_transmit failed: [259] ESP_ERR_INVALID_STATE

[ 16873][E][esp32-hal-i2c-ng.c:275] i2cWrite(): i2c_master_transmit failed: [259] ESP_ERR_INVALID_STATE

[ 16875][E][esp32-hal-i2c-ng.c:275] i2cWrite(): i2c_master_transmit failed: [259] ESP_ERR_INVALID_STATE

[ 16877][E][esp32-hal-i2c-ng.c:275] i2cWrite(): i2c_master_transmit failed: [259] ESP_ERR_INVALID_STATE

[ 16879][E][esp32-hal-i2c-ng.c:275] i2cWrite(): i2c_master_transmit failed: [259] ESP_ERR_INVALID_STATE

[ 16881][E][esp32-hal-i2c-ng.c:275] i2cWrite(): i2c_master_transmit failed: [259] ESP_ERR_INVALID_STATE

[ 16883][E][esp32-hal-i2c-ng.c:275] i2cWrite(): i2c_master_transmit failed: [259] ESP_ERR_INVALID_STATE

[ 16885][E][esp32-hal-i2c-ng.c:275] i2cWrite(): i2c_master_transmit failed: [259] ESP_ERR_INVALID_STATE

[ 16887][E][esp32-hal-i2c-ng.c:275] i2cWrite(): i2c_master_transmit failed: [259] ESP_ERR_INVALID_STATE

[ 16889][E][esp32-hal-i2c-ng.c:275] i2cWrite(): i2c_master_transmit failed: [259] ESP_ERR_INVALID_STATE

[ 16891][E][esp32-hal-i2c-ng.c:275] i2cWrite(): i2c_master_transmit failed: [259] ESP_ERR_INVALID_STATE

[ 16893][E][esp32-hal-i2c-ng.c:275] i2cWrite(): i2c_master_transmit failed: [259] ESP_ERR_INVALID_STATE

[ 16895][E][esp32-hal-i2c-ng.c:275] i2cWrite(): i2c_master_transmit failed: [259] ESP_ERR_INVALID_STATE

[ 16897][E][esp32-hal-i2c-ng.c:275] i2cWrite(): i2c_master_transmit failed: [259] ESP_ERR_INVALID_STATE

[ 16899][E][esp32-hal-i2c-ng.c:275] i2cWrite(): i2c_master_transmit failed: [259] ESP_ERR_INVALID_STATE

[ 16901][E][esp32-hal-i2c-ng.c:275] i2cWrite(): i2c_master_transmit failed: [259] ESP_ERR_INVALID_STATE

[ 16903][E][esp32-hal-i2c-ng.c:275] i2cWrite(): i2c_master_transmit failed: [259] ESP_ERR_INVALID_STATE

[ 16905][E][esp32-hal-i2c-ng.c:275] i2cWrite(): i2c_master_transmit failed: [259] ESP_ERR_INVALID_STATE

[ 16907][E][esp32-hal-i2c-ng.c:275] i2cWrite(): i2c_master_transmit failed: [259] ESP_ERR_INVALID_STATE

[ 16909][E][esp32-hal-i2c-ng.c:275] i2cWrite(): i2c_master_transmit failed: [259] ESP_ERR_INVALID_STATE

[ 16911][E][esp32-hal-i2c-ng.c:275] i2cWrite(): i2c_master_transmit failed: [259] ESP_ERR_INVALID_STATE

[ 16913][E][esp32-hal-i2c-ng.c:275] i2cWrite(): i2c_master_transmit failed: [259] ESP_ERR_INVALID_STATE

[ 16915][E][esp32-hal-i2c-ng.c:275] i2cWrite(): i2c_master_transmit failed: [259] ESP_ERR_INVALID_STATE

[ 16917][E][esp32-hal-i2c-ng.c:275] i2cWrite(): i2c_master_transmit failed: [259] ESP_ERR_INVALID_STATE

[ 16919][E][esp32-hal-i2c-ng.c:275] i2cWrite(): i2c_master_transmit failed: [259] ESP_ERR_INVALID_STATE

[ 16921][E][esp32-hal-i2c-ng.c:275] i2cWrite(): i2c_master_transmit failed: [259] ESP_ERR_INVALID_STATE

[ 16923][E][esp32-hal-i2c-ng.c:275] i2cWrite(): i2c_master_transmit failed: [259] ESP_ERR_INVALID_STATE

[ 16925][E][esp32-hal-i2c-ng.c:275] i2cWrite(): i2c_master_transmit failed: [259] ESP_ERR_INVALID_STATE

[ 16927][E][esp32-hal-i2c-ng.c:275] i2cWrite(): i2c_master_transmit failed: [259] ESP_ERR_INVALID_STATE

[ 16929][E][esp32-hal-i2c-ng.c:275] i2cWrite(): i2c_master_transmit failed: [259] ESP_ERR_INVALID_STATE

[ 16931][E][esp32-hal-i2c-ng.c:275] i2cWrite(): i2c_master_transmit failed: [259] ESP_ERR_INVALID_STATE

[ 16933][E][esp32-hal-i2c-ng.c:275] i2cWrite(): i2c_master_transmit failed: [259] ESP_ERR_INVALID_STATE

[ 16935][E][esp32-hal-i2c-ng.c:275] i2cWrite(): i2c_master_transmit failed: [259] ESP_ERR_INVALID_STATE

[ 16937][E][esp32-hal-i2c-ng.c:275] i2cWrite(): i2c_master_transmit failed: [259] ESP_ERR_INVALID_STATE

[ 16939][E][esp32-hal-i2c-ng.c:275] i2cWrite(): i2c_master_transmit failed: [259] ESP_ERR_INVALID_STATE

[ 16941][E][esp32-hal-i2c-ng.c:275] i2cWrite(): i2c_master_transmit failed: [259] ESP_ERR_INVALID_STATE

[ 16943][E][esp32-hal-i2c-ng.c:275] i2cWrite(): i2c_master_transmit failed: [259] ESP_ERR_INVALID_STATE

[ 16945][E][esp32-hal-i2c-ng.c:275] i2cWrite(): i2c_master_transmit failed: [259] ESP_ERR_INVALID_STATE

[ 16947][E][esp32-hal-i2c-ng.c:275] i2cWrite(): i2c_master_transmit failed: [259] ESP_ERR_INVALID_STATE

[ 16949][E][esp32-hal-i2c-ng.c:275] i2cWrite(): i2c_master_transmit failed: [259] ESP_ERR_INVALID_STATE

[ 16951][E][esp32-hal-i2c-ng.c:275] i2cWrite(): i2c_master_transmit failed: [259] ESP_ERR_INVALID_STATE

[ 16953][E][esp32-hal-i2c-ng.c:275] i2cWrite(): i2c_master_transmit failed: [259] ESP_ERR_INVALID_STATE

[ 16955][E][esp32-hal-i2c-ng.c:275] i2cWrite(): i2c_master_transmit failed: [259] ESP_ERR_INVALID_STATE

[ 16957][E][esp32-hal-i2c-ng.c:275] i2cWrite(): i2c_master_transmit failed: [259] ESP_ERR_INVALID_STATE

[ 16959][E][esp32-hal-i2c-ng.c:275] i2cWrite(): i2c_master_transmit failed: [259] ESP_ERR_INVALID_STATE

[ 16961][E][esp32-hal-i2c-ng.c:275] i2cWrite(): i2c_master_transmit failed: [259] ESP_ERR_INVALID_STATE

[ 16963][E][esp32-hal-i2c-ng.c:275] i2cWrite(): i2c_master_transmit failed: [259] ESP_ERR_INVALID_STATE

[ 16965][E][esp32-hal-i2c-ng.c:275] i2cWrite(): i2c_master_transmit failed: [259] ESP_ERR_INVALID_STATE

[ 16967][E][esp32-hal-i2c-ng.c:275] i2cWrite(): i2c_master_transmit failed: [259] ESP_ERR_INVALID_STATE

[ 16969][E][esp32-hal-i2c-ng.c:275] i2cWrite(): i2c_master_transmit failed: [259] ESP_ERR_INVALID_STATE

[ 16971][E][esp32-hal-i2c-ng.c:275] i2cWrite(): i2c_master_transmit failed: [259] ESP_ERR_INVALID_STATE

[ 16973][E][esp32-hal-i2c-ng.c:275] i2cWrite(): i2c_master_transmit failed: [259] ESP_ERR_INVALID_STATE

[ 16975][E][esp32-hal-i2c-ng.c:275] i2cWrite(): i2c_master_transmit failed: [259] ESP_ERR_INVALID_STATE

[ 16977][E][esp32-hal-i2c-ng.c:275] i2cWrite(): i2c_master_transmit failed: [259] ESP_ERR_INVALID_STATE

[ 16979][E][esp32-hal-i2c-ng.c:275] i2cWrite(): i2c_master_transmit failed: [259] ESP_ERR_INVALID_STATE

[ 16981][E][esp32-hal-i2c-ng.c:275] i2cWrite(): i2c_master_transmit failed: [259] ESP_ERR_INVALID_STATE

[ 16983][E][esp32-hal-i2c-ng.c:275] i2cWrite(): i2c_master_transmit failed: [259] ESP_ERR_INVALID_STATE

[ 16985][E][esp32-hal-i2c-ng.c:275] i2cWrite(): i2c_master_transmit failed: [259] ESP_ERR_INVALID_STATE

[ 16987][E][esp32-hal-i2c-ng.c:275] i2cWrite(): i2c_master_transmit failed: [259] ESP_ERR_INVALID_STATE

[ 16989][E][esp32-hal-i2c-ng.c:275] i2cWrite(): i2c_master_transmit failed: [259] ESP_ERR_INVALID_STATE

[ 16991][E][esp32-hal-i2c-ng.c:275] i2cWrite(): i2c_master_transmit failed: [259] ESP_ERR_INVALID_STATE

[ 16993][E][esp32-hal-i2c-ng.c:275] i2cWrite(): i2c_master_transmit failed: [259] ESP_ERR_INVALID_STATE

[ 16995][E][esp32-hal-i2c-ng.c:275] i2cWrite(): i2c_master_transmit failed: [259] ESP_ERR_INVALID_STATE

[ 16997][E][esp32-hal-i2c-ng.c:275] i2cWrite(): i2c_master_transmit failed: [259] ESP_ERR_INVALID_STATE

[ 16999][E][esp32-hal-i2c-ng.c:275] i2cWrite(): i2c_master_transmit failed: [259] ESP_ERR_INVALID_STATE

[ 17001][E][esp32-hal-i2c-ng.c:275] i2cWrite(): i2c_master_transmit failed: [259] ESP_ERR_INVALID_STATE

[ 17003][E][esp32-hal-i2c-ng.c:275] i2cWrite(): i2c_master_transmit failed: [259] ESP_ERR_INVALID_STATE

[ 17005][E][esp32-hal-i2c-ng.c:275] i2cWrite(): i2c_master_transmit failed: [259] ESP_ERR_INVALID_STATE

[ 17007][E][esp32-hal-i2c-ng.c:275] i2cWrite(): i2c_master_transmit failed: [259] ESP_ERR_INVALID_STATE

[ 17009][E][esp32-hal-i2c-ng.c:275] i2cWrite(): i2c_master_transmit failed: [259] ESP_ERR_INVALID_STATE

[ 17011][E][esp32-hal-i2c-ng.c:275] i2cWrite(): i2c_master_transmit failed: [259] ESP_ERR_INVALID_STATE

[ 17013][E][esp32-hal-i2c-ng.c:275] i2cWrite(): i2c_master_transmit failed: [259] ESP_ERR_INVALID_STATE

[ 17015][E][esp32-hal-i2c-ng.c:275] i2cWrite(): i2c_master_transmit failed: [259] ESP_ERR_INVALID_STATE

[ 17017][E][esp32-hal-i2c-ng.c:275] i2cWrite(): i2c_master_transmit failed: [259] ESP_ERR_INVALID_STATE

[ 17019][E][esp32-hal-i2c-ng.c:275] i2cWrite(): i2c_master_transmit failed: [259] ESP_ERR_INVALID_STATE

[ 17021][E][esp32-hal-i2c-ng.c:275] i2cWrite(): i2c_master_transmit failed: [259] ESP_ERR_INVALID_STATE

[ 17023][E][esp32-hal-i2c-ng.c:275] i2cWrite(): i2c_master_transmit failed: [259] ESP_ERR_INVALID_STATE

[ 17025][E][esp32-hal-i2c-ng.c:275] i2cWrite(): i2c_master_transmit failed: [259] ESP_ERR_INVALID_STATE

[ 17027][E][esp32-hal-i2c-ng.c:275] i2cWrite(): i2c_master_transmit failed: [259] ESP_ERR_INVALID_STATE

[ 17029][E][esp32-hal-i2c-ng.c:275] i2cWrite(): i2c_master_transmit failed: [259] ESP_ERR_INVALID_STATE

[ 17031][E][esp32-hal-i2c-ng.c:275] i2cWrite(): i2c_master_transmit failed: [259] ESP_ERR_INVALID_STATE

[ 17033][E][esp32-hal-i2c-ng.c:275] i2cWrite(): i2c_master_transmit failed: [259] ESP_ERR_INVALID_STATE

[ 17035][E][esp32-hal-i2c-ng.c:275] i2cWrite(): i2c_master_transmit failed: [259] ESP_ERR_INVALID_STATE

[ 17037][E][esp32-hal-i2c-ng.c:275] i2cWrite(): i2c_master_transmit failed: [259] ESP_ERR_INVALID_STATE

[ 17039][E][esp32-hal-i2c-ng.c:275] i2cWrite(): i2c_master_transmit failed: [259] ESP_ERR_INVALID_STATE

[ 17041][E][esp32-hal-i2c-ng.c:275] i2cWrite(): i2c_master_transmit failed: [259] ESP_ERR_INVALID_STATE

[ 17043][E][esp32-hal-i2c-ng.c:275] i2cWrite(): i2c_master_transmit failed: [259] ESP_ERR_INVALID_STATE

[ 17045][E][esp32-hal-i2c-ng.c:275] i2cWrite(): i2c_master_transmit failed: [259] ESP_ERR_INVALID_STATE

[ 17047][E][esp32-hal-i2c-ng.c:275] i2cWrite(): i2c_master_transmit failed: [259] ESP_ERR_INVALID_STATE

[ 17049][E][esp32-hal-i2c-ng.c:275] i2cWrite(): i2c_master_transmit failed: [259] ESP_ERR_INVALID_STATE

[ 17051][E][esp32-hal-i2c-ng.c:275] i2cWrite(): i2c_master_transmit failed: [259] ESP_ERR_INVALID_STATE

[ 17053][E][esp32-hal-i2c-ng.c:275] i2cWrite(): i2c_master_transmit failed: [259] ESP_ERR_INVALID_STATE

[ 17055][E][esp32-hal-i2c-ng.c:275] i2cWrite(): i2c_master_transmit failed: [259] ESP_ERR_INVALID_STATE

[ 17057][E][esp32-hal-i2c-ng.c:275] i2cWrite(): i2c_master_transmit failed: [259] ESP_ERR_INVALID_STATE

[ 17059][E][esp32-hal-i2c-ng.c:275] i2cWrite(): i2c_master_transmit failed: [259] ESP_ERR_INVALID_STATE

[ 17061][E][esp32-hal-i2c-ng.c:275] i2cWrite(): i2c_master_transmit failed: [259] ESP_ERR_INVALID_STATE

[ 17063][E][esp32-hal-i2c-ng.c:275] i2cWrite(): i2c_master_transmit failed: [259] ESP_ERR_INVALID_STATE

[ 17065][E][esp32-hal-i2c-ng.c:275] i2cWrite(): i2c_master_transmit failed: [259] ESP_ERR_INVALID_STATE

[ 17067][E][esp32-hal-i2c-ng.c:275] i2cWrite(): i2c_master_transmit failed: [259] ESP_ERR_INVALID_STATE

[ 17069][E][esp32-hal-i2c-ng.c:275] i2cWrite(): i2c_master_transmit failed: [259] ESP_ERR_INVALID_STATE

[ 17071][E][esp32-hal-i2c-ng.c:275] i2cWrite(): i2c_master_transmit failed: [259] ESP_ERR_INVALID_STATE

[ 17073][E][esp32-hal-i2c-ng.c:275] i2cWrite(): i2c_master_transmit failed: [259] ESP_ERR_INVALID_STATE

[ 17075][E][esp32-hal-i2c-ng.c:275] i2cWrite(): i2c_master_transmit failed: [259] ESP_ERR_INVALID_STATE

[ 17077][E][esp32-hal-i2c-ng.c:275] i2cWrite(): i2c_master_transmit failed: [259] ESP_ERR_INVALID_STATE

[ 17079][E][esp32-hal-i2c-ng.c:275] i2cWrite(): i2c_master_transmit failed: [259] ESP_ERR_INVALID_STATE

[ 17081][E][esp32-hal-i2c-ng.c:275] i2cWrite(): i2c_master_transmit failed: [259] ESP_ERR_INVALID_STATE

[ 17083][E][esp32-hal-i2c-ng.c:275] i2cWrite(): i2c_master_transmit failed: [259] ESP_ERR_INVALID_STATE

[ 17085][E][esp32-hal-i2c-ng.c:275] i2cWrite(): i2c_master_transmit failed: [259] ESP_ERR_INVALID_STATE

[ 17087][E][esp32-hal-i2c-ng.c:275] i2cWrite(): i2c_master_transmit failed: [259] ESP_ERR_INVALID_STATE

[ 17089][E][esp32-hal-i2c-ng.c:275] i2cWrite(): i2c_master_transmit failed: [259] ESP_ERR_INVALID_STATE

[ 17091][E][esp32-hal-i2c-ng.c:275] i2cWrite(): i2c_master_transmit failed: [259] ESP_ERR_INVALID_STATE

[ 17093][E][esp32-hal-i2c-ng.c:275] i2cWrite(): i2c_master_transmit failed: [259] ESP_ERR_INVALID_STATE

[ 17095][E][esp32-hal-i2c-ng.c:275] i2cWrite(): i2c_master_transmit failed: [259] ESP_ERR_INVALID_STATE

[ 17097][E][esp32-hal-i2c-ng.c:275] i2cWrite(): i2c_master_transmit failed: [259] ESP_ERR_INVALID_STATE

[ 17099][E][esp32-hal-i2c-ng.c:275] i2cWrite(): i2c_master_transmit failed: [259] ESP_ERR_INVALID_STATE

[ 17101][E][esp32-hal-i2c-ng.c:275] i2cWrite(): i2c_master_transmit failed: [259] ESP_ERR_INVALID_STATE

[ 17103][E][esp32-hal-i2c-ng.c:275] i2cWrite(): i2c_master_transmit failed: [259] ESP_ERR_INVALID_STATE

[ 17105][E][esp32-hal-i2c-ng.c:275] i2cWrite(): i2c_master_transmit failed: [259] ESP_ERR_INVALID_STATE

[ 17107][E][esp32-hal-i2c-ng.c:275] i2cWrite(): i2c_master_transmit failed: [259] ESP_ERR_INVALID_STATE

[ 17109][E][esp32-hal-i2c-ng.c:275] i2cWrite(): i2c_master_transmit failed: [259] ESP_ERR_INVALID_STATE

[ 17111][E][esp32-hal-i2c-ng.c:275] i2cWrite(): i2c_master_transmit failed: [259] ESP_ERR_INVALID_STATE

[ 17113][E][esp32-hal-i2c-ng.c:275] i2cWrite(): i2c_master_transmit failed: [259] ESP_ERR_INVALID_STATE

[ 17115][E][esp32-hal-i2c-ng.c:275] i2cWrite(): i2c_master_transmit failed: [259] ESP_ERR_INVALID_STATE

[ 17117][E][esp32-hal-i2c-ng.c:275] i2cWrite(): i2c_master_transmit failed: [259] ESP_ERR_INVALID_STATE

[ 17119][E][esp32-hal-i2c-ng.c:275] i2cWrite(): i2c_master_transmit failed: [259] ESP_ERR_INVALID_STATE

[ 17121][E][esp32-hal-i2c-ng.c:275] i2cWrite(): i2c_master_transmit failed: [259] ESP_ERR_INVALID_STATE

[ 17123][E][esp32-hal-i2c-ng.c:275] i2cWrite(): i2c_master_transmit failed: [259] ESP_ERR_INVALID_STATE

[ 17125][E][esp32-hal-i2c-ng.c:275] i2cWrite(): i2c_master_transmit failed: [259] ESP_ERR_INVALID_STATE

[ 17127][E][esp32-hal-i2c-ng.c:275] i2cWrite(): i2c_master_transmit failed: [259] ESP_ERR_INVALID_STATE

[ 17129][E][esp32-hal-i2c-ng.c:275] i2cWrite(): i2c_master_transmit failed: [259] ESP_ERR_INVALID_STATE

[ 17131][E][esp32-hal-i2c-ng.c:275] i2cWrite(): i2c_master_transmit failed: [259] ESP_ERR_INVALID_STATE

[ 17133][E][esp32-hal-i2c-ng.c:275] i2cWrite(): i2c_master_transmit failed: [259] ESP_ERR_INVALID_STATE

[ 17135][E][esp32-hal-i2c-ng.c:275] i2cWrite(): i2c_master_transmit failed: [259] ESP_ERR_INVALID_STATE

[ 17137][E][esp32-hal-i2c-ng.c:275] i2cWrite(): i2c_master_transmit failed: [259] ESP_ERR_INVALID_STATE

[ 17139][E][esp32-hal-i2c-ng.c:275] i2cWrite(): i2c_master_transmit failed: [259] ESP_ERR_INVALID_STATE

[ 17141][E][esp32-hal-i2c-ng.c:275] i2cWrite(): i2c_master_transmit failed: [259] ESP_ERR_INVALID_STATE

[ 17143][E][esp32-hal-i2c-ng.c:275] i2cWrite(): i2c_master_transmit failed: [259] ESP_ERR_INVALID_STATE

[ 17145][E][esp32-hal-i2c-ng.c:275] i2cWrite(): i2c_master_transmit failed: [259] ESP_ERR_INVALID_STATE

[ 17147][E][esp32-hal-i2c-ng.c:275] i2cWrite(): i2c_master_transmit failed: [259] ESP_ERR_INVALID_STATE

[ 17149][E][esp32-hal-i2c-ng.c:275] i2cWrite(): i2c_master_transmit failed: [259] ESP_ERR_INVALID_STATE

[ 17151][E][esp32-hal-i2c-ng.c:275] i2cWrite(): i2c_master_transmit failed: [259] ESP_ERR_INVALID_STATE

[ 17153][E][esp32-hal-i2c-ng.c:275] i2cWrite(): i2c_master_transmit failed: [259] ESP_ERR_INVALID_STATE

[ 17155][E][esp32-hal-i2c-ng.c:275] i2cWrite(): i2c_master_transmit failed: [259] ESP_ERR_INVALID_STATE

[ 17157][E][esp32-hal-i2c-ng.c:275] i2cWrite(): i2c_master_transmit failed: [259] ESP_ERR_INVALID_STATE

[ 17159][E][esp32-hal-i2c-ng.c:275] i2cWrite(): i2c_master_transmit failed: [259] ESP_ERR_INVALID_STATE

[ 17161][E][esp32-hal-i2c-ng.c:275] i2cWrite(): i2c_master_transmit failed: [259] ESP_ERR_INVALID_STATE

[ 17163][E][esp32-hal-i2c-ng.c:275] i2cWrite(): i2c_master_transmit failed: [259] ESP_ERR_INVALID_STATE

[ 17165][E][esp32-hal-i2c-ng.c:275] i2cWrite(): i2c_master_transmit failed: [259] ESP_ERR_INVALID_STATE

[ 17167][E][esp32-hal-i2c-ng.c:275] i2cWrite(): i2c_master_transmit failed: [259] ESP_ERR_INVALID_STATE

[ 17169][E][esp32-hal-i2c-ng.c:275] i2cWrite(): i2c_master_transmit failed: [259] ESP_ERR_INVALID_STATE

[ 17171][E][esp32-hal-i2c-ng.c:275] i2cWrite(): i2c_master_transmit failed: [259] ESP_ERR_INVALID_STATE

[ 17173][E][esp32-hal-i2c-ng.c:275] i2cWrite(): i2c_master_transmit failed: [259] ESP_ERR_INVALID_STATE

[ 17175][E][esp32-hal-i2c-ng.c:275] i2cWrite(): i2c_master_transmit failed: [259] ESP_ERR_INVALID_STATE

[ 17177][E][esp32-hal-i2c-ng.c:275] i2cWrite(): i2c_master_transmit failed: [259] ESP_ERR_INVALID_STATE

[ 17179][E][esp32-hal-i2c-ng.c:275] i2cWrite(): i2c_master_transmit failed: [259] ESP_ERR_INVALID_STATE

[ 17181][E][esp32-hal-i2c-ng.c:275] i2cWrite(): i2c_master_transmit failed: [259] ESP_ERR_INVALID_STATE

[ 17183][E][esp32-hal-i2c-ng.c:275] i2cWrite(): i2c_master_transmit failed: [259] ESP_ERR_INVALID_STATE

[ 17185][E][esp32-hal-i2c-ng.c:275] i2cWrite(): i2c_master_transmit failed: [259] ESP_ERR_INVALID_STATE

[ 17187][E][esp32-hal-i2c-ng.c:275] i2cWrite(): i2c_master_transmit failed: [259] ESP_ERR_INVALID_STATE

[ 17189][E][esp32-hal-i2c-ng.c:275] i2cWrite(): i2c_master_transmit failed: [259] ESP_ERR_INVALID_STATE

[ 17191][E][esp32-hal-i2c-ng.c:275] i2cWrite(): i2c_master_transmit failed: [259] ESP_ERR_INVALID_STATE

[ 17193][E][esp32-hal-i2c-ng.c:275] i2cWrite(): i2c_master_transmit failed: [259] ESP_ERR_INVALID_STATE

[ 17195][E][esp32-hal-i2c-ng.c:275] i2cWrite(): i2c_master_transmit failed: [259] ESP_ERR_INVALID_STATE

[ 17197][E][esp32-hal-i2c-ng.c:275] i2cWrite(): i2c_master_transmit failed: [259] ESP_ERR_INVALID_STATE

[ 17199][E][esp32-hal-i2c-ng.c:275] i2cWrite(): i2c_master_transmit failed: [259] ESP_ERR_INVALID_STATE

[ 17201][E][esp32-hal-i2c-ng.c:275] i2cWrite(): i2c_master_transmit failed: [259] ESP_ERR_INVALID_STATE

[ 17203][E][esp32-hal-i2c-ng.c:275] i2cWrite(): i2c_master_transmit failed: [259] ESP_ERR_INVALID_STATE

[ 17205][E][esp32-hal-i2c-ng.c:275] i2cWrite(): i2c_master_transmit failed: [259] ESP_ERR_INVALID_STATE

[ 17207][E][esp32-hal-i2c-ng.c:275] i2cWrite(): i2c_master_transmit failed: [259] ESP_ERR_INVALID_STATE

[ 17209][E][esp32-hal-i2c-ng.c:275] i2cWrite(): i2c_master_transmit failed: [259] ESP_ERR_INVALID_STATE

[ 17211][E][esp32-hal-i2c-ng.c:275] i2cWrite(): i2c_master_transmit failed: [259] ESP_ERR_INVALID_STATE

[ 17213][E][esp32-hal-i2c-ng.c:275] i2cWrite(): i2c_master_transmit failed: [259] ESP_ERR_INVALID_STATE

[ 17215][E][esp32-hal-i2c-ng.c:275] i2cWrite(): i2c_master_transmit failed: [259] ESP_ERR_INVALID_STATE

[ 17217][E][esp32-hal-i2c-ng.c:275] i2cWrite(): i2c_master_transmit failed: [259] ESP_ERR_INVALID_STATE

[ 17219][E][esp32-hal-i2c-ng.c:275] i2cWrite(): i2c_master_transmit failed: [259] ESP_ERR_INVALID_STATE

[ 17221][E][esp32-hal-i2c-ng.c:275] i2cWrite(): i2c_master_transmit failed: [259] ESP_ERR_INVALID_STATE

[ 17223][E][esp32-hal-i2c-ng.c:275] i2cWrite(): i2c_master_transmit failed: [259] ESP_ERR_INVALID_STATE

[ 17225][E][esp32-hal-i2c-ng.c:275] i2cWrite(): i2c_master_transmit failed: [259] ESP_ERR_INVALID_STATE

[ 17227][E][esp32-hal-i2c-ng.c:275] i2cWrite(): i2c_master_transmit failed: [259] ESP_ERR_INVALID_STATE

[ 17229][E][esp32-hal-i2c-ng.c:275] i2cWrite(): i2c_master_transmit failed: [259] ESP_ERR_INVALID_STATE

[ 17231][E][esp32-hal-i2c-ng.c:275] i2cWrite(): i2c_master_transmit failed: [259] ESP_ERR_INVALID_STATE

[ 17233][E][esp32-hal-i2c-ng.c:275] i2cWrite(): i2c_master_transmit failed: [259] ESP_ERR_INVALID_STATE

[ 17235][E][esp32-hal-i2c-ng.c:275] i2cWrite(): i2c_master_transmit failed: [259] ESP_ERR_INVALID_STATE

[ 17237][E][esp32-hal-i2c-ng.c:275] i2cWrite(): i2c_master_transmit failed: [259] ESP_ERR_INVALID_STATE

[ 17239][E][esp32-hal-i2c-ng.c:275] i2cWrite(): i2c_master_transmit failed: [259] ESP_ERR_INVALID_STATE

[ 17241][E][esp32-hal-i2c-ng.c:275] i2cWrite(): i2c_master_transmit failed: [259] ESP_ERR_INVALID_STATE

[ 17243][E][esp32-hal-i2c-ng.c:275] i2cWrite(): i2c_master_transmit failed: [259] ESP_ERR_INVALID_STATE

[ 17245][E][esp32-hal-i2c-ng.c:275] i2cWrite(): i2c_master_transmit failed: [259] ESP_ERR_INVALID_STATE

[ 17247][E][esp32-hal-i2c-ng.c:275] i2cWrite(): i2c_master_transmit failed: [259] ESP_ERR_INVALID_STATE

[ 17249][E][esp32-hal-i2c-ng.c:275] i2cWrite(): i2c_master_transmit failed: [259] ESP_ERR_INVALID_STATE

[ 17251][E][esp32-hal-i2c-ng.c:275] i2cWrite(): i2c_master_transmit failed: [259] ESP_ERR_INVALID_STATE

[ 17253][E][esp32-hal-i2c-ng.c:275] i2cWrite(): i2c_master_transmit failed: [259] ESP_ERR_INVALID_STATE

[ 17255][E][esp32-hal-i2c-ng.c:275] i2cWrite(): i2c_master_transmit failed: [259] ESP_ERR_INVALID_STATE

[ 17257][E][esp32-hal-i2c-ng.c:275] i2cWrite(): i2c_master_transmit failed: [259] ESP_ERR_INVALID_STATE

[ 17259][E][esp32-hal-i2c-ng.c:275] i2cWrite(): i2c_master_transmit failed: [259] ESP_ERR_INVALID_STATE

[ 17261][E][esp32-hal-i2c-ng.c:275] i2cWrite(): i2c_master_transmit failed: [259] ESP_ERR_INVALID_STATE

[ 17263][E][esp32-hal-i2c-ng.c:275] i2cWrite(): i2c_master_transmit failed: [259] ESP_ERR_INVALID_STATE

[ 17265][E][esp32-hal-i2c-ng.c:275] i2cWrite(): i2c_master_transmit failed: [259] ESP_ERR_INVALID_STATE

[ 17267][E][esp32-hal-i2c-ng.c:275] i2cWrite(): i2c_master_transmit failed: [259] ESP_ERR_INVALID_STATE

[ 17269][E][esp32-hal-i2c-ng.c:275] i2cWrite(): i2c_master_transmit failed: [259] ESP_ERR_INVALID_STATE

[ 17271][E][esp32-hal-i2c-ng.c:275] i2cWrite(): i2c_master_transmit failed: [259] ESP_ERR_INVALID_STATE

[ 17273][E][esp32-hal-i2c-ng.c:275] i2cWrite(): i2c_master_transmit failed: [259] ESP_ERR_INVALID_STATE

[ 17275][E][esp32-hal-i2c-ng.c:275] i2cWrite(): i2c_master_transmit failed: [259] ESP_ERR_INVALID_STATE

[ 17277][E][esp32-hal-i2c-ng.c:275] i2cWrite(): i2c_master_transmit failed: [259] ESP_ERR_INVALID_STATE

[ 17279][E][esp32-hal-i2c-ng.c:275] i2cWrite(): i2c_master_transmit failed: [259] ESP_ERR_INVALID_STATE

[ 17281][E][esp32-hal-i2c-ng.c:275] i2cWrite(): i2c_master_transmit failed: [259] ESP_ERR_INVALID_STATE

[ 17283][E][esp32-hal-i2c-ng.c:275] i2cWrite(): i2c_master_transmit failed: [259] ESP_ERR_INVALID_STATE

[ 17285][E][esp32-hal-i2c-ng.c:275] i2cWrite(): i2c_master_transmit failed: [259] ESP_ERR_INVALID_STATE

[ 17287][E][esp32-hal-i2c-ng.c:275] i2cWrite(): i2c_master_transmit failed: [259] ESP_ERR_INVALID_STATE

[ 17289][E][esp32-hal-i2c-ng.c:275] i2cWrite(): i2c_master_transmit failed: [259] ESP_ERR_INVALID_STATE

[ 17291][E][esp32-hal-i2c-ng.c:275] i2cWrite(): i2c_master_transmit failed: [259] ESP_ERR_INVALID_STATE

[ 17293][E][esp32-hal-i2c-ng.c:275] i2cWrite(): i2c_master_transmit failed: [259] ESP_ERR_INVALID_STATE

[ 17295][E][esp32-hal-i2c-ng.c:275] i2cWrite(): i2c_master_transmit failed: [259] ESP_ERR_INVALID_STATE

[ 17297][E][esp32-hal-i2c-ng.c:275] i2cWrite(): i2c_master_transmit failed: [259] ESP_ERR_INVALID_STATE

[ 17299][E][esp32-hal-i2c-ng.c:275] i2cWrite(): i2c_master_transmit failed: [259] ESP_ERR_INVALID_STATE

[ 17301][E][esp32-hal-i2c-ng.c:275] i2cWrite(): i2c_master_transmit failed: [259] ESP_ERR_INVALID_STATE

[ 17303][E][esp32-hal-i2c-ng.c:275] i2cWrite(): i2c_master_transmit failed: [259] ESP_ERR_INVALID_STATE

[ 17305][E][esp32-hal-i2c-ng.c:275] i2cWrite(): i2c_master_transmit failed: [259] ESP_ERR_INVALID_STATE

[ 17307][E][esp32-hal-i2c-ng.c:275] i2cWrite(): i2c_master_transmit failed: [259] ESP_ERR_INVALID_STATE

[ 17309][E][esp32-hal-i2c-ng.c:275] i2cWrite(): i2c_master_transmit failed: [259] ESP_ERR_INVALID_STATE

[ 17311][E][esp32-hal-i2c-ng.c:275] i2cWrite(): i2c_master_transmit failed: [259] ESP_ERR_INVALID_STATE

[ 17313][E][esp32-hal-i2c-ng.c:275] i2cWrite(): i2c_master_transmit failed: [259] ESP_ERR_INVALID_STATE

[ 17315][E][esp32-hal-i2c-ng.c:275] i2cWrite(): i2c_master_transmit failed: [259] ESP_ERR_INVALID_STATE

[ 17317][E][esp32-hal-i2c-ng.c:275] i2cWrite(): i2c_master_transmit failed: [259] ESP_ERR_INVALID_STATE

[ 17319][E][esp32-hal-i2c-ng.c:275] i2cWrite(): i2c_master_transmit failed: [259] ESP_ERR_INVALID_STATE

[ 17321][E][esp32-hal-i2c-ng.c:275] i2cWrite(): i2c_master_transmit failed: [259] ESP_ERR_INVALID_STATE

[ 17323][E][esp32-hal-i2c-ng.c:275] i2cWrite(): i2c_master_transmit failed: [259] ESP_ERR_INVALID_STATE

[ 17325][E][esp32-hal-i2c-ng.c:275] i2cWrite(): i2c_master_transmit failed: [259] ESP_ERR_INVALID_STATE

[ 17327][E][esp32-hal-i2c-ng.c:275] i2cWrite(): i2c_master_transmit failed: [259] ESP_ERR_INVALID_STATE

[ 17329][E][esp32-hal-i2c-ng.c:275] i2cWrite(): i2c_master_transmit failed: [259] ESP_ERR_INVALID_STATE

[ 17331][E][esp32-hal-i2c-ng.c:275] i2cWrite(): i2c_master_transmit failed: [259] ESP_ERR_INVALID_STATE

[ 17333][E][esp32-hal-i2c-ng.c:275] i2cWrite(): i2c_master_transmit failed: [259] ESP_ERR_INVALID_STATE

[ 17335][E][esp32-hal-i2c-ng.c:275] i2cWrite(): i2c_master_transmit failed: [259] ESP_ERR_INVALID_STATE

[ 17337][E][esp32-hal-i2c-ng.c:275] i2cWrite(): i2c_master_transmit failed: [259] ESP_ERR_INVALID_STATE

[ 17339][E][esp32-hal-i2c-ng.c:275] i2cWrite(): i2c_master_transmit failed: [259] ESP_ERR_INVALID_STATE

[ 17341][E][esp32-hal-i2c-ng.c:275] i2cWrite(): i2c_master_transmit failed: [259] ESP_ERR_INVALID_STATE

[ 17343][E][esp32-hal-i2c-ng.c:275] i2cWrite(): i2c_master_transmit failed: [259] ESP_ERR_INVALID_STATE

[ 17345][E][esp32-hal-i2c-ng.c:275] i2cWrite(): i2c_master_transmit failed: [259] ESP_ERR_INVALID_STATE

[ 17347][E][esp32-hal-i2c-ng.c:275] i2cWrite(): i2c_master_transmit failed: [259] ESP_ERR_INVALID_STATE

[ 17349][E][esp32-hal-i2c-ng.c:275] i2cWrite(): i2c_master_transmit failed: [259] ESP_ERR_INVALID_STATE

[ 17351][E][esp32-hal-i2c-ng.c:275] i2cWrite(): i2c_master_transmit failed: [259] ESP_ERR_INVALID_STATE

[ 17353][E][esp32-hal-i2c-ng.c:275] i2cWrite(): i2c_master_transmit failed: [259] ESP_ERR_INVALID_STATE

[ 17355][E][esp32-hal-i2c-ng.c:275] i2cWrite(): i2c_master_transmit failed: [259] ESP_ERR_INVALID_STATE

[ 17357][E][esp32-hal-i2c-ng.c:275] i2cWrite(): i2c_master_transmit failed: [259] ESP_ERR_INVALID_STATE

[ 17359][E][esp32-hal-i2c-ng.c:275] i2cWrite(): i2c_master_transmit failed: [259] ESP_ERR_INVALID_STATE

[ 17361][E][esp32-hal-i2c-ng.c:275] i2cWrite(): i2c_master_transmit failed: [259] ESP_ERR_INVALID_STATE

[ 17363][E][esp32-hal-i2c-ng.c:275] i2cWrite(): i2c_master_transmit failed: [259] ESP_ERR_INVALID_STATE

[ 17365][E][esp32-hal-i2c-ng.c:275] i2cWrite(): i2c_master_transmit failed: [259] ESP_ERR_INVALID_STATE

[ 17367][E][esp32-hal-i2c-ng.c:275] i2cWrite(): i2c_master_transmit failed: [259] ESP_ERR_INVALID_STATE

[ 17369][E][esp32-hal-i2c-ng.c:275] i2cWrite(): i2c_master_transmit failed: [259] ESP_ERR_INVALID_STATE

[ 17371][E][esp32-hal-i2c-ng.c:275] i2cWrite(): i2c_master_transmit failed: [259] ESP_ERR_INVALID_STATE

[ 17373][E][esp32-hal-i2c-ng.c:275] i2cWrite(): i2c_master_transmit failed: [259] ESP_ERR_INVALID_STATE

[ 17375][E][esp32-hal-i2c-ng.c:275] i2cWrite(): i2c_master_transmit failed: [259] ESP_ERR_INVALID_STATE

[ 17377][E][esp32-hal-i2c-ng.c:275] i2cWrite(): i2c_master_transmit failed: [259] ESP_ERR_INVALID_STATE

[ 17379][E][esp32-hal-i2c-ng.c:275] i2cWrite(): i2c_master_transmit failed: [259] ESP_ERR_INVALID_STATE

[ 17381][E][esp32-hal-i2c-ng.c:275] i2cWrite(): i2c_master_transmit failed: [259] ESP_ERR_INVALID_STATE

[ 17383][E][esp32-hal-i2c-ng.c:275] i2cWrite(): i2c_master_transmit failed: [259] ESP_ERR_INVALID_STATE

[ 17385][E][esp32-hal-i2c-ng.c:275] i2cWrite(): i2c_master_transmit failed: [259] ESP_ERR_INVALID_STATE

[ 17387][E][esp32-hal-i2c-ng.c:275] i2cWrite(): i2c_master_transmit failed: [259] ESP_ERR_INVALID_STATE

[ 17389][E][esp32-hal-i2c-ng.c:275] i2cWrite(): i2c_master_transmit failed: [259] ESP_ERR_INVALID_STATE

[ 17391][E][esp32-hal-i2c-ng.c:275] i2cWrite(): i2c_master_transmit failed: [259] ESP_ERR_INVALID_STATE

[ 17393][E][esp32-hal-i2c-ng.c:275] i2cWrite(): i2c_master_transmit failed: [259] ESP_ERR_INVALID_STATE

[ 17395][E][esp32-hal-i2c-ng.c:275] i2cWrite(): i2c_master_transmit failed: [259] ESP_ERR_INVALID_STATE

[ 17397][E][esp32-hal-i2c-ng.c:275] i2cWrite(): i2c_master_transmit failed: [259] ESP_ERR_INVALID_STATE

[ 17399][E][esp32-hal-i2c-ng.c:275] i2cWrite(): i2c_master_transmit failed: [259] ESP_ERR_INVALID_STATE

[ 17401][E][esp32-hal-i2c-ng.c:275] i2cWrite(): i2c_master_transmit failed: [259] ESP_ERR_INVALID_STATE

[ 17403][E][esp32-hal-i2c-ng.c:275] i2cWrite(): i2c_master_transmit failed: [259] ESP_ERR_INVALID_STATE

[ 17405][E][esp32-hal-i2c-ng.c:275] i2cWrite(): i2c_master_transmit failed: [259] ESP_ERR_INVALID_STATE

[ 17407][E][esp32-hal-i2c-ng.c:275] i2cWrite(): i2c_master_transmit failed: [259] ESP_ERR_INVALID_STATE

[ 17409][E][esp32-hal-i2c-ng.c:275] i2cWrite(): i2c_master_transmit failed: [259] ESP_ERR_INVALID_STATE

[ 17411][E][esp32-hal-i2c-ng.c:275] i2cWrite(): i2c_master_transmit failed: [259] ESP_ERR_INVALID_STATE

[ 17413][E][esp32-hal-i2c-ng.c:275] i2cWrite(): i2c_master_transmit failed: [259] ESP_ERR_INVALID_STATE

[ 17415][E][esp32-hal-i2c-ng.c:275] i2cWrite(): i2c_master_transmit failed: [259] ESP_ERR_INVALID_STATE

[ 17417][E][esp32-hal-i2c-ng.c:275] i2cWrite(): i2c_master_transmit failed: [259] ESP_ERR_INVALID_STATE

[ 17419][E][esp32-hal-i2c-ng.c:275] i2cWrite(): i2c_master_transmit failed: [259] ESP_ERR_INVALID_STATE

[ 17421][E][esp32-hal-i2c-ng.c:275] i2cWrite(): i2c_master_transmit failed: [259] ESP_ERR_INVALID_STATE

[ 17423][E][esp32-hal-i2c-ng.c:275] i2cWrite(): i2c_master_transmit failed: [259] ESP_ERR_INVALID_STATE

[ 17425][E][esp32-hal-i2c-ng.c:275] i2cWrite(): i2c_master_transmit failed: [259] ESP_ERR_INVALID_STATE

[ 17427][E][esp32-hal-i2c-ng.c:275] i2cWrite(): i2c_master_transmit failed: [259] ESP_ERR_INVALID_STATE

[ 17429][E][esp32-hal-i2c-ng.c:275] i2cWrite(): i2c_master_transmit failed: [259] ESP_ERR_INVALID_STATE

[ 17431][E][esp32-hal-i2c-ng.c:275] i2cWrite(): i2c_master_transmit failed: [259] ESP_ERR_INVALID_STATE

[ 17433][E][esp32-hal-i2c-ng.c:275] i2cWrite(): i2c_master_transmit failed: [259] ESP_ERR_INVALID_STATE

[ 17435][E][esp32-hal-i2c-ng.c:275] i2cWrite(): i2c_master_transmit failed: [259] ESP_ERR_INVALID_STATE

[ 17437][E][esp32-hal-i2c-ng.c:275] i2cWrite(): i2c_master_transmit failed: [259] ESP_ERR_INVALID_STATE

[ 17439][E][esp32-hal-i2c-ng.c:275] i2cWrite(): i2c_master_transmit failed: [259] ESP_ERR_INVALID_STATE

[ 17441][E][esp32-hal-i2c-ng.c:275] i2cWrite(): i2c_master_transmit failed: [259] ESP_ERR_INVALID_STATE

[ 17443][E][esp32-hal-i2c-ng.c:275] i2cWrite(): i2c_master_transmit failed: [259] ESP_ERR_INVALID_STATE

[ 17445][E][esp32-hal-i2c-ng.c:275] i2cWrite(): i2c_master_transmit failed: [259] ESP_ERR_INVALID_STATE

[ 17447][E][esp32-hal-i2c-ng.c:275] i2cWrite(): i2c_master_transmit failed: [259] ESP_ERR_INVALID_STATE

[ 17449][E][esp32-hal-i2c-ng.c:275] i2cWrite(): i2c_master_transmit failed: [259] ESP_ERR_INVALID_STATE

[ 17451][E][esp32-hal-i2c-ng.c:275] i2cWrite(): i2c_master_transmit failed: [259] ESP_ERR_INVALID_STATE

[ 17453][E][esp32-hal-i2c-ng.c:275] i2cWrite(): i2c_master_transmit failed: [259] ESP_ERR_INVALID_STATE

[ 17455][E][esp32-hal-i2c-ng.c:275] i2cWrite(): i2c_master_transmit failed: [259] ESP_ERR_INVALID_STATE

[ 17457][E][esp32-hal-i2c-ng.c:275] i2cWrite(): i2c_master_transmit failed: [259] ESP_ERR_INVALID_STATE

[ 17459][E][esp32-hal-i2c-ng.c:275] i2cWrite(): i2c_master_transmit failed: [259] ESP_ERR_INVALID_STATE

[ 17461][E][esp32-hal-i2c-ng.c:275] i2cWrite(): i2c_master_transmit failed: [259] ESP_ERR_INVALID_STATE

[ 17463][E][esp32-hal-i2c-ng.c:275] i2cWrite(): i2c_master_transmit failed: [259] ESP_ERR_INVALID_STATE

[ 17465][E][esp32-hal-i2c-ng.c:275] i2cWrite(): i2c_master_transmit failed: [259] ESP_ERR_INVALID_STATE

[ 17467][E][esp32-hal-i2c-ng.c:275] i2cWrite(): i2c_master_transmit failed: [259] ESP_ERR_INVALID_STATE

[ 17469][E][esp32-hal-i2c-ng.c:275] i2cWrite(): i2c_master_transmit failed: [259] ESP_ERR_INVALID_STATE

[ 17471][E][esp32-hal-i2c-ng.c:275] i2cWrite(): i2c_master_transmit failed: [259] ESP_ERR_INVALID_STATE

[ 17473][E][esp32-hal-i2c-ng.c:275] i2cWrite(): i2c_master_transmit failed: [259] ESP_ERR_INVALID_STATE

[ 17475][E][esp32-hal-i2c-ng.c:275] i2cWrite(): i2c_master_transmit failed: [259] ESP_ERR_INVALID_STATE

[ 17477][E][esp32-hal-i2c-ng.c:275] i2cWrite(): i2c_master_transmit failed: [259] ESP_ERR_INVALID_STATE

[ 17479][E][esp32-hal-i2c-ng.c:275] i2cWrite(): i2c_master_transmit failed: [259] ESP_ERR_INVALID_STATE

[ 17481][E][esp32-hal-i2c-ng.c:275] i2cWrite(): i2c_master_transmit failed: [259] ESP_ERR_INVALID_STATE

[ 17483][E][esp32-hal-i2c-ng.c:275] i2cWrite(): i2c_master_transmit failed: [259] ESP_ERR_INVALID_STATE

[ 17485][E][esp32-hal-i2c-ng.c:275] i2cWrite(): i2c_master_transmit failed: [259] ESP_ERR_INVALID_STATE

[ 17487][E][esp32-hal-i2c-ng.c:275] i2cWrite(): i2c_master_transmit failed: [259] ESP_ERR_INVALID_STATE

[ 17489][E][esp32-hal-i2c-ng.c:275] i2cWrite(): i2c_master_transmit failed: [259] ESP_ERR_INVALID_STATE

[ 17491][E][esp32-hal-i2c-ng.c:275] i2cWrite(): i2c_master_transmit failed: [259] ESP_ERR_INVALID_STATE

[ 17493][E][esp32-hal-i2c-ng.c:275] i2cWrite(): i2c_master_transmit failed: [259] ESP_ERR_INVALID_STATE

[ 17495][E][esp32-hal-i2c-ng.c:275] i2cWrite(): i2c_master_transmit failed: [259] ESP_ERR_INVALID_STATE

[ 17497][E][esp32-hal-i2c-ng.c:275] i2cWrite(): i2c_master_transmit failed: [259] ESP_ERR_INVALID_STATE

[ 17499][E][esp32-hal-i2c-ng.c:275] i2cWrite(): i2c_master_transmit failed: [259] ESP_ERR_INVALID_STATE

[ 17501][E][esp32-hal-i2c-ng.c:275] i2cWrite(): i2c_master_transmit failed: [259] ESP_ERR_INVALID_STATE

[ 17503][E][esp32-hal-i2c-ng.c:275] i2cWrite(): i2c_master_transmit failed: [259] ESP_ERR_INVALID_STATE

[ 17505][E][esp32-hal-i2c-ng.c:275] i2cWrite(): i2c_master_transmit failed: [259] ESP_ERR_INVALID_STATE

[ 17507][E][esp32-hal-i2c-ng.c:275] i2cWrite(): i2c_master_transmit failed: [259] ESP_ERR_INVALID_STATE

[ 17509][E][esp32-hal-i2c-ng.c:275] i2cWrite(): i2c_master_transmit failed: [259] ESP_ERR_INVALID_STATE

[ 17511][E][esp32-hal-i2c-ng.c:275] i2cWrite(): i2c_master_transmit failed: [259] ESP_ERR_INVALID_STATE

[ 17513][E][esp32-hal-i2c-ng.c:275] i2cWrite(): i2c_master_transmit failed: [259] ESP_ERR_INVALID_STATE

[ 17515][E][esp32-hal-i2c-ng.c:275] i2cWrite(): i2c_master_transmit failed: [259] ESP_ERR_INVALID_STATE

[ 17517][E][esp32-hal-i2c-ng.c:275] i2cWrite(): i2c_master_transmit failed: [259] ESP_ERR_INVALID_STATE

[ 17519][E][esp32-hal-i2c-ng.c:275] i2cWrite(): i2c_master_transmit failed: [259] ESP_ERR_INVALID_STATE

[ 17521][E][esp32-hal-i2c-ng.c:275] i2cWrite(): i2c_master_transmit failed: [259] ESP_ERR_INVALID_STATE

[ 17523][E][esp32-hal-i2c-ng.c:275] i2cWrite(): i2c_master_transmit failed: [259] ESP_ERR_INVALID_STATE

[ 17525][E][esp32-hal-i2c-ng.c:275] i2cWrite(): i2c_master_transmit failed: [259] ESP_ERR_INVALID_STATE

[ 17527][E][esp32-hal-i2c-ng.c:275] i2cWrite(): i2c_master_transmit failed: [259] ESP_ERR_INVALID_STATE

[ 17529][E][esp32-hal-i2c-ng.c:275] i2cWrite(): i2c_master_transmit failed: [259] ESP_ERR_INVALID_STATE

[ 17531][E][esp32-hal-i2c-ng.c:275] i2cWrite(): i2c_master_transmit failed: [259] ESP_ERR_INVALID_STATE

[ 17533][E][esp32-hal-i2c-ng.c:275] i2cWrite(): i2c_master_transmit failed: [259] ESP_ERR_INVALID_STATE

[ 17535][E][esp32-hal-i2c-ng.c:275] i2cWrite(): i2c_master_transmit failed: [259] ESP_ERR_INVALID_STATE

[ 17537][E][esp32-hal-i2c-ng.c:275] i2cWrite(): i2c_master_transmit failed: [259] ESP_ERR_INVALID_STATE

[ 17539][E][esp32-hal-i2c-ng.c:275] i2cWrite(): i2c_master_transmit failed: [259] ESP_ERR_INVALID_STATE

[ 17541][E][esp32-hal-i2c-ng.c:275] i2cWrite(): i2c_master_transmit failed: [259] ESP_ERR_INVALID_STATE

[ 17543][E][esp32-hal-i2c-ng.c:275] i2cWrite(): i2c_master_transmit failed: [259] ESP_ERR_INVALID_STATE

[ 17545][E][esp32-hal-i2c-ng.c:275] i2cWrite(): i2c_master_transmit failed: [259] ESP_ERR_INVALID_STATE

[ 17547][E][esp32-hal-i2c-ng.c:275] i2cWrite(): i2c_master_transmit failed: [259] ESP_ERR_INVALID_STATE

[ 17549][E][esp32-hal-i2c-ng.c:275] i2cWrite(): i2c_master_transmit failed: [259] ESP_ERR_INVALID_STATE

[ 17551][E][esp32-hal-i2c-ng.c:275] i2cWrite(): i2c_master_transmit failed: [259] ESP_ERR_INVALID_STATE

[ 17553][E][esp32-hal-i2c-ng.c:275] i2cWrite(): i2c_master_transmit failed: [259] ESP_ERR_INVALID_STATE

[ 17555][E][esp32-hal-i2c-ng.c:275] i2cWrite(): i2c_master_transmit failed: [259] ESP_ERR_INVALID_STATE

[ 17557][E][esp32-hal-i2c-ng.c:275] i2cWrite(): i2c_master_transmit failed: [259] ESP_ERR_INVALID_STATE

[ 17559][E][esp32-hal-i2c-ng.c:275] i2cWrite(): i2c_master_transmit failed: [259] ESP_ERR_INVALID_STATE

[ 17561][E][esp32-hal-i2c-ng.c:275] i2cWrite(): i2c_master_transmit failed: [259] ESP_ERR_INVALID_STATE

[ 17563][E][esp32-hal-i2c-ng.c:275] i2cWrite(): i2c_master_transmit failed: [259] ESP_ERR_INVALID_STATE

[ 17565][E][esp32-hal-i2c-ng.c:275] i2cWrite(): i2c_master_transmit failed: [259] ESP_ERR_INVALID_STATE

[ 17567][E][esp32-hal-i2c-ng.c:275] i2cWrite(): i2c_master_transmit failed: [259] ESP_ERR_INVALID_STATE

[ 17569][E][esp32-hal-i2c-ng.c:275] i2cWrite(): i2c_master_transmit failed: [259] ESP_ERR_INVALID_STATE

[ 17571][E][esp32-hal-i2c-ng.c:275] i2cWrite(): i2c_master_transmit failed: [259] ESP_ERR_INVALID_STATE

[ 17573][E][esp32-hal-i2c-ng.c:275] i2cWrite(): i2c_master_transmit failed: [259] ESP_ERR_INVALID_STATE

[ 17575][E][esp32-hal-i2c-ng.c:275] i2cWrite(): i2c_master_transmit failed: [259] ESP_ERR_INVALID_STATE

[ 17577][E][esp32-hal-i2c-ng.c:275] i2cWrite(): i2c_master_transmit failed: [259] ESP_ERR_INVALID_STATE

[ 17579][E][esp32-hal-i2c-ng.c:275] i2cWrite(): i2c_master_transmit failed: [259] ESP_ERR_INVALID_STATE

[ 17581][E][esp32-hal-i2c-ng.c:275] i2cWrite(): i2c_master_transmit failed: [259] ESP_ERR_INVALID_STATE

[ 17583][E][esp32-hal-i2c-ng.c:275] i2cWrite(): i2c_master_transmit failed: [259] ESP_ERR_INVALID_STATE

[ 17585][E][esp32-hal-i2c-ng.c:275] i2cWrite(): i2c_master_transmit failed: [259] ESP_ERR_INVALID_STATE

[ 17587][E][esp32-hal-i2c-ng.c:275] i2cWrite(): i2c_master_transmit failed: [259] ESP_ERR_INVALID_STATE

[ 17589][E][esp32-hal-i2c-ng.c:275] i2cWrite(): i2c_master_transmit failed: [259] ESP_ERR_INVALID_STATE

[ 17591][E][esp32-hal-i2c-ng.c:275] i2cWrite(): i2c_master_transmit failed: [259] ESP_ERR_INVALID_STATE

[ 17593][E][esp32-hal-i2c-ng.c:275] i2cWrite(): i2c_master_transmit failed: [259] ESP_ERR_INVALID_STATE

[ 17595][E][esp32-hal-i2c-ng.c:275] i2cWrite(): i2c_master_transmit failed: [259] ESP_ERR_INVALID_STATE

[ 17597][E][esp32-hal-i2c-ng.c:275] i2cWrite(): i2c_master_transmit failed: [259] ESP_ERR_INVALID_STATE

[ 17599][E][esp32-hal-i2c-ng.c:275] i2cWrite(): i2c_master_transmit failed: [259] ESP_ERR_INVALID_STATE

[ 17601][E][esp32-hal-i2c-ng.c:275] i2cWrite(): i2c_master_transmit failed: [259] ESP_ERR_INVALID_STATE

[ 17603][E][esp32-hal-i2c-ng.c:275] i2cWrite(): i2c_master_transmit failed: [259] ESP_ERR_INVALID_STATE

[ 17605][E][esp32-hal-i2c-ng.c:275] i2cWrite(): i2c_master_transmit failed: [259] ESP_ERR_INVALID_STATE

[ 17607][E][esp32-hal-i2c-ng.c:275] i2cWrite(): i2c_master_transmit failed: [259] ESP_ERR_INVALID_STATE

[ 17609][E][esp32-hal-i2c-ng.c:275] i2cWrite(): i2c_master_transmit failed: [259] ESP_ERR_INVALID_STATE

[ 17611][E][esp32-hal-i2c-ng.c:275] i2cWrite(): i2c_master_transmit failed: [259] ESP_ERR_INVALID_STATE

[ 17613][E][esp32-hal-i2c-ng.c:275] i2cWrite(): i2c_master_transmit failed: [259] ESP_ERR_INVALID_STATE

[ 17615][E][esp32-hal-i2c-ng.c:275] i2cWrite(): i2c_master_transmit failed: [259] ESP_ERR_INVALID_STATE

[ 17617][E][esp32-hal-i2c-ng.c:275] i2cWrite(): i2c_master_transmit failed: [259] ESP_ERR_INVALID_STATE

[ 17619][E][esp32-hal-i2c-ng.c:275] i2cWrite(): i2c_master_transmit failed: [259] ESP_ERR_INVALID_STATE

[ 17621][E][esp32-hal-i2c-ng.c:275] i2cWrite(): i2c_master_transmit failed: [259] ESP_ERR_INVALID_STATE

[ 17623][E][esp32-hal-i2c-ng.c:275] i2cWrite(): i2c_master_transmit failed: [259] ESP_ERR_INVALID_STATE

[ 17625][E][esp32-hal-i2c-ng.c:275] i2cWrite(): i2c_master_transmit failed: [259] ESP_ERR_INVALID_STATE

[ 17627][E][esp32-hal-i2c-ng.c:275] i2cWrite(): i2c_master_transmit failed: [259] ESP_ERR_INVALID_STATE

[ 17629][E][esp32-hal-i2c-ng.c:275] i2cWrite(): i2c_master_transmit failed: [259] ESP_ERR_INVALID_STATE

[ 17631][E][esp32-hal-i2c-ng.c:275] i2cWrite(): i2c_master_transmit failed: [259] ESP_ERR_INVALID_STATE

[ 17633][E][esp32-hal-i2c-ng.c:275] i2cWrite(): i2c_master_transmit failed: [259] ESP_ERR_INVALID_STATE

[ 17635][E][esp32-hal-i2c-ng.c:275] i2cWrite(): i2c_master_transmit failed: [259] ESP_ERR_INVALID_STATE

[ 17637][E][esp32-hal-i2c-ng.c:275] i2cWrite(): i2c_master_transmit failed: [259] ESP_ERR_INVALID_STATE

[ 17639][E][esp32-hal-i2c-ng.c:275] i2cWrite(): i2c_master_transmit failed: [259] ESP_ERR_INVALID_STATE

[ 17641][E][esp32-hal-i2c-ng.c:275] i2cWrite(): i2c_master_transmit failed: [259] ESP_ERR_INVALID_STATE

[ 17643][E][esp32-hal-i2c-ng.c:275] i2cWrite(): i2c_master_transmit failed: [259] ESP_ERR_INVALID_STATE

[ 17645][E][esp32-hal-i2c-ng.c:275] i2cWrite(): i2c_master_transmit failed: [259] ESP_ERR_INVALID_STATE

[ 17647][E][esp32-hal-i2c-ng.c:275] i2cWrite(): i2c_master_transmit failed: [259] ESP_ERR_INVALID_STATE

[ 17649][E][esp32-hal-i2c-ng.c:275] i2cWrite(): i2c_master_transmit failed: [259] ESP_ERR_INVALID_STATE

[ 17651][E][esp32-hal-i2c-ng.c:275] i2cWrite(): i2c_master_transmit failed: [259] ESP_ERR_INVALID_STATE

[ 17653][E][esp32-hal-i2c-ng.c:275] i2cWrite(): i2c_master_transmit failed: [259] ESP_ERR_INVALID_STATE

[ 17655][E][esp32-hal-i2c-ng.c:275] i2cWrite(): i2c_master_transmit failed: [259] ESP_ERR_INVALID_STATE

[ 17657][E][esp32-hal-i2c-ng.c:275] i2cWrite(): i2c_master_transmit failed: [259] ESP_ERR_INVALID_STATE

[ 17659][E][esp32-hal-i2c-ng.c:275] i2cWrite(): i2c_master_transmit failed: [259] ESP_ERR_INVALID_STATE

[ 17661][E][esp32-hal-i2c-ng.c:275] i2cWrite(): i2c_master_transmit failed: [259] ESP_ERR_INVALID_STATE

[ 17663][E][esp32-hal-i2c-ng.c:275] i2cWrite(): i2c_master_transmit failed: [259] ESP_ERR_INVALID_STATE

[ 17665][E][esp32-hal-i2c-ng.c:275] i2cWrite(): i2c_master_transmit failed: [259] ESP_ERR_INVALID_STATE

[ 17667][E][esp32-hal-i2c-ng.c:275] i2cWrite(): i2c_master_transmit failed: [259] ESP_ERR_INVALID_STATE

[ 17669][E][esp32-hal-i2c-ng.c:275] i2cWrite(): i2c_master_transmit failed: [259] ESP_ERR_INVALID_STATE

[ 17671][E][esp32-hal-i2c-ng.c:275] i2cWrite(): i2c_master_transmit failed: [259] ESP_ERR_INVALID_STATE

[ 17673][E][esp32-hal-i2c-ng.c:275] i2cWrite(): i2c_master_transmit failed: [259] ESP_ERR_INVALID_STATE

[ 17675][E][esp32-hal-i2c-ng.c:275] i2cWrite(): i2c_master_transmit failed: [259] ESP_ERR_INVALID_STATE

[ 17677][E][esp32-hal-i2c-ng.c:275] i2cWrite(): i2c_master_transmit failed: [259] ESP_ERR_INVALID_STATE

[ 17679][E][esp32-hal-i2c-ng.c:275] i2cWrite(): i2c_master_transmit failed: [259] ESP_ERR_INVALID_STATE

[ 17681][E][esp32-hal-i2c-ng.c:275] i2cWrite(): i2c_master_transmit failed: [259] ESP_ERR_INVALID_STATE

[ 17683][E][esp32-hal-i2c-ng.c:275] i2cWrite(): i2c_master_transmit failed: [259] ESP_ERR_INVALID_STATE

[ 17685][E][esp32-hal-i2c-ng.c:275] i2cWrite(): i2c_master_transmit failed: [259] ESP_ERR_INVALID_STATE

[ 17687][E][esp32-hal-i2c-ng.c:275] i2cWrite(): i2c_master_transmit failed: [259] ESP_ERR_INVALID_STATE

[ 17689][E][esp32-hal-i2c-ng.c:275] i2cWrite(): i2c_master_transmit failed: [259] ESP_ERR_INVALID_STATE

[ 17691][E][esp32-hal-i2c-ng.c:275] i2cWrite(): i2c_master_transmit failed: [259] ESP_ERR_INVALID_STATE

[ 17693][E][esp32-hal-i2c-ng.c:275] i2cWrite(): i2c_master_transmit failed: [259] ESP_ERR_INVALID_STATE

[ 17695][E][esp32-hal-i2c-ng.c:275] i2cWrite(): i2c_master_transmit failed: [259] ESP_ERR_INVALID_STATE

[ 17697][E][esp32-hal-i2c-ng.c:275] i2cWrite(): i2c_master_transmit failed: [259] ESP_ERR_INVALID_STATE

[ 17699][E][esp32-hal-i2c-ng.c:275] i2cWrite(): i2c_master_transmit failed: [259] ESP_ERR_INVALID_STATE

[ 17701][E][esp32-hal-i2c-ng.c:275] i2cWrite(): i2c_master_transmit failed: [259] ESP_ERR_INVALID_STATE

[ 17703][E][esp32-hal-i2c-ng.c:275] i2cWrite(): i2c_master_transmit failed: [259] ESP_ERR_INVALID_STATE

[ 17705][E][esp32-hal-i2c-ng.c:275] i2cWrite(): i2c_master_transmit failed: [259] ESP_ERR_INVALID_STATE

[ 17707][E][esp32-hal-i2c-ng.c:275] i2cWrite(): i2c_master_transmit failed: [259] ESP_ERR_INVALID_STATE

[ 17709][E][esp32-hal-i2c-ng.c:275] i2cWrite(): i2c_master_transmit failed: [259] ESP_ERR_INVALID_STATE

[ 17711][E][esp32-hal-i2c-ng.c:275] i2cWrite(): i2c_master_transmit failed: [259] ESP_ERR_INVALID_STATE

[ 17713][E][esp32-hal-i2c-ng.c:275] i2cWrite(): i2c_master_transmit failed: [259] ESP_ERR_INVALID_STATE

[ 17715][E][esp32-hal-i2c-ng.c:275] i2cWrite(): i2c_master_transmit failed: [259] ESP_ERR_INVALID_STATE

[ 17717][E][esp32-hal-i2c-ng.c:275] i2cWrite(): i2c_master_transmit failed: [259] ESP_ERR_INVALID_STATE

[ 17719][E][esp32-hal-i2c-ng.c:275] i2cWrite(): i2c_master_transmit failed: [259] ESP_ERR_INVALID_STATE

[ 17721][E][esp32-hal-i2c-ng.c:275] i2cWrite(): i2c_master_transmit failed: [259] ESP_ERR_INVALID_STATE

[ 17723][E][esp32-hal-i2c-ng.c:275] i2cWrite(): i2c_master_transmit failed: [259] ESP_ERR_INVALID_STATE

[ 17725][E][esp32-hal-i2c-ng.c:275] i2cWrite(): i2c_master_transmit failed: [259] ESP_ERR_INVALID_STATE

[ 17727][E][esp32-hal-i2c-ng.c:275] i2cWrite(): i2c_master_transmit failed: [259] ESP_ERR_INVALID_STATE

[ 17729][E][esp32-hal-i2c-ng.c:275] i2cWrite(): i2c_master_transmit failed: [259] ESP_ERR_INVALID_STATE

[ 17731][E][esp32-hal-i2c-ng.c:275] i2cWrite(): i2c_master_transmit failed: [259] ESP_ERR_INVALID_STATE

[ 17733][E][esp32-hal-i2c-ng.c:275] i2cWrite(): i2c_master_transmit failed: [259] ESP_ERR_INVALID_STATE

[ 17735][E][esp32-hal-i2c-ng.c:275] i2cWrite(): i2c_master_transmit failed: [259] ESP_ERR_INVALID_STATE

[ 17737][E][esp32-hal-i2c-ng.c:275] i2cWrite(): i2c_master_transmit failed: [259] ESP_ERR_INVALID_STATE

[ 17739][E][esp32-hal-i2c-ng.c:275] i2cWrite(): i2c_master_transmit failed: [259] ESP_ERR_INVALID_STATE

[ 17741][E][esp32-hal-i2c-ng.c:275] i2cWrite(): i2c_master_transmit failed: [259] ESP_ERR_INVALID_STATE

[ 17743][E][esp32-hal-i2c-ng.c:275] i2cWrite(): i2c_master_transmit failed: [259] ESP_ERR_INVALID_STATE

[ 17745][E][esp32-hal-i2c-ng.c:275] i2cWrite(): i2c_master_transmit failed: [259] ESP_ERR_INVALID_STATE

[ 17747][E][esp32-hal-i2c-ng.c:275] i2cWrite(): i2c_master_transmit failed: [259] ESP_ERR_INVALID_STATE

[ 17749][E][esp32-hal-i2c-ng.c:275] i2cWrite(): i2c_master_transmit failed: [259] ESP_ERR_INVALID_STATE

[ 17751][E][esp32-hal-i2c-ng.c:275] i2cWrite(): i2c_master_transmit failed: [259] ESP_ERR_INVALID_STATE

[ 17753][E][esp32-hal-i2c-ng.c:275] i2cWrite(): i2c_master_transmit failed: [259] ESP_ERR_INVALID_STATE

[ 17755][E][esp32-hal-i2c-ng.c:275] i2cWrite(): i2c_master_transmit failed: [259] ESP_ERR_INVALID_STATE

[ 17757][E][esp32-hal-i2c-ng.c:275] i2cWrite(): i2c_master_transmit failed: [259] ESP_ERR_INVALID_STATE

[ 17759][E][esp32-hal-i2c-ng.c:275] i2cWrite(): i2c_master_transmit failed: [259] ESP_ERR_INVALID_STATE

[ 17761][E][esp32-hal-i2c-ng.c:275] i2cWrite(): i2c_master_transmit failed: [259] ESP_ERR_INVALID_STATE

[ 17763][E][esp32-hal-i2c-ng.c:275] i2cWrite(): i2c_master_transmit failed: [259] ESP_ERR_INVALID_STATE

[ 17765][E][esp32-hal-i2c-ng.c:275] i2cWrite(): i2c_master_transmit failed: [259] ESP_ERR_INVALID_STATE

[ 17767][E][esp32-hal-i2c-ng.c:275] i2cWrite(): i2c_master_transmit failed: [259] ESP_ERR_INVALID_STATE

[ 17769][E][esp32-hal-i2c-ng.c:275] i2cWrite(): i2c_master_transmit failed: [259] ESP_ERR_INVALID_STATE

[ 17771][E][esp32-hal-i2c-ng.c:275] i2cWrite(): i2c_master_transmit failed: [259] ESP_ERR_INVALID_STATE

[ 17773][E][esp32-hal-i2c-ng.c:275] i2cWrite(): i2c_master_transmit failed: [259] ESP_ERR_INVALID_STATE

[ 17775][E][esp32-hal-i2c-ng.c:275] i2cWrite(): i2c_master_transmit failed: [259] ESP_ERR_INVALID_STATE

[ 17777][E][esp32-hal-i2c-ng.c:275] i2cWrite(): i2c_master_transmit failed: [259] ESP_ERR_INVALID_STATE

[ 17779][E][esp32-hal-i2c-ng.c:275] i2cWrite(): i2c_master_transmit failed: [259] ESP_ERR_INVALID_STATE

[ 17781][E][esp32-hal-i2c-ng.c:275] i2cWrite(): i2c_master_transmit failed: [259] ESP_ERR_INVALID_STATE

[ 17783][E][esp32-hal-i2c-ng.c:275] i2cWrite(): i2c_master_transmit failed: [259] ESP_ERR_INVALID_STATE

[ 17785][E][esp32-hal-i2c-ng.c:275] i2cWrite(): i2c_master_transmit failed: [259] ESP_ERR_INVALID_STATE

[ 17787][E][esp32-hal-i2c-ng.c:275] i2cWrite(): i2c_master_transmit failed: [259] ESP_ERR_INVALID_STATE

[ 17789][E][esp32-hal-i2c-ng.c:275] i2cWrite(): i2c_master_transmit failed: [259] ESP_ERR_INVALID_STATE

[ 17791][E][esp32-hal-i2c-ng.c:275] i2cWrite(): i2c_master_transmit failed: [259] ESP_ERR_INVALID_STATE

[ 17793][E][esp32-hal-i2c-ng.c:275] i2cWrite(): i2c_master_transmit failed: [259] ESP_ERR_INVALID_STATE

[ 17795][E][esp32-hal-i2c-ng.c:275] i2cWrite(): i2c_master_transmit failed: [259] ESP_ERR_INVALID_STATE

[ 17797][E][esp32-hal-i2c-ng.c:275] i2cWrite(): i2c_master_transmit failed: [259] ESP_ERR_INVALID_STATE

[ 17799][E][esp32-hal-i2c-ng.c:275] i2cWrite(): i2c_master_transmit failed: [259] ESP_ERR_INVALID_STATE

[ 17801][E][esp32-hal-i2c-ng.c:275] i2cWrite(): i2c_master_transmit failed: [259] ESP_ERR_INVALID_STATE

[ 17803][E][esp32-hal-i2c-ng.c:275] i2cWrite(): i2c_master_transmit failed: [259] ESP_ERR_INVALID_STATE

[ 17805][E][esp32-hal-i2c-ng.c:275] i2cWrite(): i2c_master_transmit failed: [259] ESP_ERR_INVALID_STATE

[ 17807][E][esp32-hal-i2c-ng.c:275] i2cWrite(): i2c_master_transmit failed: [259] ESP_ERR_INVALID_STATE

[ 17809][E][esp32-hal-i2c-ng.c:275] i2cWrite(): i2c_master_transmit failed: [259] ESP_ERR_INVALID_STATE

[ 17811][E][esp32-hal-i2c-ng.c:275] i2cWrite(): i2c_master_transmit failed: [259] ESP_ERR_INVALID_STATE

[ 17813][E][esp32-hal-i2c-ng.c:275] i2cWrite(): i2c_master_transmit failed: [259] ESP_ERR_INVALID_STATE

[ 17815][E][esp32-hal-i2c-ng.c:275] i2cWrite(): i2c_master_transmit failed: [259] ESP_ERR_INVALID_STATE

[ 17817][E][esp32-hal-i2c-ng.c:275] i2cWrite(): i2c_master_transmit failed: [259] ESP_ERR_INVALID_STATE

[ 17819][E][esp32-hal-i2c-ng.c:275] i2cWrite(): i2c_master_transmit failed: [259] ESP_ERR_INVALID_STATE

[ 17821][E][esp32-hal-i2c-ng.c:275] i2cWrite(): i2c_master_transmit failed: [259] ESP_ERR_INVALID_STATE

[ 17823][E][esp32-hal-i2c-ng.c:275] i2cWrite(): i2c_master_transmit failed: [259] ESP_ERR_INVALID_STATE

[ 17825][E][esp32-hal-i2c-ng.c:275] i2cWrite(): i2c_master_transmit failed: [259] ESP_ERR_INVALID_STATE

[ 17827][E][esp32-hal-i2c-ng.c:275] i2cWrite(): i2c_master_transmit failed: [259] ESP_ERR_INVALID_STATE

[ 17829][E][esp32-hal-i2c-ng.c:275] i2cWrite(): i2c_master_transmit failed: [259] ESP_ERR_INVALID_STATE

[ 17831][E][esp32-hal-i2c-ng.c:275] i2cWrite(): i2c_master_transmit failed: [259] ESP_ERR_INVALID_STATE

[ 17833][E][esp32-hal-i2c-ng.c:275] i2cWrite(): i2c_master_transmit failed: [259] ESP_ERR_INVALID_STATE

[ 17835][E][esp32-hal-i2c-ng.c:275] i2cWrite(): i2c_master_transmit failed: [259] ESP_ERR_INVALID_STATE

[ 17837][E][esp32-hal-i2c-ng.c:275] i2cWrite(): i2c_master_transmit failed: [259] ESP_ERR_INVALID_STATE

[ 17839][E][esp32-hal-i2c-ng.c:275] i2cWrite(): i2c_master_transmit failed: [259] ESP_ERR_INVALID_STATE

[ 17841][E][esp32-hal-i2c-ng.c:275] i2cWrite(): i2c_master_transmit failed: [259] ESP_ERR_INVALID_STATE

[ 17843][E][esp32-hal-i2c-ng.c:275] i2cWrite(): i2c_master_transmit failed: [259] ESP_ERR_INVALID_STATE

[ 17845][E][esp32-hal-i2c-ng.c:275] i2cWrite(): i2c_master_transmit failed: [259] ESP_ERR_INVALID_STATE

[ 17847][E][esp32-hal-i2c-ng.c:275] i2cWrite(): i2c_master_transmit failed: [259] ESP_ERR_INVALID_STATE

[ 17849][E][esp32-hal-i2c-ng.c:275] i2cWrite(): i2c_master_transmit failed: [259] ESP_ERR_INVALID_STATE

[ 17851][E][esp32-hal-i2c-ng.c:275] i2cWrite(): i2c_master_transmit failed: [259] ESP_ERR_INVALID_STATE

[ 17853][E][esp32-hal-i2c-ng.c:275] i2cWrite(): i2c_master_transmit failed: [259] ESP_ERR_INVALID_STATE

[ 17855][E][esp32-hal-i2c-ng.c:275] i2cWrite(): i2c_master_transmit failed: [259] ESP_ERR_INVALID_STATE

[ 17857][E][esp32-hal-i2c-ng.c:275] i2cWrite(): i2c_master_transmit failed: [259] ESP_ERR_INVALID_STATE

[ 17859][E][esp32-hal-i2c-ng.c:275] i2cWrite(): i2c_master_transmit failed: [259] ESP_ERR_INVALID_STATE

[ 17861][E][esp32-hal-i2c-ng.c:275] i2cWrite(): i2c_master_transmit failed: [259] ESP_ERR_INVALID_STATE

[ 17861][I][main.cpp:577] vTaskLogData(): [NaMa] PID: lTus: 0x00eaec, oS: 0x0000, lI: 0000, iKp: 000000, iKi: 000000, iKd: 0, sP: 2200, e: 0

[ 17863][E][esp32-hal-i2c-ng.c:275] i2cWrite(): i2c_master_transmit failed: [259] ESP_ERR_INVALID_STATE

[ 17865][E][esp32-hal-i2c-ng.c:275] i2cWrite(): i2c_master_transmit failed: [259] ESP_ERR_INVALID_STATE

[ 17867][E][esp32-hal-i2c-ng.c:275] i2cWrite(): i2c_master_transmit failed: [259] ESP_ERR_INVALID_STATE

[ 17869][E][esp32-hal-i2c-ng.c:275] i2cWrite(): i2c_master_transmit failed: [259] ESP_ERR_INVALID_STATE

[ 17871][E][esp32-hal-i2c-ng.c:275] i2cWrite(): i2c_master_transmit failed: [259] ESP_ERR_INVALID_STATE

[ 17873][E][esp32-hal-i2c-ng.c:275] i2cWrite(): i2c_master_transmit failed: [259] ESP_ERR_INVALID_STATE

[ 17875][E][esp32-hal-i2c-ng.c:275] i2cWrite(): i2c_master_transmit failed: [259] ESP_ERR_INVALID_STATE

[ 17877][E][esp32-hal-i2c-ng.c:275] i2cWrite(): i2c_master_transmit failed: [259] ESP_ERR_INVALID_STATE

[ 17879][E][esp32-hal-i2c-ng.c:275] i2cWrite(): i2c_master_transmit failed: [259] ESP_ERR_INVALID_STATE

[ 17881][E][esp32-hal-i2c-ng.c:275] i2cWrite(): i2c_master_transmit failed: [259] ESP_ERR_INVALID_STATE

[ 17883][E][esp32-hal-i2c-ng.c:275] i2cWrite(): i2c_master_transmit failed: [259] ESP_ERR_INVALID_STATE

[ 17885][E][esp32-hal-i2c-ng.c:275] i2cWrite(): i2c_master_transmit failed: [259] ESP_ERR_INVALID_STATE

[ 17887][E][esp32-hal-i2c-ng.c:275] i2cWrite(): i2c_master_transmit failed: [259] ESP_ERR_INVALID_STATE

[ 17889][E][esp32-hal-i2c-ng.c:275] i2cWrite(): i2c_master_transmit failed: [259] ESP_ERR_INVALID_STATE

[ 17891][E][esp32-hal-i2c-ng.c:275] i2cWrite(): i2c_master_transmit failed: [259] ESP_ERR_INVALID_STATE

[ 17893][E][esp32-hal-i2c-ng.c:275] i2cWrite(): i2c_master_transmit failed: [259] ESP_ERR_INVALID_STATE

[ 17895][E][esp32-hal-i2c-ng.c:275] i2cWrite(): i2c_master_transmit failed: [259] ESP_ERR_INVALID_STATE

[ 17897][E][esp32-hal-i2c-ng.c:275] i2cWrite(): i2c_master_transmit failed: [259] ESP_ERR_INVALID_STATE

[ 17899][E][esp32-hal-i2c-ng.c:275] i2cWrite(): i2c_master_transmit failed: [259] ESP_ERR_INVALID_STATE

[ 17901][E][esp32-hal-i2c-ng.c:275] i2cWrite(): i2c_master_transmit failed: [259] ESP_ERR_INVALID_STATE

[ 17903][E][esp32-hal-i2c-ng.c:275] i2cWrite(): i2c_master_transmit failed: [259] ESP_ERR_INVALID_STATE

[ 17905][E][esp32-hal-i2c-ng.c:275] i2cWrite(): i2c_master_transmit failed: [259] ESP_ERR_INVALID_STATE

[ 17907][E][esp32-hal-i2c-ng.c:275] i2cWrite(): i2c_master_transmit failed: [259] ESP_ERR_INVALID_STATE

[ 17909][E][esp32-hal-i2c-ng.c:275] i2cWrite(): i2c_master_transmit failed: [259] ESP_ERR_INVALID_STATE

[ 17911][E][esp32-hal-i2c-ng.c:275] i2cWrite(): i2c_master_transmit failed: [259] ESP_ERR_INVALID_STATE

[ 17913][E][esp32-hal-i2c-ng.c:275] i2cWrite(): i2c_master_transmit failed: [259] ESP_ERR_INVALID_STATE

[ 17915][E][esp32-hal-i2c-ng.c:275] i2cWrite(): i2c_master_transmit failed: [259] ESP_ERR_INVALID_STATE

[ 17917][E][esp32-hal-i2c-ng.c:275] i2cWrite(): i2c_master_transmit failed: [259] ESP_ERR_INVALID_STATE

[ 17919][E][esp32-hal-i2c-ng.c:275] i2cWrite(): i2c_master_transmit failed: [259] ESP_ERR_INVALID_STATE

[ 17921][E][esp32-hal-i2c-ng.c:275] i2cWrite(): i2c_master_transmit failed: [259] ESP_ERR_INVALID_STATE

[ 17923][E][esp32-hal-i2c-ng.c:275] i2cWrite(): i2c_master_transmit failed: [259] ESP_ERR_INVALID_STATE

[ 17925][E][esp32-hal-i2c-ng.c:275] i2cWrite(): i2c_master_transmit failed: [259] ESP_ERR_INVALID_STATE

[ 17927][E][esp32-hal-i2c-ng.c:275] i2cWrite(): i2c_master_transmit failed: [259] ESP_ERR_INVALID_STATE

[ 17929][E][esp32-hal-i2c-ng.c:275] i2cWrite(): i2c_master_transmit failed: [259] ESP_ERR_INVALID_STATE

[ 17931][E][esp32-hal-i2c-ng.c:275] i2cWrite(): i2c_master_transmit failed: [259] ESP_ERR_INVALID_STATE

[ 17933][E][esp32-hal-i2c-ng.c:275] i2cWrite(): i2c_master_transmit failed: [259] ESP_ERR_INVALID_STATE

[ 17935][E][esp32-hal-i2c-ng.c:275] i2cWrite(): i2c_master_transmit failed: [259] ESP_ERR_INVALID_STATE

[ 17937][E][esp32-hal-i2c-ng.c:275] i2cWrite(): i2c_master_transmit failed: [259] ESP_ERR_INVALID_STATE

[ 17939][E][esp32-hal-i2c-ng.c:275] i2cWrite(): i2c_master_transmit failed: [259] ESP_ERR_INVALID_STATE

[ 17941][E][esp32-hal-i2c-ng.c:275] i2cWrite(): i2c_master_transmit failed: [259] ESP_ERR_INVALID_STATE

[ 17943][E][esp32-hal-i2c-ng.c:275] i2cWrite(): i2c_master_transmit failed: [259] ESP_ERR_INVALID_STATE

[ 17945][E][esp32-hal-i2c-ng.c:275] i2cWrite(): i2c_master_transmit failed: [259] ESP_ERR_INVALID_STATE

[ 17947][E][esp32-hal-i2c-ng.c:275] i2cWrite(): i2c_master_transmit failed: [259] ESP_ERR_INVALID_STATE

[ 17949][E][esp32-hal-i2c-ng.c:275] i2cWrite(): i2c_master_transmit failed: [259] ESP_ERR_INVALID_STATE

[ 17951][E][esp32-hal-i2c-ng.c:275] i2cWrite(): i2c_master_transmit failed: [259] ESP_ERR_INVALID_STATE

[ 17953][E][esp32-hal-i2c-ng.c:275] i2cWrite(): i2c_master_transmit failed: [259] ESP_ERR_INVALID_STATE

[ 17955][E][esp32-hal-i2c-ng.c:275] i2cWrite(): i2c_master_transmit failed: [259] ESP_ERR_INVALID_STATE

[ 17957][E][esp32-hal-i2c-ng.c:275] i2cWrite(): i2c_master_transmit failed: [259] ESP_ERR_INVALID_STATE

[ 17959][E][esp32-hal-i2c-ng.c:275] i2cWrite(): i2c_master_transmit failed: [259] ESP_ERR_INVALID_STATE

[ 17961][E][esp32-hal-i2c-ng.c:275] i2cWrite(): i2c_master_transmit failed: [259] ESP_ERR_INVALID_STATE

[ 17963][E][esp32-hal-i2c-ng.c:275] i2cWrite(): i2c_master_transmit failed: [259] ESP_ERR_INVALID_STATE

[ 17965][E][esp32-hal-i2c-ng.c:275] i2cWrite(): i2c_master_transmit failed: [259] ESP_ERR_INVALID_STATE

[ 17967][E][esp32-hal-i2c-ng.c:275] i2cWrite(): i2c_master_transmit failed: [259] ESP_ERR_INVALID_STATE

[ 17969][E][esp32-hal-i2c-ng.c:275] i2cWrite(): i2c_master_transmit failed: [259] ESP_ERR_INVALID_STATE

[ 17971][E][esp32-hal-i2c-ng.c:275] i2cWrite(): i2c_master_transmit failed: [259] ESP_ERR_INVALID_STATE

[ 17973][E][esp32-hal-i2c-ng.c:275] i2cWrite(): i2c_master_transmit failed: [259] ESP_ERR_INVALID_STATE

[ 17975][E][esp32-hal-i2c-ng.c:275] i2cWrite(): i2c_master_transmit failed: [259] ESP_ERR_INVALID_STATE

[ 17977][E][esp32-hal-i2c-ng.c:275] i2cWrite(): i2c_master_transmit failed: [259] ESP_ERR_INVALID_STATE

[ 17979][E][esp32-hal-i2c-ng.c:275] i2cWrite(): i2c_master_transmit failed: [259] ESP_ERR_INVALID_STATE

[ 17981][E][esp32-hal-i2c-ng.c:275] i2cWrite(): i2c_master_transmit failed: [259] ESP_ERR_INVALID_STATE

[ 17983][E][esp32-hal-i2c-ng.c:275] i2cWrite(): i2c_master_transmit failed: [259] ESP_ERR_INVALID_STATE

[ 17985][E][esp32-hal-i2c-ng.c:275] i2cWrite(): i2c_master_transmit failed: [259] ESP_ERR_INVALID_STATE

[ 17987][E][esp32-hal-i2c-ng.c:275] i2cWrite(): i2c_master_transmit failed: [259] ESP_ERR_INVALID_STATE

[ 17989][E][esp32-hal-i2c-ng.c:275] i2cWrite(): i2c_master_transmit failed: [259] ESP_ERR_INVALID_STATE

[ 17991][E][esp32-hal-i2c-ng.c:275] i2cWrite(): i2c_master_transmit failed: [259] ESP_ERR_INVALID_STATE

[ 17993][E][esp32-hal-i2c-ng.c:275] i2cWrite(): i2c_master_transmit failed: [259] ESP_ERR_INVALID_STATE

[ 17995][E][esp32-hal-i2c-ng.c:275] i2cWrite(): i2c_master_transmit failed: [259] ESP_ERR_INVALID_STATE

[ 17997][E][esp32-hal-i2c-ng.c:275] i2cWrite(): i2c_master_transmit failed: [259] ESP_ERR_INVALID_STATE

[ 17999][E][esp32-hal-i2c-ng.c:275] i2cWrite(): i2c_master_transmit failed: [259] ESP_ERR_INVALID_STATE

[ 18001][E][esp32-hal-i2c-ng.c:275] i2cWrite(): i2c_master_transmit failed: [259] ESP_ERR_INVALID_STATE

[ 18003][E][esp32-hal-i2c-ng.c:275] i2cWrite(): i2c_master_transmit failed: [259] ESP_ERR_INVALID_STATE

[ 18005][E][esp32-hal-i2c-ng.c:275] i2cWrite(): i2c_master_transmit failed: [259] ESP_ERR_INVALID_STATE

[ 18007][E][esp32-hal-i2c-ng.c:275] i2cWrite(): i2c_master_transmit failed: [259] ESP_ERR_INVALID_STATE

[ 18009][E][esp32-hal-i2c-ng.c:275] i2cWrite(): i2c_master_transmit failed: [259] ESP_ERR_INVALID_STATE

[ 18011][E][esp32-hal-i2c-ng.c:275] i2cWrite(): i2c_master_transmit failed: [259] ESP_ERR_INVALID_STATE

[ 18013][E][esp32-hal-i2c-ng.c:275] i2cWrite(): i2c_master_transmit failed: [259] ESP_ERR_INVALID_STATE

[ 18015][E][esp32-hal-i2c-ng.c:275] i2cWrite(): i2c_master_transmit failed: [259] ESP_ERR_INVALID_STATE

[ 18017][E][esp32-hal-i2c-ng.c:275] i2cWrite(): i2c_master_transmit failed: [259] ESP_ERR_INVALID_STATE

[ 18019][E][esp32-hal-i2c-ng.c:275] i2cWrite(): i2c_master_transmit failed: [259] ESP_ERR_INVALID_STATE

[ 18021][E][esp32-hal-i2c-ng.c:275] i2cWrite(): i2c_master_transmit failed: [259] ESP_ERR_INVALID_STATE

[ 18023][E][esp32-hal-i2c-ng.c:275] i2cWrite(): i2c_master_transmit failed: [259] ESP_ERR_INVALID_STATE

[ 18025][E][esp32-hal-i2c-ng.c:275] i2cWrite(): i2c_master_transmit failed: [259] ESP_ERR_INVALID_STATE

[ 18027][E][esp32-hal-i2c-ng.c:275] i2cWrite(): i2c_master_transmit failed: [259] ESP_ERR_INVALID_STATE

[ 18029][E][esp32-hal-i2c-ng.c:275] i2cWrite(): i2c_master_transmit failed: [259] ESP_ERR_INVALID_STATE

[ 18031][E][esp32-hal-i2c-ng.c:275] i2cWrite(): i2c_master_transmit failed: [259] ESP_ERR_INVALID_STATE

[ 18033][E][esp32-hal-i2c-ng.c:275] i2cWrite(): i2c_master_transmit failed: [259] ESP_ERR_INVALID_STATE

[ 18035][E][esp32-hal-i2c-ng.c:275] i2cWrite(): i2c_master_transmit failed: [259] ESP_ERR_INVALID_STATE

[ 18037][E][esp32-hal-i2c-ng.c:275] i2cWrite(): i2c_master_transmit failed: [259] ESP_ERR_INVALID_STATE

[ 18039][E][esp32-hal-i2c-ng.c:275] i2cWrite(): i2c_master_transmit failed: [259] ESP_ERR_INVALID_STATE

[ 18041][E][esp32-hal-i2c-ng.c:275] i2cWrite(): i2c_master_transmit failed: [259] ESP_ERR_INVALID_STATE

[ 18043][E][esp32-hal-i2c-ng.c:275] i2cWrite(): i2c_master_transmit failed: [259] ESP_ERR_INVALID_STATE

[ 18045][E][esp32-hal-i2c-ng.c:275] i2cWrite(): i2c_master_transmit failed: [259] ESP_ERR_INVALID_STATE

[ 18047][E][esp32-hal-i2c-ng.c:275] i2cWrite(): i2c_master_transmit failed: [259] ESP_ERR_INVALID_STATE

[ 18049][E][esp32-hal-i2c-ng.c:275] i2cWrite(): i2c_master_transmit failed: [259] ESP_ERR_INVALID_STATE

[ 18051][E][esp32-hal-i2c-ng.c:275] i2cWrite(): i2c_master_transmit failed: [259] ESP_ERR_INVALID_STATE

[ 18053][E][esp32-hal-i2c-ng.c:275] i2cWrite(): i2c_master_transmit failed: [259] ESP_ERR_INVALID_STATE

[ 18055][E][esp32-hal-i2c-ng.c:275] i2cWrite(): i2c_master_transmit failed: [259] ESP_ERR_INVALID_STATE

[ 18057][E][esp32-hal-i2c-ng.c:275] i2cWrite(): i2c_master_transmit failed: [259] ESP_ERR_INVALID_STATE

[ 18059][E][esp32-hal-i2c-ng.c:275] i2cWrite(): i2c_master_transmit failed: [259] ESP_ERR_INVALID_STATE

[ 18061][E][esp32-hal-i2c-ng.c:275] i2cWrite(): i2c_master_transmit failed: [259] ESP_ERR_INVALID_STATE

[ 18063][E][esp32-hal-i2c-ng.c:275] i2cWrite(): i2c_master_transmit failed: [259] ESP_ERR_INVALID_STATE

[ 18065][E][esp32-hal-i2c-ng.c:275] i2cWrite(): i2c_master_transmit failed: [259] ESP_ERR_INVALID_STATE

[ 18067][E][esp32-hal-i2c-ng.c:275] i2cWrite(): i2c_master_transmit failed: [259] ESP_ERR_INVALID_STATE

[ 18069][E][esp32-hal-i2c-ng.c:275] i2cWrite(): i2c_master_transmit failed: [259] ESP_ERR_INVALID_STATE

[ 18071][E][esp32-hal-i2c-ng.c:275] i2cWrite(): i2c_master_transmit failed: [259] ESP_ERR_INVALID_STATE

[ 18073][E][esp32-hal-i2c-ng.c:275] i2cWrite(): i2c_master_transmit failed: [259] ESP_ERR_INVALID_STATE

[ 18075][E][esp32-hal-i2c-ng.c:275] i2cWrite(): i2c_master_transmit failed: [259] ESP_ERR_INVALID_STATE

[ 18077][E][esp32-hal-i2c-ng.c:275] i2cWrite(): i2c_master_transmit failed: [259] ESP_ERR_INVALID_STATE

[ 18079][E][esp32-hal-i2c-ng.c:275] i2cWrite(): i2c_master_transmit failed: [259] ESP_ERR_INVALID_STATE

[ 18081][E][esp32-hal-i2c-ng.c:275] i2cWrite(): i2c_master_transmit failed: [259] ESP_ERR_INVALID_STATE

[ 18083][E][esp32-hal-i2c-ng.c:275] i2cWrite(): i2c_master_transmit failed: [259] ESP_ERR_INVALID_STATE

[ 18085][E][esp32-hal-i2c-ng.c:275] i2cWrite(): i2c_master_transmit failed: [259] ESP_ERR_INVALID_STATE

[ 18087][E][esp32-hal-i2c-ng.c:275] i2cWrite(): i2c_master_transmit failed: [259] ESP_ERR_INVALID_STATE

[ 18089][E][esp32-hal-i2c-ng.c:275] i2cWrite(): i2c_master_transmit failed: [259] ESP_ERR_INVALID_STATE

[ 18091][E][esp32-hal-i2c-ng.c:275] i2cWrite(): i2c_master_transmit failed: [259] ESP_ERR_INVALID_STATE

[ 18093][E][esp32-hal-i2c-ng.c:275] i2cWrite(): i2c_master_transmit failed: [259] ESP_ERR_INVALID_STATE

[ 18095][E][esp32-hal-i2c-ng.c:275] i2cWrite(): i2c_master_transmit failed: [259] ESP_ERR_INVALID_STATE

[ 18097][E][esp32-hal-i2c-ng.c:275] i2cWrite(): i2c_master_transmit failed: [259] ESP_ERR_INVALID_STATE

[ 18099][E][esp32-hal-i2c-ng.c:275] i2cWrite(): i2c_master_transmit failed: [259] ESP_ERR_INVALID_STATE

[ 18101][E][esp32-hal-i2c-ng.c:275] i2cWrite(): i2c_master_transmit failed: [259] ESP_ERR_INVALID_STATE

[ 18103][E][esp32-hal-i2c-ng.c:275] i2cWrite(): i2c_master_transmit failed: [259] ESP_ERR_INVALID_STATE

[ 18105][E][esp32-hal-i2c-ng.c:275] i2cWrite(): i2c_master_transmit failed: [259] ESP_ERR_INVALID_STATE

[ 18107][E][esp32-hal-i2c-ng.c:275] i2cWrite(): i2c_master_transmit failed: [259] ESP_ERR_INVALID_STATE

[ 18109][E][esp32-hal-i2c-ng.c:275] i2cWrite(): i2c_master_transmit failed: [259] ESP_ERR_INVALID_STATE

[ 18111][E][esp32-hal-i2c-ng.c:275] i2cWrite(): i2c_master_transmit failed: [259] ESP_ERR_INVALID_STATE

[ 18113][E][esp32-hal-i2c-ng.c:275] i2cWrite(): i2c_master_transmit failed: [259] ESP_ERR_INVALID_STATE

[ 18115][E][esp32-hal-i2c-ng.c:275] i2cWrite(): i2c_master_transmit failed: [259] ESP_ERR_INVALID_STATE

[ 18117][E][esp32-hal-i2c-ng.c:275] i2cWrite(): i2c_master_transmit failed: [259] ESP_ERR_INVALID_STATE

[ 18119][E][esp32-hal-i2c-ng.c:275] i2cWrite(): i2c_master_transmit failed: [259] ESP_ERR_INVALID_STATE

[ 18121][E][esp32-hal-i2c-ng.c:275] i2cWrite(): i2c_master_transmit failed: [259] ESP_ERR_INVALID_STATE

[ 18123][E][esp32-hal-i2c-ng.c:275] i2cWrite(): i2c_master_transmit failed: [259] ESP_ERR_INVALID_STATE

[ 18125][E][esp32-hal-i2c-ng.c:275] i2cWrite(): i2c_master_transmit failed: [259] ESP_ERR_INVALID_STATE

[ 18127][E][esp32-hal-i2c-ng.c:275] i2cWrite(): i2c_master_transmit failed: [259] ESP_ERR_INVALID_STATE

[ 18129][E][esp32-hal-i2c-ng.c:275] i2cWrite(): i2c_master_transmit failed: [259] ESP_ERR_INVALID_STATE

[ 18131][E][esp32-hal-i2c-ng.c:275] i2cWrite(): i2c_master_transmit failed: [259] ESP_ERR_INVALID_STATE

[ 18133][E][esp32-hal-i2c-ng.c:275] i2cWrite(): i2c_master_transmit failed: [259] ESP_ERR_INVALID_STATE

[ 18135][E][esp32-hal-i2c-ng.c:275] i2cWrite(): i2c_master_transmit failed: [259] ESP_ERR_INVALID_STATE

[ 18137][E][esp32-hal-i2c-ng.c:275] i2cWrite(): i2c_master_transmit failed: [259] ESP_ERR_INVALID_STATE

[ 18139][E][esp32-hal-i2c-ng.c:275] i2cWrite(): i2c_master_transmit failed: [259] ESP_ERR_INVALID_STATE

[ 18141][E][esp32-hal-i2c-ng.c:275] i2cWrite(): i2c_master_transmit failed: [259] ESP_ERR_INVALID_STATE

[ 18143][E][esp32-hal-i2c-ng.c:275] i2cWrite(): i2c_master_transmit failed: [259] ESP_ERR_INVALID_STATE

[ 18145][E][esp32-hal-i2c-ng.c:275] i2cWrite(): i2c_master_transmit failed: [259] ESP_ERR_INVALID_STATE

[ 18147][E][esp32-hal-i2c-ng.c:275] i2cWrite(): i2c_master_transmit failed: [259] ESP_ERR_INVALID_STATE

[ 18149][E][esp32-hal-i2c-ng.c:275] i2cWrite(): i2c_master_transmit failed: [259] ESP_ERR_INVALID_STATE

[ 18151][E][esp32-hal-i2c-ng.c:275] i2cWrite(): i2c_master_transmit failed: [259] ESP_ERR_INVALID_STATE

[ 18153][E][esp32-hal-i2c-ng.c:275] i2cWrite(): i2c_master_transmit failed: [259] ESP_ERR_INVALID_STATE

[ 18155][E][esp32-hal-i2c-ng.c:275] i2cWrite(): i2c_master_transmit failed: [259] ESP_ERR_INVALID_STATE

[ 18157][E][esp32-hal-i2c-ng.c:275] i2cWrite(): i2c_master_transmit failed: [259] ESP_ERR_INVALID_STATE

[ 18159][E][esp32-hal-i2c-ng.c:275] i2cWrite(): i2c_master_transmit failed: [259] ESP_ERR_INVALID_STATE

[ 18161][E][esp32-hal-i2c-ng.c:275] i2cWrite(): i2c_master_transmit failed: [259] ESP_ERR_INVALID_STATE

[ 18163][E][esp32-hal-i2c-ng.c:275] i2cWrite(): i2c_master_transmit failed: [259] ESP_ERR_INVALID_STATE

[ 18165][E][esp32-hal-i2c-ng.c:275] i2cWrite(): i2c_master_transmit failed: [259] ESP_ERR_INVALID_STATE

[ 18167][E][esp32-hal-i2c-ng.c:275] i2cWrite(): i2c_master_transmit failed: [259] ESP_ERR_INVALID_STATE

[ 18169][E][esp32-hal-i2c-ng.c:275] i2cWrite(): i2c_master_transmit failed: [259] ESP_ERR_INVALID_STATE

[ 18171][E][esp32-hal-i2c-ng.c:275] i2cWrite(): i2c_master_transmit failed: [259] ESP_ERR_INVALID_STATE

[ 18173][E][esp32-hal-i2c-ng.c:275] i2cWrite(): i2c_master_transmit failed: [259] ESP_ERR_INVALID_STATE

[ 18175][E][esp32-hal-i2c-ng.c:275] i2cWrite(): i2c_master_transmit failed: [259] ESP_ERR_INVALID_STATE

[ 18177][E][esp32-hal-i2c-ng.c:275] i2cWrite(): i2c_master_transmit failed: [259] ESP_ERR_INVALID_STATE

[ 18179][E][esp32-hal-i2c-ng.c:275] i2cWrite(): i2c_master_transmit failed: [259] ESP_ERR_INVALID_STATE

[ 18181][E][esp32-hal-i2c-ng.c:275] i2cWrite(): i2c_master_transmit failed: [259] ESP_ERR_INVALID_STATE

[ 18183][E][esp32-hal-i2c-ng.c:275] i2cWrite(): i2c_master_transmit failed: [259] ESP_ERR_INVALID_STATE

[ 18185][E][esp32-hal-i2c-ng.c:275] i2cWrite(): i2c_master_transmit failed: [259] ESP_ERR_INVALID_STATE

[ 18187][E][esp32-hal-i2c-ng.c:275] i2cWrite(): i2c_master_transmit failed: [259] ESP_ERR_INVALID_STATE

[ 18189][E][esp32-hal-i2c-ng.c:275] i2cWrite(): i2c_master_transmit failed: [259] ESP_ERR_INVALID_STATE

[ 18191][E][esp32-hal-i2c-ng.c:275] i2cWrite(): i2c_master_transmit failed: [259] ESP_ERR_INVALID_STATE

[ 18193][E][esp32-hal-i2c-ng.c:275] i2cWrite(): i2c_master_transmit failed: [259] ESP_ERR_INVALID_STATE

[ 18195][E][esp32-hal-i2c-ng.c:275] i2cWrite(): i2c_master_transmit failed: [259] ESP_ERR_INVALID_STATE

[ 18197][E][esp32-hal-i2c-ng.c:275] i2cWrite(): i2c_master_transmit failed: [259] ESP_ERR_INVALID_STATE

[ 18199][E][esp32-hal-i2c-ng.c:275] i2cWrite(): i2c_master_transmit failed: [259] ESP_ERR_INVALID_STATE

[ 18201][E][esp32-hal-i2c-ng.c:275] i2cWrite(): i2c_master_transmit failed: [259] ESP_ERR_INVALID_STATE

[ 18203][E][esp32-hal-i2c-ng.c:275] i2cWrite(): i2c_master_transmit failed: [259] ESP_ERR_INVALID_STATE

[ 18205][E][esp32-hal-i2c-ng.c:275] i2cWrite(): i2c_master_transmit failed: [259] ESP_ERR_INVALID_STATE

[ 18207][E][esp32-hal-i2c-ng.c:275] i2cWrite(): i2c_master_transmit failed: [259] ESP_ERR_INVALID_STATE

[ 18209][E][esp32-hal-i2c-ng.c:275] i2cWrite(): i2c_master_transmit failed: [259] ESP_ERR_INVALID_STATE

[ 18211][E][esp32-hal-i2c-ng.c:275] i2cWrite(): i2c_master_transmit failed: [259] ESP_ERR_INVALID_STATE

[ 18213][E][esp32-hal-i2c-ng.c:275] i2cWrite(): i2c_master_transmit failed: [259] ESP_ERR_INVALID_STATE

[ 18215][E][esp32-hal-i2c-ng.c:275] i2cWrite(): i2c_master_transmit failed: [259] ESP_ERR_INVALID_STATE

[ 18217][E][esp32-hal-i2c-ng.c:275] i2cWrite(): i2c_master_transmit failed: [259] ESP_ERR_INVALID_STATE

[ 18219][E][esp32-hal-i2c-ng.c:275] i2cWrite(): i2c_master_transmit failed: [259] ESP_ERR_INVALID_STATE

[ 18221][E][esp32-hal-i2c-ng.c:275] i2cWrite(): i2c_master_transmit failed: [259] ESP_ERR_INVALID_STATE

[ 18223][E][esp32-hal-i2c-ng.c:275] i2cWrite(): i2c_master_transmit failed: [259] ESP_ERR_INVALID_STATE

[ 18225][E][esp32-hal-i2c-ng.c:275] i2cWrite(): i2c_master_transmit failed: [259] ESP_ERR_INVALID_STATE

[ 18227][E][esp32-hal-i2c-ng.c:275] i2cWrite(): i2c_master_transmit failed: [259] ESP_ERR_INVALID_STATE

[ 18229][E][esp32-hal-i2c-ng.c:275] i2cWrite(): i2c_master_transmit failed: [259] ESP_ERR_INVALID_STATE

[ 18231][E][esp32-hal-i2c-ng.c:275] i2cWrite(): i2c_master_transmit failed: [259] ESP_ERR_INVALID_STATE

[ 18233][E][esp32-hal-i2c-ng.c:275] i2cWrite(): i2c_master_transmit failed: [259] ESP_ERR_INVALID_STATE

[ 18235][E][esp32-hal-i2c-ng.c:275] i2cWrite(): i2c_master_transmit failed: [259] ESP_ERR_INVALID_STATE

[ 18237][E][esp32-hal-i2c-ng.c:275] i2cWrite(): i2c_master_transmit failed: [259] ESP_ERR_INVALID_STATE

[ 18239][E][esp32-hal-i2c-ng.c:275] i2cWrite(): i2c_master_transmit failed: [259] ESP_ERR_INVALID_STATE

[ 18241][E][esp32-hal-i2c-ng.c:275] i2cWrite(): i2c_master_transmit failed: [259] ESP_ERR_INVALID_STATE

[ 18243][E][esp32-hal-i2c-ng.c:275] i2cWrite(): i2c_master_transmit failed: [259] ESP_ERR_INVALID_STATE

[ 18245][E][esp32-hal-i2c-ng.c:275] i2cWrite(): i2c_master_transmit failed: [259] ESP_ERR_INVALID_STATE

[ 18247][E][esp32-hal-i2c-ng.c:275] i2cWrite(): i2c_master_transmit failed: [259] ESP_ERR_INVALID_STATE

[ 18249][E][esp32-hal-i2c-ng.c:275] i2cWrite(): i2c_master_transmit failed: [259] ESP_ERR_INVALID_STATE

[ 18251][E][esp32-hal-i2c-ng.c:275] i2cWrite(): i2c_master_transmit failed: [259] ESP_ERR_INVALID_STATE

[ 18253][E][esp32-hal-i2c-ng.c:275] i2cWrite(): i2c_master_transmit failed: [259] ESP_ERR_INVALID_STATE

[ 18255][E][esp32-hal-i2c-ng.c:275] i2cWrite(): i2c_master_transmit failed: [259] ESP_ERR_INVALID_STATE

[ 18257][E][esp32-hal-i2c-ng.c:275] i2cWrite(): i2c_master_transmit failed: [259] ESP_ERR_INVALID_STATE

[ 18259][E][esp32-hal-i2c-ng.c:275] i2cWrite(): i2c_master_transmit failed: [259] ESP_ERR_INVALID_STATE

[ 18261][E][esp32-hal-i2c-ng.c:275] i2cWrite(): i2c_master_transmit failed: [259] ESP_ERR_INVALID_STATE

[ 18263][E][esp32-hal-i2c-ng.c:275] i2cWrite(): i2c_master_transmit failed: [259] ESP_ERR_INVALID_STATE

[ 18265][E][esp32-hal-i2c-ng.c:275] i2cWrite(): i2c_master_transmit failed: [259] ESP_ERR_INVALID_STATE

[ 18267][E][esp32-hal-i2c-ng.c:275] i2cWrite(): i2c_master_transmit failed: [259] ESP_ERR_INVALID_STATE

[ 18269][E][esp32-hal-i2c-ng.c:275] i2cWrite(): i2c_master_transmit failed: [259] ESP_ERR_INVALID_STATE

[ 18271][E][esp32-hal-i2c-ng.c:275] i2cWrite(): i2c_master_transmit failed: [259] ESP_ERR_INVALID_STATE

[ 18273][E][esp32-hal-i2c-ng.c:275] i2cWrite(): i2c_master_transmit failed: [259] ESP_ERR_INVALID_STATE

[ 18275][E][esp32-hal-i2c-ng.c:275] i2cWrite(): i2c_master_transmit failed: [259] ESP_ERR_INVALID_STATE

[ 18277][E][esp32-hal-i2c-ng.c:275] i2cWrite(): i2c_master_transmit failed: [259] ESP_ERR_INVALID_STATE

[ 18279][E][esp32-hal-i2c-ng.c:275] i2cWrite(): i2c_master_transmit failed: [259] ESP_ERR_INVALID_STATE

[ 18281][E][esp32-hal-i2c-ng.c:275] i2cWrite(): i2c_master_transmit failed: [259] ESP_ERR_INVALID_STATE

[ 18283][E][esp32-hal-i2c-ng.c:275] i2cWrite(): i2c_master_transmit failed: [259] ESP_ERR_INVALID_STATE

[ 18285][E][esp32-hal-i2c-ng.c:275] i2cWrite(): i2c_master_transmit failed: [259] ESP_ERR_INVALID_STATE

[ 18287][E][esp32-hal-i2c-ng.c:275] i2cWrite(): i2c_master_transmit failed: [259] ESP_ERR_INVALID_STATE

[ 18289][E][esp32-hal-i2c-ng.c:275] i2cWrite(): i2c_master_transmit failed: [259] ESP_ERR_INVALID_STATE

[ 18291][E][esp32-hal-i2c-ng.c:275] i2cWrite(): i2c_master_transmit failed: [259] ESP_ERR_INVALID_STATE

[ 18293][E][esp32-hal-i2c-ng.c:275] i2cWrite(): i2c_master_transmit failed: [259] ESP_ERR_INVALID_STATE

[ 18295][E][esp32-hal-i2c-ng.c:275] i2cWrite(): i2c_master_transmit failed: [259] ESP_ERR_INVALID_STATE

[ 18297][E][esp32-hal-i2c-ng.c:275] i2cWrite(): i2c_master_transmit failed: [259] ESP_ERR_INVALID_STATE

[ 18299][E][esp32-hal-i2c-ng.c:275] i2cWrite(): i2c_master_transmit failed: [259] ESP_ERR_INVALID_STATE

[ 18301][E][esp32-hal-i2c-ng.c:275] i2cWrite(): i2c_master_transmit failed: [259] ESP_ERR_INVALID_STATE

[ 18303][E][esp32-hal-i2c-ng.c:275] i2cWrite(): i2c_master_transmit failed: [259] ESP_ERR_INVALID_STATE

[ 18305][E][esp32-hal-i2c-ng.c:275] i2cWrite(): i2c_master_transmit failed: [259] ESP_ERR_INVALID_STATE

[ 18307][E][esp32-hal-i2c-ng.c:275] i2cWrite(): i2c_master_transmit failed: [259] ESP_ERR_INVALID_STATE

[ 18309][E][esp32-hal-i2c-ng.c:275] i2cWrite(): i2c_master_transmit failed: [259] ESP_ERR_INVALID_STATE

[ 18311][E][esp32-hal-i2c-ng.c:275] i2cWrite(): i2c_master_transmit failed: [259] ESP_ERR_INVALID_STATE

[ 18313][E][esp32-hal-i2c-ng.c:275] i2cWrite(): i2c_master_transmit failed: [259] ESP_ERR_INVALID_STATE

[ 18315][E][esp32-hal-i2c-ng.c:275] i2cWrite(): i2c_master_transmit failed: [259] ESP_ERR_INVALID_STATE

[ 18317][E][esp32-hal-i2c-ng.c:275] i2cWrite(): i2c_master_transmit failed: [259] ESP_ERR_INVALID_STATE

[ 18319][E][esp32-hal-i2c-ng.c:275] i2cWrite(): i2c_master_transmit failed: [259] ESP_ERR_INVALID_STATE

[ 18321][E][esp32-hal-i2c-ng.c:275] i2cWrite(): i2c_master_transmit failed: [259] ESP_ERR_INVALID_STATE

[ 18323][E][esp32-hal-i2c-ng.c:275] i2cWrite(): i2c_master_transmit failed: [259] ESP_ERR_INVALID_STATE

[ 18325][E][esp32-hal-i2c-ng.c:275] i2cWrite(): i2c_master_transmit failed: [259] ESP_ERR_INVALID_STATE

[ 18327][E][esp32-hal-i2c-ng.c:275] i2cWrite(): i2c_master_transmit failed: [259] ESP_ERR_INVALID_STATE

[ 18329][E][esp32-hal-i2c-ng.c:275] i2cWrite(): i2c_master_transmit failed: [259] ESP_ERR_INVALID_STATE

[ 18331][E][esp32-hal-i2c-ng.c:275] i2cWrite(): i2c_master_transmit failed: [259] ESP_ERR_INVALID_STATE

[ 18333][E][esp32-hal-i2c-ng.c:275] i2cWrite(): i2c_master_transmit failed: [259] ESP_ERR_INVALID_STATE

[ 18335][E][esp32-hal-i2c-ng.c:275] i2cWrite(): i2c_master_transmit failed: [259] ESP_ERR_INVALID_STATE

[ 18337][E][esp32-hal-i2c-ng.c:275] i2cWrite(): i2c_master_transmit failed: [259] ESP_ERR_INVALID_STATE

[ 18339][E][esp32-hal-i2c-ng.c:275] i2cWrite(): i2c_master_transmit failed: [259] ESP_ERR_INVALID_STATE

[ 18341][E][esp32-hal-i2c-ng.c:275] i2cWrite(): i2c_master_transmit failed: [259] ESP_ERR_INVALID_STATE

[ 18343][E][esp32-hal-i2c-ng.c:275] i2cWrite(): i2c_master_transmit failed: [259] ESP_ERR_INVALID_STATE

[ 18345][E][esp32-hal-i2c-ng.c:275] i2cWrite(): i2c_master_transmit failed: [259] ESP_ERR_INVALID_STATE

[ 18347][E][esp32-hal-i2c-ng.c:275] i2cWrite(): i2c_master_transmit failed: [259] ESP_ERR_INVALID_STATE

[ 18349][E][esp32-hal-i2c-ng.c:275] i2cWrite(): i2c_master_transmit failed: [259] ESP_ERR_INVALID_STATE

[ 18351][E][esp32-hal-i2c-ng.c:275] i2cWrite(): i2c_master_transmit failed: [259] ESP_ERR_INVALID_STATE

[ 18353][E][esp32-hal-i2c-ng.c:275] i2cWrite(): i2c_master_transmit failed: [259] ESP_ERR_INVALID_STATE

[ 18355][E][esp32-hal-i2c-ng.c:275] i2cWrite(): i2c_master_transmit failed: [259] ESP_ERR_INVALID_STATE

[ 18357][E][esp32-hal-i2c-ng.c:275] i2cWrite(): i2c_master_transmit failed: [259] ESP_ERR_INVALID_STATE

[ 18359][E][esp32-hal-i2c-ng.c:275] i2cWrite(): i2c_master_transmit failed: [259] ESP_ERR_INVALID_STATE

[ 18361][E][esp32-hal-i2c-ng.c:275] i2cWrite(): i2c_master_transmit failed: [259] ESP_ERR_INVALID_STATE

[ 18363][E][esp32-hal-i2c-ng.c:275] i2cWrite(): i2c_master_transmit failed: [259] ESP_ERR_INVALID_STATE

[ 18365][E][esp32-hal-i2c-ng.c:275] i2cWrite(): i2c_master_transmit failed: [259] ESP_ERR_INVALID_STATE

[ 18367][E][esp32-hal-i2c-ng.c:275] i2cWrite(): i2c_master_transmit failed: [259] ESP_ERR_INVALID_STATE

[ 18369][E][esp32-hal-i2c-ng.c:275] i2cWrite(): i2c_master_transmit failed: [259] ESP_ERR_INVALID_STATE

[ 18371][E][esp32-hal-i2c-ng.c:275] i2cWrite(): i2c_master_transmit failed: [259] ESP_ERR_INVALID_STATE

[ 18373][E][esp32-hal-i2c-ng.c:275] i2cWrite(): i2c_master_transmit failed: [259] ESP_ERR_INVALID_STATE

[ 18375][E][esp32-hal-i2c-ng.c:275] i2cWrite(): i2c_master_transmit failed: [259] ESP_ERR_INVALID_STATE

[ 18377][E][esp32-hal-i2c-ng.c:275] i2cWrite(): i2c_master_transmit failed: [259] ESP_ERR_INVALID_STATE

[ 18379][E][esp32-hal-i2c-ng.c:275] i2cWrite(): i2c_master_transmit failed: [259] ESP_ERR_INVALID_STATE

[ 18381][E][esp32-hal-i2c-ng.c:275] i2cWrite(): i2c_master_transmit failed: [259] ESP_ERR_INVALID_STATE

[ 18383][E][esp32-hal-i2c-ng.c:275] i2cWrite(): i2c_master_transmit failed: [259] ESP_ERR_INVALID_STATE

[ 18385][E][esp32-hal-i2c-ng.c:275] i2cWrite(): i2c_master_transmit failed: [259] ESP_ERR_INVALID_STATE

[ 18387][E][esp32-hal-i2c-ng.c:275] i2cWrite(): i2c_master_transmit failed: [259] ESP_ERR_INVALID_STATE

[ 18389][E][esp32-hal-i2c-ng.c:275] i2cWrite(): i2c_master_transmit failed: [259] ESP_ERR_INVALID_STATE

[ 18391][E][esp32-hal-i2c-ng.c:275] i2cWrite(): i2c_master_transmit failed: [259] ESP_ERR_INVALID_STATE

[ 18393][E][esp32-hal-i2c-ng.c:275] i2cWrite(): i2c_master_transmit failed: [259] ESP_ERR_INVALID_STATE

[ 18395][E][esp32-hal-i2c-ng.c:275] i2cWrite(): i2c_master_transmit failed: [259] ESP_ERR_INVALID_STATE

[ 18397][E][esp32-hal-i2c-ng.c:275] i2cWrite(): i2c_master_transmit failed: [259] ESP_ERR_INVALID_STATE

[ 18399][E][esp32-hal-i2c-ng.c:275] i2cWrite(): i2c_master_transmit failed: [259] ESP_ERR_INVALID_STATE

[ 18401][E][esp32-hal-i2c-ng.c:275] i2cWrite(): i2c_master_transmit failed: [259] ESP_ERR_INVALID_STATE

[ 18403][E][esp32-hal-i2c-ng.c:275] i2cWrite(): i2c_master_transmit failed: [259] ESP_ERR_INVALID_STATE

[ 18405][E][esp32-hal-i2c-ng.c:275] i2cWrite(): i2c_master_transmit failed: [259] ESP_ERR_INVALID_STATE

[ 18407][E][esp32-hal-i2c-ng.c:275] i2cWrite(): i2c_master_transmit failed: [259] ESP_ERR_INVALID_STATE

[ 18409][E][esp32-hal-i2c-ng.c:275] i2cWrite(): i2c_master_transmit failed: [259] ESP_ERR_INVALID_STATE

[ 18411][E][esp32-hal-i2c-ng.c:275] i2cWrite(): i2c_master_transmit failed: [259] ESP_ERR_INVALID_STATE

[ 18413][E][esp32-hal-i2c-ng.c:275] i2cWrite(): i2c_master_transmit failed: [259] ESP_ERR_INVALID_STATE

[ 18415][E][esp32-hal-i2c-ng.c:275] i2cWrite(): i2c_master_transmit failed: [259] ESP_ERR_INVALID_STATE

[ 18417][E][esp32-hal-i2c-ng.c:275] i2cWrite(): i2c_master_transmit failed: [259] ESP_ERR_INVALID_STATE

[ 18419][E][esp32-hal-i2c-ng.c:275] i2cWrite(): i2c_master_transmit failed: [259] ESP_ERR_INVALID_STATE

[ 18421][E][esp32-hal-i2c-ng.c:275] i2cWrite(): i2c_master_transmit failed: [259] ESP_ERR_INVALID_STATE

[ 18423][E][esp32-hal-i2c-ng.c:275] i2cWrite(): i2c_master_transmit failed: [259] ESP_ERR_INVALID_STATE

[ 18425][E][esp32-hal-i2c-ng.c:275] i2cWrite(): i2c_master_transmit failed: [259] ESP_ERR_INVALID_STATE

[ 18427][E][esp32-hal-i2c-ng.c:275] i2cWrite(): i2c_master_transmit failed: [259] ESP_ERR_INVALID_STATE

[ 18429][E][esp32-hal-i2c-ng.c:275] i2cWrite(): i2c_master_transmit failed: [259] ESP_ERR_INVALID_STATE

[ 18431][E][esp32-hal-i2c-ng.c:275] i2cWrite(): i2c_master_transmit failed: [259] ESP_ERR_INVALID_STATE

[ 18433][E][esp32-hal-i2c-ng.c:275] i2cWrite(): i2c_master_transmit failed: [259] ESP_ERR_INVALID_STATE

[ 18435][E][esp32-hal-i2c-ng.c:275] i2cWrite(): i2c_master_transmit failed: [259] ESP_ERR_INVALID_STATE

[ 18437][E][esp32-hal-i2c-ng.c:275] i2cWrite(): i2c_master_transmit failed: [259] ESP_ERR_INVALID_STATE

[ 18439][E][esp32-hal-i2c-ng.c:275] i2cWrite(): i2c_master_transmit failed: [259] ESP_ERR_INVALID_STATE

[ 18441][E][esp32-hal-i2c-ng.c:275] i2cWrite(): i2c_master_transmit failed: [259] ESP_ERR_INVALID_STATE

[ 18443][E][esp32-hal-i2c-ng.c:275] i2cWrite(): i2c_master_transmit failed: [259] ESP_ERR_INVALID_STATE

[ 18445][E][esp32-hal-i2c-ng.c:275] i2cWrite(): i2c_master_transmit failed: [259] ESP_ERR_INVALID_STATE

[ 18447][E][esp32-hal-i2c-ng.c:275] i2cWrite(): i2c_master_transmit failed: [259] ESP_ERR_INVALID_STATE

[ 18449][E][esp32-hal-i2c-ng.c:275] i2cWrite(): i2c_master_transmit failed: [259] ESP_ERR_INVALID_STATE

[ 18451][E][esp32-hal-i2c-ng.c:275] i2cWrite(): i2c_master_transmit failed: [259] ESP_ERR_INVALID_STATE

[ 18453][E][esp32-hal-i2c-ng.c:275] i2cWrite(): i2c_master_transmit failed: [259] ESP_ERR_INVALID_STATE

[ 18455][E][esp32-hal-i2c-ng.c:275] i2cWrite(): i2c_master_transmit failed: [259] ESP_ERR_INVALID_STATE

[ 18457][E][esp32-hal-i2c-ng.c:275] i2cWrite(): i2c_master_transmit failed: [259] ESP_ERR_INVALID_STATE

[ 18459][E][esp32-hal-i2c-ng.c:275] i2cWrite(): i2c_master_transmit failed: [259] ESP_ERR_INVALID_STATE

[ 18461][E][esp32-hal-i2c-ng.c:275] i2cWrite(): i2c_master_transmit failed: [259] ESP_ERR_INVALID_STATE

[ 18463][E][esp32-hal-i2c-ng.c:275] i2cWrite(): i2c_master_transmit failed: [259] ESP_ERR_INVALID_STATE

[ 18465][E][esp32-hal-i2c-ng.c:275] i2cWrite(): i2c_master_transmit failed: [259] ESP_ERR_INVALID_STATE

[ 18467][E][esp32-hal-i2c-ng.c:275] i2cWrite(): i2c_master_transmit failed: [259] ESP_ERR_INVALID_STATE

[ 18469][E][esp32-hal-i2c-ng.c:275] i2cWrite(): i2c_master_transmit failed: [259] ESP_ERR_INVALID_STATE

[ 18471][E][esp32-hal-i2c-ng.c:275] i2cWrite(): i2c_master_transmit failed: [259] ESP_ERR_INVALID_STATE

[ 18473][E][esp32-hal-i2c-ng.c:275] i2cWrite(): i2c_master_transmit failed: [259] ESP_ERR_INVALID_STATE

[ 18475][E][esp32-hal-i2c-ng.c:275] i2cWrite(): i2c_master_transmit failed: [259] ESP_ERR_INVALID_STATE

[ 18477][E][esp32-hal-i2c-ng.c:275] i2cWrite(): i2c_master_transmit failed: [259] ESP_ERR_INVALID_STATE

[ 18479][E][esp32-hal-i2c-ng.c:275] i2cWrite(): i2c_master_transmit failed: [259] ESP_ERR_INVALID_STATE

[ 18481][E][esp32-hal-i2c-ng.c:275] i2cWrite(): i2c_master_transmit failed: [259] ESP_ERR_INVALID_STATE

[ 18483][E][esp32-hal-i2c-ng.c:275] i2cWrite(): i2c_master_transmit failed: [259] ESP_ERR_INVALID_STATE

[ 18485][E][esp32-hal-i2c-ng.c:275] i2cWrite(): i2c_master_transmit failed: [259] ESP_ERR_INVALID_STATE

[ 18487][E][esp32-hal-i2c-ng.c:275] i2cWrite(): i2c_master_transmit failed: [259] ESP_ERR_INVALID_STATE

[ 18489][E][esp32-hal-i2c-ng.c:275] i2cWrite(): i2c_master_transmit failed: [259] ESP_ERR_INVALID_STATE

[ 18491][E][esp32-hal-i2c-ng.c:275] i2cWrite(): i2c_master_transmit failed: [259] ESP_ERR_INVALID_STATE

[ 18493][E][esp32-hal-i2c-ng.c:275] i2cWrite(): i2c_master_transmit failed: [259] ESP_ERR_INVALID_STATE

[ 18495][E][esp32-hal-i2c-ng.c:275] i2cWrite(): i2c_master_transmit failed: [259] ESP_ERR_INVALID_STATE

[ 18497][E][esp32-hal-i2c-ng.c:275] i2cWrite(): i2c_master_transmit failed: [259] ESP_ERR_INVALID_STATE

[ 18499][E][esp32-hal-i2c-ng.c:275] i2cWrite(): i2c_master_transmit failed: [259] ESP_ERR_INVALID_STATE

[ 18501][E][esp32-hal-i2c-ng.c:275] i2cWrite(): i2c_master_transmit failed: [259] ESP_ERR_INVALID_STATE

[ 18503][E][esp32-hal-i2c-ng.c:275] i2cWrite(): i2c_master_transmit failed: [259] ESP_ERR_INVALID_STATE

[ 18505][E][esp32-hal-i2c-ng.c:275] i2cWrite(): i2c_master_transmit failed: [259] ESP_ERR_INVALID_STATE

[ 18507][E][esp32-hal-i2c-ng.c:275] i2cWrite(): i2c_master_transmit failed: [259] ESP_ERR_INVALID_STATE

[ 18509][E][esp32-hal-i2c-ng.c:275] i2cWrite(): i2c_master_transmit failed: [259] ESP_ERR_INVALID_STATE

[ 18511][E][esp32-hal-i2c-ng.c:275] i2cWrite(): i2c_master_transmit failed: [259] ESP_ERR_INVALID_STATE

[ 18513][E][esp32-hal-i2c-ng.c:275] i2cWrite(): i2c_master_transmit failed: [259] ESP_ERR_INVALID_STATE

[ 18515][E][esp32-hal-i2c-ng.c:275] i2cWrite(): i2c_master_transmit failed: [259] ESP_ERR_INVALID_STATE

[ 18517][E][esp32-hal-i2c-ng.c:275] i2cWrite(): i2c_master_transmit failed: [259] ESP_ERR_INVALID_STATE

[ 18519][E][esp32-hal-i2c-ng.c:275] i2cWrite(): i2c_master_transmit failed: [259] ESP_ERR_INVALID_STATE

[ 18521][E][esp32-hal-i2c-ng.c:275] i2cWrite(): i2c_master_transmit failed: [259] ESP_ERR_INVALID_STATE

[ 18523][E][esp32-hal-i2c-ng.c:275] i2cWrite(): i2c_master_transmit failed: [259] ESP_ERR_INVALID_STATE

[ 18525][E][esp32-hal-i2c-ng.c:275] i2cWrite(): i2c_master_transmit failed: [259] ESP_ERR_INVALID_STATE

[ 18527][E][esp32-hal-i2c-ng.c:275] i2cWrite(): i2c_master_transmit failed: [259] ESP_ERR_INVALID_STATE

[ 18529][E][esp32-hal-i2c-ng.c:275] i2cWrite(): i2c_master_transmit failed: [259] ESP_ERR_INVALID_STATE

[ 18531][E][esp32-hal-i2c-ng.c:275] i2cWrite(): i2c_master_transmit failed: [259] ESP_ERR_INVALID_STATE

[ 18533][E][esp32-hal-i2c-ng.c:275] i2cWrite(): i2c_master_transmit failed: [259] ESP_ERR_INVALID_STATE

[ 18535][E][esp32-hal-i2c-ng.c:275] i2cWrite(): i2c_master_transmit failed: [259] ESP_ERR_INVALID_STATE

[ 18537][E][esp32-hal-i2c-ng.c:275] i2cWrite(): i2c_master_transmit failed: [259] ESP_ERR_INVALID_STATE

[ 18539][E][esp32-hal-i2c-ng.c:275] i2cWrite(): i2c_master_transmit failed: [259] ESP_ERR_INVALID_STATE

[ 18541][E][esp32-hal-i2c-ng.c:275] i2cWrite(): i2c_master_transmit failed: [259] ESP_ERR_INVALID_STATE

[ 18543][E][esp32-hal-i2c-ng.c:275] i2cWrite(): i2c_master_transmit failed: [259] ESP_ERR_INVALID_STATE

[ 18545][E][esp32-hal-i2c-ng.c:275] i2cWrite(): i2c_master_transmit failed: [259] ESP_ERR_INVALID_STATE

[ 18547][E][esp32-hal-i2c-ng.c:275] i2cWrite(): i2c_master_transmit failed: [259] ESP_ERR_INVALID_STATE

[ 18549][E][esp32-hal-i2c-ng.c:275] i2cWrite(): i2c_master_transmit failed: [259] ESP_ERR_INVALID_STATE

[ 18551][E][esp32-hal-i2c-ng.c:275] i2cWrite(): i2c_master_transmit failed: [259] ESP_ERR_INVALID_STATE

[ 18553][E][esp32-hal-i2c-ng.c:275] i2cWrite(): i2c_master_transmit failed: [259] ESP_ERR_INVALID_STATE

[ 18555][E][esp32-hal-i2c-ng.c:275] i2cWrite(): i2c_master_transmit failed: [259] ESP_ERR_INVALID_STATE

[ 18557][E][esp32-hal-i2c-ng.c:275] i2cWrite(): i2c_master_transmit failed: [259] ESP_ERR_INVALID_STATE

[ 18559][E][esp32-hal-i2c-ng.c:275] i2cWrite(): i2c_master_transmit failed: [259] ESP_ERR_INVALID_STATE

[ 18561][E][esp32-hal-i2c-ng.c:275] i2cWrite(): i2c_master_transmit failed: [259] ESP_ERR_INVALID_STATE

[ 18563][E][esp32-hal-i2c-ng.c:275] i2cWrite(): i2c_master_transmit failed: [259] ESP_ERR_INVALID_STATE

[ 18565][E][esp32-hal-i2c-ng.c:275] i2cWrite(): i2c_master_transmit failed: [259] ESP_ERR_INVALID_STATE

[ 18567][E][esp32-hal-i2c-ng.c:275] i2cWrite(): i2c_master_transmit failed: [259] ESP_ERR_INVALID_STATE

[ 18569][E][esp32-hal-i2c-ng.c:275] i2cWrite(): i2c_master_transmit failed: [259] ESP_ERR_INVALID_STATE

[ 18571][E][esp32-hal-i2c-ng.c:275] i2cWrite(): i2c_master_transmit failed: [259] ESP_ERR_INVALID_STATE

[ 18573][E][esp32-hal-i2c-ng.c:275] i2cWrite(): i2c_master_transmit failed: [259] ESP_ERR_INVALID_STATE

[ 18575][E][esp32-hal-i2c-ng.c:275] i2cWrite(): i2c_master_transmit failed: [259] ESP_ERR_INVALID_STATE

[ 18577][E][esp32-hal-i2c-ng.c:275] i2cWrite(): i2c_master_transmit failed: [259] ESP_ERR_INVALID_STATE

[ 18579][E][esp32-hal-i2c-ng.c:275] i2cWrite(): i2c_master_transmit failed: [259] ESP_ERR_INVALID_STATE

[ 18581][E][esp32-hal-i2c-ng.c:275] i2cWrite(): i2c_master_transmit failed: [259] ESP_ERR_INVALID_STATE

[ 18583][E][esp32-hal-i2c-ng.c:275] i2cWrite(): i2c_master_transmit failed: [259] ESP_ERR_INVALID_STATE

[ 18585][E][esp32-hal-i2c-ng.c:275] i2cWrite(): i2c_master_transmit failed: [259] ESP_ERR_INVALID_STATE

[ 18587][E][esp32-hal-i2c-ng.c:275] i2cWrite(): i2c_master_transmit failed: [259] ESP_ERR_INVALID_STATE

[ 18589][E][esp32-hal-i2c-ng.c:275] i2cWrite(): i2c_master_transmit failed: [259] ESP_ERR_INVALID_STATE

[ 18591][E][esp32-hal-i2c-ng.c:275] i2cWrite(): i2c_master_transmit failed: [259] ESP_ERR_INVALID_STATE

[ 18593][E][esp32-hal-i2c-ng.c:275] i2cWrite(): i2c_master_transmit failed: [259] ESP_ERR_INVALID_STATE

[ 18595][E][esp32-hal-i2c-ng.c:275] i2cWrite(): i2c_master_transmit failed: [259] ESP_ERR_INVALID_STATE

[ 18597][E][esp32-hal-i2c-ng.c:275] i2cWrite(): i2c_master_transmit failed: [259] ESP_ERR_INVALID_STATE

[ 18599][E][esp32-hal-i2c-ng.c:275] i2cWrite(): i2c_master_transmit failed: [259] ESP_ERR_INVALID_STATE

[ 18601][E][esp32-hal-i2c-ng.c:275] i2cWrite(): i2c_master_transmit failed: [259] ESP_ERR_INVALID_STATE

[ 18603][E][esp32-hal-i2c-ng.c:275] i2cWrite(): i2c_master_transmit failed: [259] ESP_ERR_INVALID_STATE

[ 18605][E][esp32-hal-i2c-ng.c:275] i2cWrite(): i2c_master_transmit failed: [259] ESP_ERR_INVALID_STATE

[ 18607][E][esp32-hal-i2c-ng.c:275] i2cWrite(): i2c_master_transmit failed: [259] ESP_ERR_INVALID_STATE

[ 18609][E][esp32-hal-i2c-ng.c:275] i2cWrite(): i2c_master_transmit failed: [259] ESP_ERR_INVALID_STATE

[ 18611][E][esp32-hal-i2c-ng.c:275] i2cWrite(): i2c_master_transmit failed: [259] ESP_ERR_INVALID_STATE

[ 18613][E][esp32-hal-i2c-ng.c:275] i2cWrite(): i2c_master_transmit failed: [259] ESP_ERR_INVALID_STATE

[ 18615][E][esp32-hal-i2c-ng.c:275] i2cWrite(): i2c_master_transmit failed: [259] ESP_ERR_INVALID_STATE

[ 18617][E][esp32-hal-i2c-ng.c:275] i2cWrite(): i2c_master_transmit failed: [259] ESP_ERR_INVALID_STATE

[ 18619][E][esp32-hal-i2c-ng.c:275] i2cWrite(): i2c_master_transmit failed: [259] ESP_ERR_INVALID_STATE

[ 18621][E][esp32-hal-i2c-ng.c:275] i2cWrite(): i2c_master_transmit failed: [259] ESP_ERR_INVALID_STATE

[ 18623][E][esp32-hal-i2c-ng.c:275] i2cWrite(): i2c_master_transmit failed: [259] ESP_ERR_INVALID_STATE

[ 18625][E][esp32-hal-i2c-ng.c:275] i2cWrite(): i2c_master_transmit failed: [259] ESP_ERR_INVALID_STATE

[ 18627][E][esp32-hal-i2c-ng.c:275] i2cWrite(): i2c_master_transmit failed: [259] ESP_ERR_INVALID_STATE

[ 18629][E][esp32-hal-i2c-ng.c:275] i2cWrite(): i2c_master_transmit failed: [259] ESP_ERR_INVALID_STATE

[ 18631][E][esp32-hal-i2c-ng.c:275] i2cWrite(): i2c_master_transmit failed: [259] ESP_ERR_INVALID_STATE

[ 18633][E][esp32-hal-i2c-ng.c:275] i2cWrite(): i2c_master_transmit failed: [259] ESP_ERR_INVALID_STATE

[ 18635][E][esp32-hal-i2c-ng.c:275] i2cWrite(): i2c_master_transmit failed: [259] ESP_ERR_INVALID_STATE

[ 18637][E][esp32-hal-i2c-ng.c:275] i2cWrite(): i2c_master_transmit failed: [259] ESP_ERR_INVALID_STATE

[ 18639][E][esp32-hal-i2c-ng.c:275] i2cWrite(): i2c_master_transmit failed: [259] ESP_ERR_INVALID_STATE

[ 18641][E][esp32-hal-i2c-ng.c:275] i2cWrite(): i2c_master_transmit failed: [259] ESP_ERR_INVALID_STATE

[ 18643][E][esp32-hal-i2c-ng.c:275] i2cWrite(): i2c_master_transmit failed: [259] ESP_ERR_INVALID_STATE

[ 18645][E][esp32-hal-i2c-ng.c:275] i2cWrite(): i2c_master_transmit failed: [259] ESP_ERR_INVALID_STATE

[ 18647][E][esp32-hal-i2c-ng.c:275] i2cWrite(): i2c_master_transmit failed: [259] ESP_ERR_INVALID_STATE

[ 18649][E][esp32-hal-i2c-ng.c:275] i2cWrite(): i2c_master_transmit failed: [259] ESP_ERR_INVALID_STATE

[ 18651][E][esp32-hal-i2c-ng.c:275] i2cWrite(): i2c_master_transmit failed: [259] ESP_ERR_INVALID_STATE

[ 18653][E][esp32-hal-i2c-ng.c:275] i2cWrite(): i2c_master_transmit failed: [259] ESP_ERR_INVALID_STATE

[ 18655][E][esp32-hal-i2c-ng.c:275] i2cWrite(): i2c_master_transmit failed: [259] ESP_ERR_INVALID_STATE

[ 18657][E][esp32-hal-i2c-ng.c:275] i2cWrite(): i2c_master_transmit failed: [259] ESP_ERR_INVALID_STATE

[ 18659][E][esp32-hal-i2c-ng.c:275] i2cWrite(): i2c_master_transmit failed: [259] ESP_ERR_INVALID_STATE

[ 18661][E][esp32-hal-i2c-ng.c:275] i2cWrite(): i2c_master_transmit failed: [259] ESP_ERR_INVALID_STATE

[ 18663][E][esp32-hal-i2c-ng.c:275] i2cWrite(): i2c_master_transmit failed: [259] ESP_ERR_INVALID_STATE

[ 18665][E][esp32-hal-i2c-ng.c:275] i2cWrite(): i2c_master_transmit failed: [259] ESP_ERR_INVALID_STATE

[ 18667][E][esp32-hal-i2c-ng.c:275] i2cWrite(): i2c_master_transmit failed: [259] ESP_ERR_INVALID_STATE

[ 18669][E][esp32-hal-i2c-ng.c:275] i2cWrite(): i2c_master_transmit failed: [259] ESP_ERR_INVALID_STATE

[ 18671][E][esp32-hal-i2c-ng.c:275] i2cWrite(): i2c_master_transmit failed: [259] ESP_ERR_INVALID_STATE

[ 18673][E][esp32-hal-i2c-ng.c:275] i2cWrite(): i2c_master_transmit failed: [259] ESP_ERR_INVALID_STATE

[ 18675][E][esp32-hal-i2c-ng.c:275] i2cWrite(): i2c_master_transmit failed: [259] ESP_ERR_INVALID_STATE

[ 18677][E][esp32-hal-i2c-ng.c:275] i2cWrite(): i2c_master_transmit failed: [259] ESP_ERR_INVALID_STATE

[ 18679][E][esp32-hal-i2c-ng.c:275] i2cWrite(): i2c_master_transmit failed: [259] ESP_ERR_INVALID_STATE

[ 18681][E][esp32-hal-i2c-ng.c:275] i2cWrite(): i2c_master_transmit failed: [259] ESP_ERR_INVALID_STATE

[ 18683][E][esp32-hal-i2c-ng.c:275] i2cWrite(): i2c_master_transmit failed: [259] ESP_ERR_INVALID_STATE

[ 18685][E][esp32-hal-i2c-ng.c:275] i2cWrite(): i2c_master_transmit failed: [259] ESP_ERR_INVALID_STATE

[ 18687][E][esp32-hal-i2c-ng.c:275] i2cWrite(): i2c_master_transmit failed: [259] ESP_ERR_INVALID_STATE

[ 18689][E][esp32-hal-i2c-ng.c:275] i2cWrite(): i2c_master_transmit failed: [259] ESP_ERR_INVALID_STATE

[ 18691][E][esp32-hal-i2c-ng.c:275] i2cWrite(): i2c_master_transmit failed: [259] ESP_ERR_INVALID_STATE

[ 18693][E][esp32-hal-i2c-ng.c:275] i2cWrite(): i2c_master_transmit failed: [259] ESP_ERR_INVALID_STATE

[ 18695][E][esp32-hal-i2c-ng.c:275] i2cWrite(): i2c_master_transmit failed: [259] ESP_ERR_INVALID_STATE

[ 18697][E][esp32-hal-i2c-ng.c:275] i2cWrite(): i2c_master_transmit failed: [259] ESP_ERR_INVALID_STATE

[ 18699][E][esp32-hal-i2c-ng.c:275] i2cWrite(): i2c_master_transmit failed: [259] ESP_ERR_INVALID_STATE

[ 18701][E][esp32-hal-i2c-ng.c:275] i2cWrite(): i2c_master_transmit failed: [259] ESP_ERR_INVALID_STATE

[ 18703][E][esp32-hal-i2c-ng.c:275] i2cWrite(): i2c_master_transmit failed: [259] ESP_ERR_INVALID_STATE

[ 18705][E][esp32-hal-i2c-ng.c:275] i2cWrite(): i2c_master_transmit failed: [259] ESP_ERR_INVALID_STATE

[ 18707][E][esp32-hal-i2c-ng.c:275] i2cWrite(): i2c_master_transmit failed: [259] ESP_ERR_INVALID_STATE

[ 18709][E][esp32-hal-i2c-ng.c:275] i2cWrite(): i2c_master_transmit failed: [259] ESP_ERR_INVALID_STATE

[ 18711][E][esp32-hal-i2c-ng.c:275] i2cWrite(): i2c_master_transmit failed: [259] ESP_ERR_INVALID_STATE

[ 18713][E][esp32-hal-i2c-ng.c:275] i2cWrite(): i2c_master_transmit failed: [259] ESP_ERR_INVALID_STATE

[ 18715][E][esp32-hal-i2c-ng.c:275] i2cWrite(): i2c_master_transmit failed: [259] ESP_ERR_INVALID_STATE

[ 18717][E][esp32-hal-i2c-ng.c:275] i2cWrite(): i2c_master_transmit failed: [259] ESP_ERR_INVALID_STATE

[ 18719][E][esp32-hal-i2c-ng.c:275] i2cWrite(): i2c_master_transmit failed: [259] ESP_ERR_INVALID_STATE

[ 18721][E][esp32-hal-i2c-ng.c:275] i2cWrite(): i2c_master_transmit failed: [259] ESP_ERR_INVALID_STATE

[ 18723][E][esp32-hal-i2c-ng.c:275] i2cWrite(): i2c_master_transmit failed: [259] ESP_ERR_INVALID_STATE

[ 18725][E][esp32-hal-i2c-ng.c:275] i2cWrite(): i2c_master_transmit failed: [259] ESP_ERR_INVALID_STATE

[ 18727][E][esp32-hal-i2c-ng.c:275] i2cWrite(): i2c_master_transmit failed: [259] ESP_ERR_INVALID_STATE

[ 18729][E][esp32-hal-i2c-ng.c:275] i2cWrite(): i2c_master_transmit failed: [259] ESP_ERR_INVALID_STATE

[ 18731][E][esp32-hal-i2c-ng.c:275] i2cWrite(): i2c_master_transmit failed: [259] ESP_ERR_INVALID_STATE

[ 18733][E][esp32-hal-i2c-ng.c:275] i2cWrite(): i2c_master_transmit failed: [259] ESP_ERR_INVALID_STATE

[ 18735][E][esp32-hal-i2c-ng.c:275] i2cWrite(): i2c_master_transmit failed: [259] ESP_ERR_INVALID_STATE

[ 18737][E][esp32-hal-i2c-ng.c:275] i2cWrite(): i2c_master_transmit failed: [259] ESP_ERR_INVALID_STATE

[ 18739][E][esp32-hal-i2c-ng.c:275] i2cWrite(): i2c_master_transmit failed: [259] ESP_ERR_INVALID_STATE

[ 18741][E][esp32-hal-i2c-ng.c:275] i2cWrite(): i2c_master_transmit failed: [259] ESP_ERR_INVALID_STATE

[ 18743][E][esp32-hal-i2c-ng.c:275] i2cWrite(): i2c_master_transmit failed: [259] ESP_ERR_INVALID_STATE

[ 18745][E][esp32-hal-i2c-ng.c:275] i2cWrite(): i2c_master_transmit failed: [259] ESP_ERR_INVALID_STATE

[ 18747][E][esp32-hal-i2c-ng.c:275] i2cWrite(): i2c_master_transmit failed: [259] ESP_ERR_INVALID_STATE

[ 18749][E][esp32-hal-i2c-ng.c:275] i2cWrite(): i2c_master_transmit failed: [259] ESP_ERR_INVALID_STATE

[ 18751][E][esp32-hal-i2c-ng.c:275] i2cWrite(): i2c_master_transmit failed: [259] ESP_ERR_INVALID_STATE

[ 18753][E][esp32-hal-i2c-ng.c:275] i2cWrite(): i2c_master_transmit failed: [259] ESP_ERR_INVALID_STATE

[ 18755][E][esp32-hal-i2c-ng.c:275] i2cWrite(): i2c_master_transmit failed: [259] ESP_ERR_INVALID_STATE

[ 18757][E][esp32-hal-i2c-ng.c:275] i2cWrite(): i2c_master_transmit failed: [259] ESP_ERR_INVALID_STATE

[ 18759][E][esp32-hal-i2c-ng.c:275] i2cWrite(): i2c_master_transmit failed: [259] ESP_ERR_INVALID_STATE

[ 18761][E][esp32-hal-i2c-ng.c:275] i2cWrite(): i2c_master_transmit failed: [259] ESP_ERR_INVALID_STATE

[ 18763][E][esp32-hal-i2c-ng.c:275] i2cWrite(): i2c_master_transmit failed: [259] ESP_ERR_INVALID_STATE

[ 18765][E][esp32-hal-i2c-ng.c:275] i2cWrite(): i2c_master_transmit failed: [259] ESP_ERR_INVALID_STATE

[ 18767][E][esp32-hal-i2c-ng.c:275] i2cWrite(): i2c_master_transmit failed: [259] ESP_ERR_INVALID_STATE

[ 18769][E][esp32-hal-i2c-ng.c:275] i2cWrite(): i2c_master_transmit failed: [259] ESP_ERR_INVALID_STATE

[ 18771][E][esp32-hal-i2c-ng.c:275] i2cWrite(): i2c_master_transmit failed: [259] ESP_ERR_INVALID_STATE

[ 18773][E][esp32-hal-i2c-ng.c:275] i2cWrite(): i2c_master_transmit failed: [259] ESP_ERR_INVALID_STATE

[ 18775][E][esp32-hal-i2c-ng.c:275] i2cWrite(): i2c_master_transmit failed: [259] ESP_ERR_INVALID_STATE

[ 18777][E][esp32-hal-i2c-ng.c:275] i2cWrite(): i2c_master_transmit failed: [259] ESP_ERR_INVALID_STATE

[ 18779][E][esp32-hal-i2c-ng.c:275] i2cWrite(): i2c_master_transmit failed: [259] ESP_ERR_INVALID_STATE

[ 18781][E][esp32-hal-i2c-ng.c:275] i2cWrite(): i2c_master_transmit failed: [259] ESP_ERR_INVALID_STATE

[ 18783][E][esp32-hal-i2c-ng.c:275] i2cWrite(): i2c_master_transmit failed: [259] ESP_ERR_INVALID_STATE

[ 18785][E][esp32-hal-i2c-ng.c:275] i2cWrite(): i2c_master_transmit failed: [259] ESP_ERR_INVALID_STATE

[ 18787][E][esp32-hal-i2c-ng.c:275] i2cWrite(): i2c_master_transmit failed: [259] ESP_ERR_INVALID_STATE

[ 18789][E][esp32-hal-i2c-ng.c:275] i2cWrite(): i2c_master_transmit failed: [259] ESP_ERR_INVALID_STATE

[ 18791][E][esp32-hal-i2c-ng.c:275] i2cWrite(): i2c_master_transmit failed: [259] ESP_ERR_INVALID_STATE

[ 18793][E][esp32-hal-i2c-ng.c:275] i2cWrite(): i2c_master_transmit failed: [259] ESP_ERR_INVALID_STATE

[ 18795][E][esp32-hal-i2c-ng.c:275] i2cWrite(): i2c_master_transmit failed: [259] ESP_ERR_INVALID_STATE

[ 18797][E][esp32-hal-i2c-ng.c:275] i2cWrite(): i2c_master_transmit failed: [259] ESP_ERR_INVALID_STATE

[ 18799][E][esp32-hal-i2c-ng.c:275] i2cWrite(): i2c_master_transmit failed: [259] ESP_ERR_INVALID_STATE

[ 18801][E][esp32-hal-i2c-ng.c:275] i2cWrite(): i2c_master_transmit failed: [259] ESP_ERR_INVALID_STATE

[ 18803][E][esp32-hal-i2c-ng.c:275] i2cWrite(): i2c_master_transmit failed: [259] ESP_ERR_INVALID_STATE

[ 18805][E][esp32-hal-i2c-ng.c:275] i2cWrite(): i2c_master_transmit failed: [259] ESP_ERR_INVALID_STATE

[ 18807][E][esp32-hal-i2c-ng.c:275] i2cWrite(): i2c_master_transmit failed: [259] ESP_ERR_INVALID_STATE

[ 18809][E][esp32-hal-i2c-ng.c:275] i2cWrite(): i2c_master_transmit failed: [259] ESP_ERR_INVALID_STATE

[ 18811][E][esp32-hal-i2c-ng.c:275] i2cWrite(): i2c_master_transmit failed: [259] ESP_ERR_INVALID_STATE

[ 18813][E][esp32-hal-i2c-ng.c:275] i2cWrite(): i2c_master_transmit failed: [259] ESP_ERR_INVALID_STATE

[ 18815][E][esp32-hal-i2c-ng.c:275] i2cWrite(): i2c_master_transmit failed: [259] ESP_ERR_INVALID_STATE

[ 18817][E][esp32-hal-i2c-ng.c:275] i2cWrite(): i2c_master_transmit failed: [259] ESP_ERR_INVALID_STATE

[ 18819][E][esp32-hal-i2c-ng.c:275] i2cWrite(): i2c_master_transmit failed: [259] ESP_ERR_INVALID_STATE

[ 18821][E][esp32-hal-i2c-ng.c:275] i2cWrite(): i2c_master_transmit failed: [259] ESP_ERR_INVALID_STATE

[ 18823][E][esp32-hal-i2c-ng.c:275] i2cWrite(): i2c_master_transmit failed: [259] ESP_ERR_INVALID_STATE

[ 18825][E][esp32-hal-i2c-ng.c:275] i2cWrite(): i2c_master_transmit failed: [259] ESP_ERR_INVALID_STATE

[ 18827][E][esp32-hal-i2c-ng.c:275] i2cWrite(): i2c_master_transmit failed: [259] ESP_ERR_INVALID_STATE

[ 18829][E][esp32-hal-i2c-ng.c:275] i2cWrite(): i2c_master_transmit failed: [259] ESP_ERR_INVALID_STATE

[ 18831][E][esp32-hal-i2c-ng.c:275] i2cWrite(): i2c_master_transmit failed: [259] ESP_ERR_INVALID_STATE

[ 18833][E][esp32-hal-i2c-ng.c:275] i2cWrite(): i2c_master_transmit failed: [259] ESP_ERR_INVALID_STATE

[ 18835][E][esp32-hal-i2c-ng.c:275] i2cWrite(): i2c_master_transmit failed: [259] ESP_ERR_INVALID_STATE

[ 18837][E][esp32-hal-i2c-ng.c:275] i2cWrite(): i2c_master_transmit failed: [259] ESP_ERR_INVALID_STATE

[ 18839][E][esp32-hal-i2c-ng.c:275] i2cWrite(): i2c_master_transmit failed: [259] ESP_ERR_INVALID_STATE

[ 18841][E][esp32-hal-i2c-ng.c:275] i2cWrite(): i2c_master_transmit failed: [259] ESP_ERR_INVALID_STATE

[ 18843][E][esp32-hal-i2c-ng.c:275] i2cWrite(): i2c_master_transmit failed: [259] ESP_ERR_INVALID_STATE

[ 18845][E][esp32-hal-i2c-ng.c:275] i2cWrite(): i2c_master_transmit failed: [259] ESP_ERR_INVALID_STATE

[ 18847][E][esp32-hal-i2c-ng.c:275] i2cWrite(): i2c_master_transmit failed: [259] ESP_ERR_INVALID_STATE

[ 18849][E][esp32-hal-i2c-ng.c:275] i2cWrite(): i2c_master_transmit failed: [259] ESP_ERR_INVALID_STATE

[ 18851][E][esp32-hal-i2c-ng.c:275] i2cWrite(): i2c_master_transmit failed: [259] ESP_ERR_INVALID_STATE

[ 18853][E][esp32-hal-i2c-ng.c:275] i2cWrite(): i2c_master_transmit failed: [259] ESP_ERR_INVALID_STATE

[ 18855][E][esp32-hal-i2c-ng.c:275] i2cWrite(): i2c_master_transmit failed: [259] ESP_ERR_INVALID_STATE

[ 18857][E][esp32-hal-i2c-ng.c:275] i2cWrite(): i2c_master_transmit failed: [259] ESP_ERR_INVALID_STATE

[ 18859][E][esp32-hal-i2c-ng.c:275] i2cWrite(): i2c_master_transmit failed: [259] ESP_ERR_INVALID_STATE

[ 18861][I][mai[ 18861][E][esp32-hal-i2c-ng.c:275] i2cWrite(): i2c_master_transmit failed: [259] ESP_ERR_INVALID_STATE

n.cpp:580] vTaskLogData(): [NaMa] Current State: 2

[ 18863][E][esp32-hal-i2c-ng.c:275] i2cWrite(): i2c_master_transmit failed: [259] ESP_ERR_INVALID_STATE

[ 18865][E][esp32-hal-i2c-ng.c:275] i2cWrite(): i2c_master_transmit failed: [259] ESP_ERR_INVALID_STATE

[ 18867][E][esp32-hal-i2c-ng.c:275] i2cWrite(): i2c_master_transmit failed: [259] ESP_ERR_INVALID_STATE

[ 18869][E][esp32-hal-i2c-ng.c:275] i2cWrite(): i2c_master_transmit failed: [259] ESP_ERR_INVALID_STATE

[ 18871][E][esp32-hal-i2c-ng.c:275] i2cWrite(): i2c_master_transmit failed: [259] ESP_ERR_INVALID_STATE

[ 18873][E][esp32-hal-i2c-ng.c:275] i2cWrite(): i2c_master_transmit failed: [259] ESP_ERR_INVALID_STATE

[ 18875][E][esp32-hal-i2c-ng.c:275] i2cWrite(): i2c_master_transmit failed: [259] ESP_ERR_INVALID_STATE

[ 18877][E][esp32-hal-i2c-ng.c:275] i2cWrite(): i2c_master_transmit failed: [259] ESP_ERR_INVALID_STATE

[ 18879][E][esp32-hal-i2c-ng.c:275] i2cWrite(): i2c_master_transmit failed: [259] ESP_ERR_INVALID_STATE

[ 18881][E][esp32-hal-i2c-ng.c:275] i2cWrite(): i2c_master_transmit failed: [259] ESP_ERR_INVALID_STATE

[ 18883][E][esp32-hal-i2c-ng.c:275] i2cWrite(): i2c_master_transmit failed: [259] ESP_ERR_INVALID_STATE

[ 18885][E][esp32-hal-i2c-ng.c:275] i2cWrite(): i2c_master_transmit failed: [259] ESP_ERR_INVALID_STATE

[ 18887][E][esp32-hal-i2c-ng.c:275] i2cWrite(): i2c_master_transmit failed: [259] ESP_ERR_INVALID_STATE

[ 18889][E][esp32-hal-i2c-ng.c:275] i2cWrite(): i2c_master_transmit failed: [259] ESP_ERR_INVALID_STATE

[ 18891][E][esp32-hal-i2c-ng.c:275] i2cWrite(): i2c_master_transmit failed: [259] ESP_ERR_INVALID_STATE

[ 18893][E][esp32-hal-i2c-ng.c:275] i2cWrite(): i2c_master_transmit failed: [259] ESP_ERR_INVALID_STATE

[ 18895][E][esp32-hal-i2c-ng.c:275] i2cWrite(): i2c_master_transmit failed: [259] ESP_ERR_INVALID_STATE

[ 18897][E][esp32-hal-i2c-ng.c:275] i2cWrite(): i2c_master_transmit failed: [259] ESP_ERR_INVALID_STATE

[ 18899][E][esp32-hal-i2c-ng.c:275] i2cWrite(): i2c_master_transmit failed: [259] ESP_ERR_INVALID_STATE

[ 18901][E][esp32-hal-i2c-ng.c:275] i2cWrite(): i2c_master_transmit failed: [259] ESP_ERR_INVALID_STATE

[ 18903][E][esp32-hal-i2c-ng.c:275] i2cWrite(): i2c_master_transmit failed: [259] ESP_ERR_INVALID_STATE

[ 18905][E][esp32-hal-i2c-ng.c:275] i2cWrite(): i2c_master_transmit failed: [259] ESP_ERR_INVALID_STATE

[ 18907][E][esp32-hal-i2c-ng.c:275] i2cWrite(): i2c_master_transmit failed: [259] ESP_ERR_INVALID_STATE

[ 18909][E][esp32-hal-i2c-ng.c:275] i2cWrite(): i2c_master_transmit failed: [259] ESP_ERR_INVALID_STATE

[ 18911][E][esp32-hal-i2c-ng.c:275] i2cWrite(): i2c_master_transmit failed: [259] ESP_ERR_INVALID_STATE

[ 18913][E][esp32-hal-i2c-ng.c:275] i2cWrite(): i2c_master_transmit failed: [259] ESP_ERR_INVALID_STATE

[ 18915][E][esp32-hal-i2c-ng.c:275] i2cWrite(): i2c_master_transmit failed: [259] ESP_ERR_INVALID_STATE

[ 18917][E][esp32-hal-i2c-ng.c:275] i2cWrite(): i2c_master_transmit failed: [259] ESP_ERR_INVALID_STATE

[ 18919][E][esp32-hal-i2c-ng.c:275] i2cWrite(): i2c_master_transmit failed: [259] ESP_ERR_INVALID_STATE

[ 18921][E][esp32-hal-i2c-ng.c:275] i2cWrite(): i2c_master_transmit failed: [259] ESP_ERR_INVALID_STATE

[ 18923][E][esp32-hal-i2c-ng.c:275] i2cWrite(): i2c_master_transmit failed: [259] ESP_ERR_INVALID_STATE

[ 18925][E][esp32-hal-i2c-ng.c:275] i2cWrite(): i2c_master_transmit failed: [259] ESP_ERR_INVALID_STATE

[ 18927][E][esp32-hal-i2c-ng.c:275] i2cWrite(): i2c_master_transmit failed: [259] ESP_ERR_INVALID_STATE

[ 18929][E][esp32-hal-i2c-ng.c:275] i2cWrite(): i2c_master_transmit failed: [259] ESP_ERR_INVALID_STATE

[ 18931][E][esp32-hal-i2c-ng.c:275] i2cWrite(): i2c_master_transmit failed: [259] ESP_ERR_INVALID_STATE

[ 18933][E][esp32-hal-i2c-ng.c:275] i2cWrite(): i2c_master_transmit failed: [259] ESP_ERR_INVALID_STATE

[ 18935][E][esp32-hal-i2c-ng.c:275] i2cWrite(): i2c_master_transmit failed: [259] ESP_ERR_INVALID_STATE

[ 18937][E][esp32-hal-i2c-ng.c:275] i2cWrite(): i2c_master_transmit failed: [259] ESP_ERR_INVALID_STATE

[ 18939][E][esp32-hal-i2c-ng.c:275] i2cWrite(): i2c_master_transmit failed: [259] ESP_ERR_INVALID_STATE

[ 18941][E][esp32-hal-i2c-ng.c:275] i2cWrite(): i2c_master_transmit failed: [259] ESP_ERR_INVALID_STATE

[ 18943][E][esp32-hal-i2c-ng.c:275] i2cWrite(): i2c_master_transmit failed: [259] ESP_ERR_INVALID_STATE

[ 18945][E][esp32-hal-i2c-ng.c:275] i2cWrite(): i2c_master_transmit failed: [259] ESP_ERR_INVALID_STATE

[ 18947][E][esp32-hal-i2c-ng.c:275] i2cWrite(): i2c_master_transmit failed: [259] ESP_ERR_INVALID_STATE

[ 18949][E][esp32-hal-i2c-ng.c:275] i2cWrite(): i2c_master_transmit failed: [259] ESP_ERR_INVALID_STATE

[ 18951][E][esp32-hal-i2c-ng.c:275] i2cWrite(): i2c_master_transmit failed: [259] ESP_ERR_INVALID_STATE

[ 18953][E][esp32-hal-i2c-ng.c:275] i2cWrite(): i2c_master_transmit failed: [259] ESP_ERR_INVALID_STATE

[ 18955][E][esp32-hal-i2c-ng.c:275] i2cWrite(): i2c_master_transmit failed: [259] ESP_ERR_INVALID_STATE

[ 18957][E][esp32-hal-i2c-ng.c:275] i2cWrite(): i2c_master_transmit failed: [259] ESP_ERR_INVALID_STATE

[ 18959][E][esp32-hal-i2c-ng.c:275] i2cWrite(): i2c_master_transmit failed: [259] ESP_ERR_INVALID_STATE

[ 18961][E][esp32-hal-i2c-ng.c:275] i2cWrite(): i2c_master_transmit failed: [259] ESP_ERR_INVALID_STATE

[ 18963][E][esp32-hal-i2c-ng.c:275] i2cWrite(): i2c_master_transmit failed: [259] ESP_ERR_INVALID_STATE

[ 18965][E][esp32-hal-i2c-ng.c:275] i2cWrite(): i2c_master_transmit failed: [259] ESP_ERR_INVALID_STATE

[ 18967][E][esp32-hal-i2c-ng.c:275] i2cWrite(): i2c_master_transmit failed: [259] ESP_ERR_INVALID_STATE

[ 18969][E][esp32-hal-i2c-ng.c:275] i2cWrite(): i2c_master_transmit failed: [259] ESP_ERR_INVALID_STATE

[ 18971][E][esp32-hal-i2c-ng.c:275] i2cWrite(): i2c_master_transmit failed: [259] ESP_ERR_INVALID_STATE

[ 18973][E][esp32-hal-i2c-ng.c:275] i2cWrite(): i2c_master_transmit failed: [259] ESP_ERR_INVALID_STATE

[ 18975][E][esp32-hal-i2c-ng.c:275] i2cWrite(): i2c_master_transmit failed: [259] ESP_ERR_INVALID_STATE

[ 18977][E][esp32-hal-i2c-ng.c:275] i2cWrite(): i2c_master_transmit failed: [259] ESP_ERR_INVALID_STATE

[ 18979][E][esp32-hal-i2c-ng.c:275] i2cWrite(): i2c_master_transmit failed: [259] ESP_ERR_INVALID_STATE

[ 18981][E][esp32-hal-i2c-ng.c:275] i2cWrite(): i2c_master_transmit failed: [259] ESP_ERR_INVALID_STATE

[ 18983][E][esp32-hal-i2c-ng.c:275] i2cWrite(): i2c_master_transmit failed: [259] ESP_ERR_INVALID_STATE

[ 18985][E][esp32-hal-i2c-ng.c:275] i2cWrite(): i2c_master_transmit failed: [259] ESP_ERR_INVALID_STATE

[ 18987][E][esp32-hal-i2c-ng.c:275] i2cWrite(): i2c_master_transmit failed: [259] ESP_ERR_INVALID_STATE

[ 18989][E][esp32-hal-i2c-ng.c:275] i2cWrite(): i2c_master_transmit failed: [259] ESP_ERR_INVALID_STATE

[ 18991][E][esp32-hal-i2c-ng.c:275] i2cWrite(): i2c_master_transmit failed: [259] ESP_ERR_INVALID_STATE

[ 18993][E][esp32-hal-i2c-ng.c:275] i2cWrite(): i2c_master_transmit failed: [259] ESP_ERR_INVALID_STATE

[ 18995][E][esp32-hal-i2c-ng.c:275] i2cWrite(): i2c_master_transmit failed: [259] ESP_ERR_INVALID_STATE

[ 18997][E][esp32-hal-i2c-ng.c:275] i2cWrite(): i2c_master_transmit failed: [259] ESP_ERR_INVALID_STATE

[ 18999][E][esp32-hal-i2c-ng.c:275] i2cWrite(): i2c_master_transmit failed: [259] ESP_ERR_INVALID_STATE

[ 19001][E][esp32-hal-i2c-ng.c:275] i2cWrite(): i2c_master_transmit failed: [259] ESP_ERR_INVALID_STATE

[ 19003][E][esp32-hal-i2c-ng.c:275] i2cWrite(): i2c_master_transmit failed: [259] ESP_ERR_INVALID_STATE

[ 19005][E][esp32-hal-i2c-ng.c:275] i2cWrite(): i2c_master_transmit failed: [259] ESP_ERR_INVALID_STATE

[ 19007][E][esp32-hal-i2c-ng.c:275] i2cWrite(): i2c_master_transmit failed: [259] ESP_ERR_INVALID_STATE

[ 19009][E][esp32-hal-i2c-ng.c:275] i2cWrite(): i2c_master_transmit failed: [259] ESP_ERR_INVALID_STATE

[ 19011][E][esp32-hal-i2c-ng.c:275] i2cWrite(): i2c_master_transmit failed: [259] ESP_ERR_INVALID_STATE

[ 19013][E][esp32-hal-i2c-ng.c:275] i2cWrite(): i2c_master_transmit failed: [259] ESP_ERR_INVALID_STATE

[ 19015][E][esp32-hal-i2c-ng.c:275] i2cWrite(): i2c_master_transmit failed: [259] ESP_ERR_INVALID_STATE

[ 19017][E][esp32-hal-i2c-ng.c:275] i2cWrite(): i2c_master_transmit failed: [259] ESP_ERR_INVALID_STATE

[ 19019][E][esp32-hal-i2c-ng.c:275] i2cWrite(): i2c_master_transmit failed: [259] ESP_ERR_INVALID_STATE

[ 19021][E][esp32-hal-i2c-ng.c:275] i2cWrite(): i2c_master_transmit failed: [259] ESP_ERR_INVALID_STATE

[ 19023][E][esp32-hal-i2c-ng.c:275] i2cWrite(): i2c_master_transmit failed: [259] ESP_ERR_INVALID_STATE

[ 19025][E][esp32-hal-i2c-ng.c:275] i2cWrite(): i2c_master_transmit failed: [259] ESP_ERR_INVALID_STATE

[ 19027][E][esp32-hal-i2c-ng.c:275] i2cWrite(): i2c_master_transmit failed: [259] ESP_ERR_INVALID_STATE

[ 19029][E][esp32-hal-i2c-ng.c:275] i2cWrite(): i2c_master_transmit failed: [259] ESP_ERR_INVALID_STATE

[ 19031][E][esp32-hal-i2c-ng.c:275] i2cWrite(): i2c_master_transmit failed: [259] ESP_ERR_INVALID_STATE

[ 19033][E][esp32-hal-i2c-ng.c:275] i2cWrite(): i2c_master_transmit failed: [259] ESP_ERR_INVALID_STATE

[ 19035][E][esp32-hal-i2c-ng.c:275] i2cWrite(): i2c_master_transmit failed: [259] ESP_ERR_INVALID_STATE

[ 19037][E][esp32-hal-i2c-ng.c:275] i2cWrite(): i2c_master_transmit failed: [259] ESP_ERR_INVALID_STATE

[ 19039][E][esp32-hal-i2c-ng.c:275] i2cWrite(): i2c_master_transmit failed: [259] ESP_ERR_INVALID_STATE

[ 19041][E][esp32-hal-i2c-ng.c:275] i2cWrite(): i2c_master_transmit failed: [259] ESP_ERR_INVALID_STATE

[ 19043][E][esp32-hal-i2c-ng.c:275] i2cWrite(): i2c_master_transmit failed: [259] ESP_ERR_INVALID_STATE

[ 19045][E][esp32-hal-i2c-ng.c:275] i2cWrite(): i2c_master_transmit failed: [259] ESP_ERR_INVALID_STATE

[ 19047][E][esp32-hal-i2c-ng.c:275] i2cWrite(): i2c_master_transmit failed: [259] ESP_ERR_INVALID_STATE

[ 19049][E][esp32-hal-i2c-ng.c:275] i2cWrite(): i2c_master_transmit failed: [259] ESP_ERR_INVALID_STATE

[ 19051][E][esp32-hal-i2c-ng.c:275] i2cWrite(): i2c_master_transmit failed: [259] ESP_ERR_INVALID_STATE

[ 19053][E][esp32-hal-i2c-ng.c:275] i2cWrite(): i2c_master_transmit failed: [259] ESP_ERR_INVALID_STATE

[ 19055][E][esp32-hal-i2c-ng.c:275] i2cWrite(): i2c_master_transmit failed: [259] ESP_ERR_INVALID_STATE

[ 19057][E][esp32-hal-i2c-ng.c:275] i2cWrite(): i2c_master_transmit failed: [259] ESP_ERR_INVALID_STATE

[ 19059][E][esp32-hal-i2c-ng.c:275] i2cWrite(): i2c_master_transmit failed: [259] ESP_ERR_INVALID_STATE

[ 19061][E][esp32-hal-i2c-ng.c:275] i2cWrite(): i2c_master_transmit failed: [259] ESP_ERR_INVALID_STATE

[ 19063][E][esp32-hal-i2c-ng.c:275] i2cWrite(): i2c_master_transmit failed: [259] ESP_ERR_INVALID_STATE

[ 19065][E][esp32-hal-i2c-ng.c:275] i2cWrite(): i2c_master_transmit failed: [259] ESP_ERR_INVALID_STATE

[ 19067][E][esp32-hal-i2c-ng.c:275] i2cWrite(): i2c_master_transmit failed: [259] ESP_ERR_INVALID_STATE

[ 19069][E][esp32-hal-i2c-ng.c:275] i2cWrite(): i2c_master_transmit failed: [259] ESP_ERR_INVALID_STATE

[ 19071][E][esp32-hal-i2c-ng.c:275] i2cWrite(): i2c_master_transmit failed: [259] ESP_ERR_INVALID_STATE

[ 19073][E][esp32-hal-i2c-ng.c:275] i2cWrite(): i2c_master_transmit failed: [259] ESP_ERR_INVALID_STATE

[ 19075][E][esp32-hal-i2c-ng.c:275] i2cWrite(): i2c_master_transmit failed: [259] ESP_ERR_INVALID_STATE

[ 19077][E][esp32-hal-i2c-ng.c:275] i2cWrite(): i2c_master_transmit failed: [259] ESP_ERR_INVALID_STATE

[ 19079][E][esp32-hal-i2c-ng.c:275] i2cWrite(): i2c_master_transmit failed: [259] ESP_ERR_INVALID_STATE

[ 19081][E][esp32-hal-i2c-ng.c:275] i2cWrite(): i2c_master_transmit failed: [259] ESP_ERR_INVALID_STATE

[ 19083][E][esp32-hal-i2c-ng.c:275] i2cWrite(): i2c_master_transmit failed: [259] ESP_ERR_INVALID_STATE

[ 19085][E][esp32-hal-i2c-ng.c:275] i2cWrite(): i2c_master_transmit failed: [259] ESP_ERR_INVALID_STATE

[ 19087][E][esp32-hal-i2c-ng.c:275] i2cWrite(): i2c_master_transmit failed: [259] ESP_ERR_INVALID_STATE

[ 19089][E][esp32-hal-i2c-ng.c:275] i2cWrite(): i2c_master_transmit failed: [259] ESP_ERR_INVALID_STATE

[ 19091][E][esp32-hal-i2c-ng.c:275] i2cWrite(): i2c_master_transmit failed: [259] ESP_ERR_INVALID_STATE

[ 19093][E][esp32-hal-i2c-ng.c:275] i2cWrite(): i2c_master_transmit failed: [259] ESP_ERR_INVALID_STATE

[ 19095][E][esp32-hal-i2c-ng.c:275] i2cWrite(): i2c_master_transmit failed: [259] ESP_ERR_INVALID_STATE

[ 19097][E][esp32-hal-i2c-ng.c:275] i2cWrite(): i2c_master_transmit failed: [259] ESP_ERR_INVALID_STATE

[ 19099][E][esp32-hal-i2c-ng.c:275] i2cWrite(): i2c_master_transmit failed: [259] ESP_ERR_INVALID_STATE

[ 19101][E][esp32-hal-i2c-ng.c:275] i2cWrite(): i2c_master_transmit failed: [259] ESP_ERR_INVALID_STATE

[ 19103][E][esp32-hal-i2c-ng.c:275] i2cWrite(): i2c_master_transmit failed: [259] ESP_ERR_INVALID_STATE

[ 19105][E][esp32-hal-i2c-ng.c:275] i2cWrite(): i2c_master_transmit failed: [259] ESP_ERR_INVALID_STATE

[ 19107][E][esp32-hal-i2c-ng.c:275] i2cWrite(): i2c_master_transmit failed: [259] ESP_ERR_INVALID_STATE

[ 19109][E][esp32-hal-i2c-ng.c:275] i2cWrite(): i2c_master_transmit failed: [259] ESP_ERR_INVALID_STATE

[ 19111][E][esp32-hal-i2c-ng.c:275] i2cWrite(): i2c_master_transmit failed: [259] ESP_ERR_INVALID_STATE

[ 19113][E][esp32-hal-i2c-ng.c:275] i2cWrite(): i2c_master_transmit failed: [259] ESP_ERR_INVALID_STATE

[ 19115][E][esp32-hal-i2c-ng.c:275] i2cWrite(): i2c_master_transmit failed: [259] ESP_ERR_INVALID_STATE

[ 19117][E][esp32-hal-i2c-ng.c:275] i2cWrite(): i2c_master_transmit failed: [259] ESP_ERR_INVALID_STATE

[ 19119][E][esp32-hal-i2c-ng.c:275] i2cWrite(): i2c_master_transmit failed: [259] ESP_ERR_INVALID_STATE

[ 19121][E][esp32-hal-i2c-ng.c:275] i2cWrite(): i2c_master_transmit failed: [259] ESP_ERR_INVALID_STATE

[ 19123][E][esp32-hal-i2c-ng.c:275] i2cWrite(): i2c_master_transmit failed: [259] ESP_ERR_INVALID_STATE

[ 19125][E][esp32-hal-i2c-ng.c:275] i2cWrite(): i2c_master_transmit failed: [259] ESP_ERR_INVALID_STATE

[ 19127][E][esp32-hal-i2c-ng.c:275] i2cWrite(): i2c_master_transmit failed: [259] ESP_ERR_INVALID_STATE

[ 19129][E][esp32-hal-i2c-ng.c:275] i2cWrite(): i2c_master_transmit failed: [259] ESP_ERR_INVALID_STATE

[ 19131][E][esp32-hal-i2c-ng.c:275] i2cWrite(): i2c_master_transmit failed: [259] ESP_ERR_INVALID_STATE

[ 19133][E][esp32-hal-i2c-ng.c:275] i2cWrite(): i2c_master_transmit failed: [259] ESP_ERR_INVALID_STATE

[ 19135][E][esp32-hal-i2c-ng.c:275] i2cWrite(): i2c_master_transmit failed: [259] ESP_ERR_INVALID_STATE

[ 19137][E][esp32-hal-i2c-ng.c:275] i2cWrite(): i2c_master_transmit failed: [259] ESP_ERR_INVALID_STATE

[ 19139][E][esp32-hal-i2c-ng.c:275] i2cWrite(): i2c_master_transmit failed: [259] ESP_ERR_INVALID_STATE

[ 19141][E][esp32-hal-i2c-ng.c:275] i2cWrite(): i2c_master_transmit failed: [259] ESP_ERR_INVALID_STATE

[ 19143][E][esp32-hal-i2c-ng.c:275] i2cWrite(): i2c_master_transmit failed: [259] ESP_ERR_INVALID_STATE

[ 19145][E][esp32-hal-i2c-ng.c:275] i2cWrite(): i2c_master_transmit failed: [259] ESP_ERR_INVALID_STATE

[ 19147][E][esp32-hal-i2c-ng.c:275] i2cWrite(): i2c_master_transmit failed: [259] ESP_ERR_INVALID_STATE

[ 19149][E][esp32-hal-i2c-ng.c:275] i2cWrite(): i2c_master_transmit failed: [259] ESP_ERR_INVALID_STATE

[ 19151][E][esp32-hal-i2c-ng.c:275] i2cWrite(): i2c_master_transmit failed: [259] ESP_ERR_INVALID_STATE

[ 19153][E][esp32-hal-i2c-ng.c:275] i2cWrite(): i2c_master_transmit failed: [259] ESP_ERR_INVALID_STATE

[ 19155][E][esp32-hal-i2c-ng.c:275] i2cWrite(): i2c_master_transmit failed: [259] ESP_ERR_INVALID_STATE

[ 19157][E][esp32-hal-i2c-ng.c:275] i2cWrite(): i2c_master_transmit failed: [259] ESP_ERR_INVALID_STATE

[ 19159][E][esp32-hal-i2c-ng.c:275] i2cWrite(): i2c_master_transmit failed: [259] ESP_ERR_INVALID_STATE

[ 19161][E][esp32-hal-i2c-ng.c:275] i2cWrite(): i2c_master_transmit failed: [259] ESP_ERR_INVALID_STATE

[ 19163][E][esp32-hal-i2c-ng.c:275] i2cWrite(): i2c_master_transmit failed: [259] ESP_ERR_INVALID_STATE

[ 19165][E][esp32-hal-i2c-ng.c:275] i2cWrite(): i2c_master_transmit failed: [259] ESP_ERR_INVALID_STATE

[ 19167][E][esp32-hal-i2c-ng.c:275] i2cWrite(): i2c_master_transmit failed: [259] ESP_ERR_INVALID_STATE

[ 19169][E][esp32-hal-i2c-ng.c:275] i2cWrite(): i2c_master_transmit failed: [259] ESP_ERR_INVALID_STATE

[ 19171][E][esp32-hal-i2c-ng.c:275] i2cWrite(): i2c_master_transmit failed: [259] ESP_ERR_INVALID_STATE

[ 19173][E][esp32-hal-i2c-ng.c:275] i2cWrite(): i2c_master_transmit failed: [259] ESP_ERR_INVALID_STATE

[ 19175][E][esp32-hal-i2c-ng.c:275] i2cWrite(): i2c_master_transmit failed: [259] ESP_ERR_INVALID_STATE

[ 19177][E][esp32-hal-i2c-ng.c:275] i2cWrite(): i2c_master_transmit failed: [259] ESP_ERR_INVALID_STATE

[ 19179][E][esp32-hal-i2c-ng.c:275] i2cWrite(): i2c_master_transmit failed: [259] ESP_ERR_INVALID_STATE

[ 19181][E][esp32-hal-i2c-ng.c:275] i2cWrite(): i2c_master_transmit failed: [259] ESP_ERR_INVALID_STATE

[ 19183][E][esp32-hal-i2c-ng.c:275] i2cWrite(): i2c_master_transmit failed: [259] ESP_ERR_INVALID_STATE

[ 19185][E][esp32-hal-i2c-ng.c:275] i2cWrite(): i2c_master_transmit failed: [259] ESP_ERR_INVALID_STATE

[ 19187][E][esp32-hal-i2c-ng.c:275] i2cWrite(): i2c_master_transmit failed: [259] ESP_ERR_INVALID_STATE

[ 19189][E][esp32-hal-i2c-ng.c:275] i2cWrite(): i2c_master_transmit failed: [259] ESP_ERR_INVALID_STATE

[ 19191][E][esp32-hal-i2c-ng.c:275] i2cWrite(): i2c_master_transmit failed: [259] ESP_ERR_INVALID_STATE

[ 19193][E][esp32-hal-i2c-ng.c:275] i2cWrite(): i2c_master_transmit failed: [259] ESP_ERR_INVALID_STATE

[ 19195][E][esp32-hal-i2c-ng.c:275] i2cWrite(): i2c_master_transmit failed: [259] ESP_ERR_INVALID_STATE

[ 19197][E][esp32-hal-i2c-ng.c:275] i2cWrite(): i2c_master_transmit failed: [259] ESP_ERR_INVALID_STATE

[ 19199][E][esp32-hal-i2c-ng.c:275] i2cWrite(): i2c_master_transmit failed: [259] ESP_ERR_INVALID_STATE

[ 19201][E][esp32-hal-i2c-ng.c:275] i2cWrite(): i2c_master_transmit failed: [259] ESP_ERR_INVALID_STATE

[ 19203][E][esp32-hal-i2c-ng.c:275] i2cWrite(): i2c_master_transmit failed: [259] ESP_ERR_INVALID_STATE

[ 19205][E][esp32-hal-i2c-ng.c:275] i2cWrite(): i2c_master_transmit failed: [259] ESP_ERR_INVALID_STATE

[ 19207][E][esp32-hal-i2c-ng.c:275] i2cWrite(): i2c_master_transmit failed: [259] ESP_ERR_INVALID_STATE

[ 19209][E][esp32-hal-i2c-ng.c:275] i2cWrite(): i2c_master_transmit failed: [259] ESP_ERR_INVALID_STATE

[ 19211][E][esp32-hal-i2c-ng.c:275] i2cWrite(): i2c_master_transmit failed: [259] ESP_ERR_INVALID_STATE

[ 19213][E][esp32-hal-i2c-ng.c:275] i2cWrite(): i2c_master_transmit failed: [259] ESP_ERR_INVALID_STATE

[ 19215][E][esp32-hal-i2c-ng.c:275] i2cWrite(): i2c_master_transmit failed: [259] ESP_ERR_INVALID_STATE

[ 19217][E][esp32-hal-i2c-ng.c:275] i2cWrite(): i2c_master_transmit failed: [259] ESP_ERR_INVALID_STATE

[ 19219][E][esp32-hal-i2c-ng.c:275] i2cWrite(): i2c_master_transmit failed: [259] ESP_ERR_INVALID_STATE

[ 19221][E][esp32-hal-i2c-ng.c:275] i2cWrite(): i2c_master_transmit failed: [259] ESP_ERR_INVALID_STATE

[ 19223][E][esp32-hal-i2c-ng.c:275] i2cWrite(): i2c_master_transmit failed: [259] ESP_ERR_INVALID_STATE

[ 19225][E][esp32-hal-i2c-ng.c:275] i2cWrite(): i2c_master_transmit failed: [259] ESP_ERR_INVALID_STATE

[ 19227][E][esp32-hal-i2c-ng.c:275] i2cWrite(): i2c_master_transmit failed: [259] ESP_ERR_INVALID_STATE

[ 19229][E][esp32-hal-i2c-ng.c:275] i2cWrite(): i2c_master_transmit failed: [259] ESP_ERR_INVALID_STATE

[ 19231][E][esp32-hal-i2c-ng.c:275] i2cWrite(): i2c_master_transmit failed: [259] ESP_ERR_INVALID_STATE

[ 19233][E][esp32-hal-i2c-ng.c:275] i2cWrite(): i2c_master_transmit failed: [259] ESP_ERR_INVALID_STATE

[ 19235][E][esp32-hal-i2c-ng.c:275] i2cWrite(): i2c_master_transmit failed: [259] ESP_ERR_INVALID_STATE

[ 19237][E][esp32-hal-i2c-ng.c:275] i2cWrite(): i2c_master_transmit failed: [259] ESP_ERR_INVALID_STATE

[ 19239][E][esp32-hal-i2c-ng.c:275] i2cWrite(): i2c_master_transmit failed: [259] ESP_ERR_INVALID_STATE

[ 19241][E][esp32-hal-i2c-ng.c:275] i2cWrite(): i2c_master_transmit failed: [259] ESP_ERR_INVALID_STATE

[ 19243][E][esp32-hal-i2c-ng.c:275] i2cWrite(): i2c_master_transmit failed: [259] ESP_ERR_INVALID_STATE

[ 19245][E][esp32-hal-i2c-ng.c:275] i2cWrite(): i2c_master_transmit failed: [259] ESP_ERR_INVALID_STATE

[ 19247][E][esp32-hal-i2c-ng.c:275] i2cWrite(): i2c_master_transmit failed: [259] ESP_ERR_INVALID_STATE

[ 19249][E][esp32-hal-i2c-ng.c:275] i2cWrite(): i2c_master_transmit failed: [259] ESP_ERR_INVALID_STATE

[ 19251][E][esp32-hal-i2c-ng.c:275] i2cWrite(): i2c_master_transmit failed: [259] ESP_ERR_INVALID_STATE

[ 19253][E][esp32-hal-i2c-ng.c:275] i2cWrite(): i2c_master_transmit failed: [259] ESP_ERR_INVALID_STATE

[ 19255][E][esp32-hal-i2c-ng.c:275] i2cWrite(): i2c_master_transmit failed: [259] ESP_ERR_INVALID_STATE

[ 19257][E][esp32-hal-i2c-ng.c:275] i2cWrite(): i2c_master_transmit failed: [259] ESP_ERR_INVALID_STATE

[ 19259][E][esp32-hal-i2c-ng.c:275] i2cWrite(): i2c_master_transmit failed: [259] ESP_ERR_INVALID_STATE

[ 19261][E][esp32-hal-i2c-ng.c:275] i2cWrite(): i2c_master_transmit failed: [259] ESP_ERR_INVALID_STATE

[ 19263][E][esp32-hal-i2c-ng.c:275] i2cWrite(): i2c_master_transmit failed: [259] ESP_ERR_INVALID_STATE

[ 19265][E][esp32-hal-i2c-ng.c:275] i2cWrite(): i2c_master_transmit failed: [259] ESP_ERR_INVALID_STATE

[ 19267][E][esp32-hal-i2c-ng.c:275] i2cWrite(): i2c_master_transmit failed: [259] ESP_ERR_INVALID_STATE

[ 19269][E][esp32-hal-i2c-ng.c:275] i2cWrite(): i2c_master_transmit failed: [259] ESP_ERR_INVALID_STATE

[ 19271][E][esp32-hal-i2c-ng.c:275] i2cWrite(): i2c_master_transmit failed: [259] ESP_ERR_INVALID_STATE

[ 19273][E][esp32-hal-i2c-ng.c:275] i2cWrite(): i2c_master_transmit failed: [259] ESP_ERR_INVALID_STATE

[ 19275][E][esp32-hal-i2c-ng.c:275] i2cWrite(): i2c_master_transmit failed: [259] ESP_ERR_INVALID_STATE

[ 19277][E][esp32-hal-i2c-ng.c:275] i2cWrite(): i2c_master_transmit failed: [259] ESP_ERR_INVALID_STATE

[ 19279][E][esp32-hal-i2c-ng.c:275] i2cWrite(): i2c_master_transmit failed: [259] ESP_ERR_INVALID_STATE

[ 19281][E][esp32-hal-i2c-ng.c:275] i2cWrite(): i2c_master_transmit failed: [259] ESP_ERR_INVALID_STATE

[ 19283][E][esp32-hal-i2c-ng.c:275] i2cWrite(): i2c_master_transmit failed: [259] ESP_ERR_INVALID_STATE

[ 19285][E][esp32-hal-i2c-ng.c:275] i2cWrite(): i2c_master_transmit failed: [259] ESP_ERR_INVALID_STATE

[ 19287][E][esp32-hal-i2c-ng.c:275] i2cWrite(): i2c_master_transmit failed: [259] ESP_ERR_INVALID_STATE

[ 19289][E][esp32-hal-i2c-ng.c:275] i2cWrite(): i2c_master_transmit failed: [259] ESP_ERR_INVALID_STATE

[ 19291][E][esp32-hal-i2c-ng.c:275] i2cWrite(): i2c_master_transmit failed: [259] ESP_ERR_INVALID_STATE

[ 19293][E][esp32-hal-i2c-ng.c:275] i2cWrite(): i2c_master_transmit failed: [259] ESP_ERR_INVALID_STATE

[ 19295][E][esp32-hal-i2c-ng.c:275] i2cWrite(): i2c_master_transmit failed: [259] ESP_ERR_INVALID_STATE

[ 19297][E][esp32-hal-i2c-ng.c:275] i2cWrite(): i2c_master_transmit failed: [259] ESP_ERR_INVALID_STATE

[ 19299][E][esp32-hal-i2c-ng.c:275] i2cWrite(): i2c_master_transmit failed: [259] ESP_ERR_INVALID_STATE

[ 19301][E][esp32-hal-i2c-ng.c:275] i2cWrite(): i2c_master_transmit failed: [259] ESP_ERR_INVALID_STATE

[ 19303][E][esp32-hal-i2c-ng.c:275] i2cWrite(): i2c_master_transmit failed: [259] ESP_ERR_INVALID_STATE

[ 19305][E][esp32-hal-i2c-ng.c:275] i2cWrite(): i2c_master_transmit failed: [259] ESP_ERR_INVALID_STATE

[ 19307][E][esp32-hal-i2c-ng.c:275] i2cWrite(): i2c_master_transmit failed: [259] ESP_ERR_INVALID_STATE

[ 19309][E][esp32-hal-i2c-ng.c:275] i2cWrite(): i2c_master_transmit failed: [259] ESP_ERR_INVALID_STATE

[ 19311][E][esp32-hal-i2c-ng.c:275] i2cWrite(): i2c_master_transmit failed: [259] ESP_ERR_INVALID_STATE

[ 19313][E][esp32-hal-i2c-ng.c:275] i2cWrite(): i2c_master_transmit failed: [259] ESP_ERR_INVALID_STATE

[ 19315][E][esp32-hal-i2c-ng.c:275] i2cWrite(): i2c_master_transmit failed: [259] ESP_ERR_INVALID_STATE

[ 19317][E][esp32-hal-i2c-ng.c:275] i2cWrite(): i2c_master_transmit failed: [259] ESP_ERR_INVALID_STATE

[ 19319][E][esp32-hal-i2c-ng.c:275] i2cWrite(): i2c_master_transmit failed: [259] ESP_ERR_INVALID_STATE

[ 19321][E][esp32-hal-i2c-ng.c:275] i2cWrite(): i2c_master_transmit failed: [259] ESP_ERR_INVALID_STATE

[ 19323][E][esp32-hal-i2c-ng.c:275] i2cWrite(): i2c_master_transmit failed: [259] ESP_ERR_INVALID_STATE

[ 19325][E][esp32-hal-i2c-ng.c:275] i2cWrite(): i2c_master_transmit failed: [259] ESP_ERR_INVALID_STATE

[ 19327][E][esp32-hal-i2c-ng.c:275] i2cWrite(): i2c_master_transmit failed: [259] ESP_ERR_INVALID_STATE

[ 19329][E][esp32-hal-i2c-ng.c:275] i2cWrite(): i2c_master_transmit failed: [259] ESP_ERR_INVALID_STATE

[ 19331][E][esp32-hal-i2c-ng.c:275] i2cWrite(): i2c_master_transmit failed: [259] ESP_ERR_INVALID_STATE

[ 19333][E][esp32-hal-i2c-ng.c:275] i2cWrite(): i2c_master_transmit failed: [259] ESP_ERR_INVALID_STATE

[ 19335][E][esp32-hal-i2c-ng.c:275] i2cWrite(): i2c_master_transmit failed: [259] ESP_ERR_INVALID_STATE

[ 19337][E][esp32-hal-i2c-ng.c:275] i2cWrite(): i2c_master_transmit failed: [259] ESP_ERR_INVALID_STATE

[ 19339][E][esp32-hal-i2c-ng.c:275] i2cWrite(): i2c_master_transmit failed: [259] ESP_ERR_INVALID_STATE

[ 19341][E][esp32-hal-i2c-ng.c:275] i2cWrite(): i2c_master_transmit failed: [259] ESP_ERR_INVALID_STATE

[ 19343][E][esp32-hal-i2c-ng.c:275] i2cWrite(): i2c_master_transmit failed: [259] ESP_ERR_INVALID_STATE

[ 19345][E][esp32-hal-i2c-ng.c:275] i2cWrite(): i2c_master_transmit failed: [259] ESP_ERR_INVALID_STATE

[ 19347][E][esp32-hal-i2c-ng.c:275] i2cWrite(): i2c_master_transmit failed: [259] ESP_ERR_INVALID_STATE

[ 19349][E][esp32-hal-i2c-ng.c:275] i2cWrite(): i2c_master_transmit failed: [259] ESP_ERR_INVALID_STATE

[ 19351][E][esp32-hal-i2c-ng.c:275] i2cWrite(): i2c_master_transmit failed: [259] ESP_ERR_INVALID_STATE

[ 19353][E][esp32-hal-i2c-ng.c:275] i2cWrite(): i2c_master_transmit failed: [259] ESP_ERR_INVALID_STATE

[ 19355][E][esp32-hal-i2c-ng.c:275] i2cWrite(): i2c_master_transmit failed: [259] ESP_ERR_INVALID_STATE

[ 19357][E][esp32-hal-i2c-ng.c:275] i2cWrite(): i2c_master_transmit failed: [259] ESP_ERR_INVALID_STATE

[ 19359][E][esp32-hal-i2c-ng.c:275] i2cWrite(): i2c_master_transmit failed: [259] ESP_ERR_INVALID_STATE

[ 19361][E][esp32-hal-i2c-ng.c:275] i2cWrite(): i2c_master_transmit failed: [259] ESP_ERR_INVALID_STATE

[ 19363][E][esp32-hal-i2c-ng.c:275] i2cWrite(): i2c_master_transmit failed: [259] ESP_ERR_INVALID_STATE

[ 19365][E][esp32-hal-i2c-ng.c:275] i2cWrite(): i2c_master_transmit failed: [259] ESP_ERR_INVALID_STATE

[ 19367][E][esp32-hal-i2c-ng.c:275] i2cWrite(): i2c_master_transmit failed: [259] ESP_ERR_INVALID_STATE

[ 19369][E][esp32-hal-i2c-ng.c:275] i2cWrite(): i2c_master_transmit failed: [259] ESP_ERR_INVALID_STATE

[ 19371][E][esp32-hal-i2c-ng.c:275] i2cWrite(): i2c_master_transmit failed: [259] ESP_ERR_INVALID_STATE

[ 19373][E][esp32-hal-i2c-ng.c:275] i2cWrite(): i2c_master_transmit failed: [259] ESP_ERR_INVALID_STATE

[ 19375][E][esp32-hal-i2c-ng.c:275] i2cWrite(): i2c_master_transmit failed: [259] ESP_ERR_INVALID_STATE

[ 19377][E][esp32-hal-i2c-ng.c:275] i2cWrite(): i2c_master_transmit failed: [259] ESP_ERR_INVALID_STATE

[ 19379][E][esp32-hal-i2c-ng.c:275] i2cWrite(): i2c_master_transmit failed: [259] ESP_ERR_INVALID_STATE

[ 19381][E][esp32-hal-i2c-ng.c:275] i2cWrite(): i2c_master_transmit failed: [259] ESP_ERR_INVALID_STATE

[ 19383][E][esp32-hal-i2c-ng.c:275] i2cWrite(): i2c_master_transmit failed: [259] ESP_ERR_INVALID_STATE

[ 19385][E][esp32-hal-i2c-ng.c:275] i2cWrite(): i2c_master_transmit failed: [259] ESP_ERR_INVALID_STATE

[ 19387][E][esp32-hal-i2c-ng.c:275] i2cWrite(): i2c_master_transmit failed: [259] ESP_ERR_INVALID_STATE

[ 19389][E][esp32-hal-i2c-ng.c:275] i2cWrite(): i2c_master_transmit failed: [259] ESP_ERR_INVALID_STATE

[ 19391][E][esp32-hal-i2c-ng.c:275] i2cWrite(): i2c_master_transmit failed: [259] ESP_ERR_INVALID_STATE

[ 19393][E][esp32-hal-i2c-ng.c:275] i2cWrite(): i2c_master_transmit failed: [259] ESP_ERR_INVALID_STATE

[ 19395][E][esp32-hal-i2c-ng.c:275] i2cWrite(): i2c_master_transmit failed: [259] ESP_ERR_INVALID_STATE

[ 19397][E][esp32-hal-i2c-ng.c:275] i2cWrite(): i2c_master_transmit failed: [259] ESP_ERR_INVALID_STATE

[ 19399][E][esp32-hal-i2c-ng.c:275] i2cWrite(): i2c_master_transmit failed: [259] ESP_ERR_INVALID_STATE

[ 19401][E][esp32-hal-i2c-ng.c:275] i2cWrite(): i2c_master_transmit failed: [259] ESP_ERR_INVALID_STATE

[ 19403][E][esp32-hal-i2c-ng.c:275] i2cWrite(): i2c_master_transmit failed: [259] ESP_ERR_INVALID_STATE

[ 19405][E][esp32-hal-i2c-ng.c:275] i2cWrite(): i2c_master_transmit failed: [259] ESP_ERR_INVALID_STATE

[ 19407][E][esp32-hal-i2c-ng.c:275] i2cWrite(): i2c_master_transmit failed: [259] ESP_ERR_INVALID_STATE

[ 19409][E][esp32-hal-i2c-ng.c:275] i2cWrite(): i2c_master_transmit failed: [259] ESP_ERR_INVALID_STATE

[ 19411][E][esp32-hal-i2c-ng.c:275] i2cWrite(): i2c_master_transmit failed: [259] ESP_ERR_INVALID_STATE

[ 19413][E][esp32-hal-i2c-ng.c:275] i2cWrite(): i2c_master_transmit failed: [259] ESP_ERR_INVALID_STATE

[ 19415][E][esp32-hal-i2c-ng.c:275] i2cWrite(): i2c_master_transmit failed: [259] ESP_ERR_INVALID_STATE

[ 19417][E][esp32-hal-i2c-ng.c:275] i2cWrite(): i2c_master_transmit failed: [259] ESP_ERR_INVALID_STATE

[ 19419][E][esp32-hal-i2c-ng.c:275] i2cWrite(): i2c_master_transmit failed: [259] ESP_ERR_INVALID_STATE

[ 19421][E][esp32-hal-i2c-ng.c:275] i2cWrite(): i2c_master_transmit failed: [259] ESP_ERR_INVALID_STATE

[ 19423][E][esp32-hal-i2c-ng.c:275] i2cWrite(): i2c_master_transmit failed: [259] ESP_ERR_INVALID_STATE

[ 19425][E][esp32-hal-i2c-ng.c:275] i2cWrite(): i2c_master_transmit failed: [259] ESP_ERR_INVALID_STATE

[ 19427][E][esp32-hal-i2c-ng.c:275] i2cWrite(): i2c_master_transmit failed: [259] ESP_ERR_INVALID_STATE

[ 19429][E][esp32-hal-i2c-ng.c:275] i2cWrite(): i2c_master_transmit failed: [259] ESP_ERR_INVALID_STATE

[ 19431][E][esp32-hal-i2c-ng.c:275] i2cWrite(): i2c_master_transmit failed: [259] ESP_ERR_INVALID_STATE

[ 19433][E][esp32-hal-i2c-ng.c:275] i2cWrite(): i2c_master_transmit failed: [259] ESP_ERR_INVALID_STATE

[ 19435][E][esp32-hal-i2c-ng.c:275] i2cWrite(): i2c_master_transmit failed: [259] ESP_ERR_INVALID_STATE

[ 19437][E][esp32-hal-i2c-ng.c:275] i2cWrite(): i2c_master_transmit failed: [259] ESP_ERR_INVALID_STATE

[ 19439][E][esp32-hal-i2c-ng.c:275] i2cWrite(): i2c_master_transmit failed: [259] ESP_ERR_INVALID_STATE

[ 19441][E][esp32-hal-i2c-ng.c:275] i2cWrite(): i2c_master_transmit failed: [259] ESP_ERR_INVALID_STATE

[ 19443][E][esp32-hal-i2c-ng.c:275] i2cWrite(): i2c_master_transmit failed: [259] ESP_ERR_INVALID_STATE

[ 19445][E][esp32-hal-i2c-ng.c:275] i2cWrite(): i2c_master_transmit failed: [259] ESP_ERR_INVALID_STATE

[ 19447][E][esp32-hal-i2c-ng.c:275] i2cWrite(): i2c_master_transmit failed: [259] ESP_ERR_INVALID_STATE

[ 19449][E][esp32-hal-i2c-ng.c:275] i2cWrite(): i2c_master_transmit failed: [259] ESP_ERR_INVALID_STATE

[ 19451][E][esp32-hal-i2c-ng.c:275] i2cWrite(): i2c_master_transmit failed: [259] ESP_ERR_INVALID_STATE

[ 19453][E][esp32-hal-i2c-ng.c:275] i2cWrite(): i2c_master_transmit failed: [259] ESP_ERR_INVALID_STATE

[ 19455][E][esp32-hal-i2c-ng.c:275] i2cWrite(): i2c_master_transmit failed: [259] ESP_ERR_INVALID_STATE

[ 19457][E][esp32-hal-i2c-ng.c:275] i2cWrite(): i2c_master_transmit failed: [259] ESP_ERR_INVALID_STATE

[ 19459][E][esp32-hal-i2c-ng.c:275] i2cWrite(): i2c_master_transmit failed: [259] ESP_ERR_INVALID_STATE

[ 19461][E][esp32-hal-i2c-ng.c:275] i2cWrite(): i2c_master_transmit failed: [259] ESP_ERR_INVALID_STATE

[ 19463][E][esp32-hal-i2c-ng.c:275] i2cWrite(): i2c_master_transmit failed: [259] ESP_ERR_INVALID_STATE

[ 19465][E][esp32-hal-i2c-ng.c:275] i2cWrite(): i2c_master_transmit failed: [259] ESP_ERR_INVALID_STATE

[ 19467][E][esp32-hal-i2c-ng.c:275] i2cWrite(): i2c_master_transmit failed: [259] ESP_ERR_INVALID_STATE

[ 19469][E][esp32-hal-i2c-ng.c:275] i2cWrite(): i2c_master_transmit failed: [259] ESP_ERR_INVALID_STATE

[ 19471][E][esp32-hal-i2c-ng.c:275] i2cWrite(): i2c_master_transmit failed: [259] ESP_ERR_INVALID_STATE

[ 19473][E][esp32-hal-i2c-ng.c:275] i2cWrite(): i2c_master_transmit failed: [259] ESP_ERR_INVALID_STATE

[ 19475][E][esp32-hal-i2c-ng.c:275] i2cWrite(): i2c_master_transmit failed: [259] ESP_ERR_INVALID_STATE

[ 19477][E][esp32-hal-i2c-ng.c:275] i2cWrite(): i2c_master_transmit failed: [259] ESP_ERR_INVALID_STATE

[ 19479][E][esp32-hal-i2c-ng.c:275] i2cWrite(): i2c_master_transmit failed: [259] ESP_ERR_INVALID_STATE

[ 19481][E][esp32-hal-i2c-ng.c:275] i2cWrite(): i2c_master_transmit failed: [259] ESP_ERR_INVALID_STATE

[ 19483][E][esp32-hal-i2c-ng.c:275] i2cWrite(): i2c_master_transmit failed: [259] ESP_ERR_INVALID_STATE

[ 19485][E][esp32-hal-i2c-ng.c:275] i2cWrite(): i2c_master_transmit failed: [259] ESP_ERR_INVALID_STATE

[ 19487][E][esp32-hal-i2c-ng.c:275] i2cWrite(): i2c_master_transmit failed: [259] ESP_ERR_INVALID_STATE

[ 19489][E][esp32-hal-i2c-ng.c:275] i2cWrite(): i2c_master_transmit failed: [259] ESP_ERR_INVALID_STATE

[ 19491][E][esp32-hal-i2c-ng.c:275] i2cWrite(): i2c_master_transmit failed: [259] ESP_ERR_INVALID_STATE

[ 19493][E][esp32-hal-i2c-ng.c:275] i2cWrite(): i2c_master_transmit failed: [259] ESP_ERR_INVALID_STATE

[ 19495][E][esp32-hal-i2c-ng.c:275] i2cWrite(): i2c_master_transmit failed: [259] ESP_ERR_INVALID_STATE

[ 19497][E][esp32-hal-i2c-ng.c:275] i2cWrite(): i2c_master_transmit failed: [259] ESP_ERR_INVALID_STATE

[ 19499][E][esp32-hal-i2c-ng.c:275] i2cWrite(): i2c_master_transmit failed: [259] ESP_ERR_INVALID_STATE

[ 19501][E][esp32-hal-i2c-ng.c:275] i2cWrite(): i2c_master_transmit failed: [259] ESP_ERR_INVALID_STATE

[ 19503][E][esp32-hal-i2c-ng.c:275] i2cWrite(): i2c_master_transmit failed: [259] ESP_ERR_INVALID_STATE

[ 19505][E][esp32-hal-i2c-ng.c:275] i2cWrite(): i2c_master_transmit failed: [259] ESP_ERR_INVALID_STATE

[ 19507][E][esp32-hal-i2c-ng.c:275] i2cWrite(): i2c_master_transmit failed: [259] ESP_ERR_INVALID_STATE

[ 19509][E][esp32-hal-i2c-ng.c:275] i2cWrite(): i2c_master_transmit failed: [259] ESP_ERR_INVALID_STATE

[ 19511][E][esp32-hal-i2c-ng.c:275] i2cWrite(): i2c_master_transmit failed: [259] ESP_ERR_INVALID_STATE

[ 19513][E][esp32-hal-i2c-ng.c:275] i2cWrite(): i2c_master_transmit failed: [259] ESP_ERR_INVALID_STATE

[ 19515][E][esp32-hal-i2c-ng.c:275] i2cWrite(): i2c_master_transmit failed: [259] ESP_ERR_INVALID_STATE

[ 19517][E][esp32-hal-i2c-ng.c:275] i2cWrite(): i2c_master_transmit failed: [259] ESP_ERR_INVALID_STATE

[ 19519][E][esp32-hal-i2c-ng.c:275] i2cWrite(): i2c_master_transmit failed: [259] ESP_ERR_INVALID_STATE

[ 19521][E][esp32-hal-i2c-ng.c:275] i2cWrite(): i2c_master_transmit failed: [259] ESP_ERR_INVALID_STATE

[ 19523][E][esp32-hal-i2c-ng.c:275] i2cWrite(): i2c_master_transmit failed: [259] ESP_ERR_INVALID_STATE

[ 19525][E][esp32-hal-i2c-ng.c:275] i2cWrite(): i2c_master_transmit failed: [259] ESP_ERR_INVALID_STATE

[ 19527][E][esp32-hal-i2c-ng.c:275] i2cWrite(): i2c_master_transmit failed: [259] ESP_ERR_INVALID_STATE

[ 19529][E][esp32-hal-i2c-ng.c:275] i2cWrite(): i2c_master_transmit failed: [259] ESP_ERR_INVALID_STATE

[ 19531][E][esp32-hal-i2c-ng.c:275] i2cWrite(): i2c_master_transmit failed: [259] ESP_ERR_INVALID_STATE

[ 19533][E][esp32-hal-i2c-ng.c:275] i2cWrite(): i2c_master_transmit failed: [259] ESP_ERR_INVALID_STATE

[ 19535][E][esp32-hal-i2c-ng.c:275] i2cWrite(): i2c_master_transmit failed: [259] ESP_ERR_INVALID_STATE

[ 19537][E][esp32-hal-i2c-ng.c:275] i2cWrite(): i2c_master_transmit failed: [259] ESP_ERR_INVALID_STATE

[ 19539][E][esp32-hal-i2c-ng.c:275] i2cWrite(): i2c_master_transmit failed: [259] ESP_ERR_INVALID_STATE

[ 19541][E][esp32-hal-i2c-ng.c:275] i2cWrite(): i2c_master_transmit failed: [259] ESP_ERR_INVALID_STATE

[ 19543][E][esp32-hal-i2c-ng.c:275] i2cWrite(): i2c_master_transmit failed: [259] ESP_ERR_INVALID_STATE

[ 19545][E][esp32-hal-i2c-ng.c:275] i2cWrite(): i2c_master_transmit failed: [259] ESP_ERR_INVALID_STATE

[ 19547][E][esp32-hal-i2c-ng.c:275] i2cWrite(): i2c_master_transmit failed: [259] ESP_ERR_INVALID_STATE

[ 19549][E][esp32-hal-i2c-ng.c:275] i2cWrite(): i2c_master_transmit failed: [259] ESP_ERR_INVALID_STATE

[ 19551][E][esp32-hal-i2c-ng.c:275] i2cWrite(): i2c_master_transmit failed: [259] ESP_ERR_INVALID_STATE

[ 19553][E][esp32-hal-i2c-ng.c:275] i2cWrite(): i2c_master_transmit failed: [259] ESP_ERR_INVALID_STATE

[ 19555][E][esp32-hal-i2c-ng.c:275] i2cWrite(): i2c_master_transmit failed: [259] ESP_ERR_INVALID_STATE

[ 19557][E][esp32-hal-i2c-ng.c:275] i2cWrite(): i2c_master_transmit failed: [259] ESP_ERR_INVALID_STATE

[ 19559][E][esp32-hal-i2c-ng.c:275] i2cWrite(): i2c_master_transmit failed: [259] ESP_ERR_INVALID_STATE

[ 19561][E][esp32-hal-i2c-ng.c:275] i2cWrite(): i2c_master_transmit failed: [259] ESP_ERR_INVALID_STATE

[ 19563][E][esp32-hal-i2c-ng.c:275] i2cWrite(): i2c_master_transmit failed: [259] ESP_ERR_INVALID_STATE

[ 19565][E][esp32-hal-i2c-ng.c:275] i2cWrite(): i2c_master_transmit failed: [259] ESP_ERR_INVALID_STATE

[ 19567][E][esp32-hal-i2c-ng.c:275] i2cWrite(): i2c_master_transmit failed: [259] ESP_ERR_INVALID_STATE

[ 19569][E][esp32-hal-i2c-ng.c:275] i2cWrite(): i2c_master_transmit failed: [259] ESP_ERR_INVALID_STATE

[ 19571][E][esp32-hal-i2c-ng.c:275] i2cWrite(): i2c_master_transmit failed: [259] ESP_ERR_INVALID_STATE

[ 19573][E][esp32-hal-i2c-ng.c:275] i2cWrite(): i2c_master_transmit failed: [259] ESP_ERR_INVALID_STATE

[ 19575][E][esp32-hal-i2c-ng.c:275] i2cWrite(): i2c_master_transmit failed: [259] ESP_ERR_INVALID_STATE

[ 19577][E][esp32-hal-i2c-ng.c:275] i2cWrite(): i2c_master_transmit failed: [259] ESP_ERR_INVALID_STATE

[ 19579][E][esp32-hal-i2c-ng.c:275] i2cWrite(): i2c_master_transmit failed: [259] ESP_ERR_INVALID_STATE

[ 19581][E][esp32-hal-i2c-ng.c:275] i2cWrite(): i2c_master_transmit failed: [259] ESP_ERR_INVALID_STATE

[ 19583][E][esp32-hal-i2c-ng.c:275] i2cWrite(): i2c_master_transmit failed: [259] ESP_ERR_INVALID_STATE

[ 19585][E][esp32-hal-i2c-ng.c:275] i2cWrite(): i2c_master_transmit failed: [259] ESP_ERR_INVALID_STATE

[ 19587][E][esp32-hal-i2c-ng.c:275] i2cWrite(): i2c_master_transmit failed: [259] ESP_ERR_INVALID_STATE

[ 19589][E][esp32-hal-i2c-ng.c:275] i2cWrite(): i2c_master_transmit failed: [259] ESP_ERR_INVALID_STATE

[ 19591][E][esp32-hal-i2c-ng.c:275] i2cWrite(): i2c_master_transmit failed: [259] ESP_ERR_INVALID_STATE

[ 19593][E][esp32-hal-i2c-ng.c:275] i2cWrite(): i2c_master_transmit failed: [259] ESP_ERR_INVALID_STATE

[ 19595][E][esp32-hal-i2c-ng.c:275] i2cWrite(): i2c_master_transmit failed: [259] ESP_ERR_INVALID_STATE

[ 19597][E][esp32-hal-i2c-ng.c:275] i2cWrite(): i2c_master_transmit failed: [259] ESP_ERR_INVALID_STATE

[ 19599][E][esp32-hal-i2c-ng.c:275] i2cWrite(): i2c_master_transmit failed: [259] ESP_ERR_INVALID_STATE

[ 19601][E][esp32-hal-i2c-ng.c:275] i2cWrite(): i2c_master_transmit failed: [259] ESP_ERR_INVALID_STATE

[ 19603][E][esp32-hal-i2c-ng.c:275] i2cWrite(): i2c_master_transmit failed: [259] ESP_ERR_INVALID_STATE

[ 19605][E][esp32-hal-i2c-ng.c:275] i2cWrite(): i2c_master_transmit failed: [259] ESP_ERR_INVALID_STATE

[ 19607][E][esp32-hal-i2c-ng.c:275] i2cWrite(): i2c_master_transmit failed: [259] ESP_ERR_INVALID_STATE

[ 19609][E][esp32-hal-i2c-ng.c:275] i2cWrite(): i2c_master_transmit failed: [259] ESP_ERR_INVALID_STATE

[ 19611][E][esp32-hal-i2c-ng.c:275] i2cWrite(): i2c_master_transmit failed: [259] ESP_ERR_INVALID_STATE

[ 19613][E][esp32-hal-i2c-ng.c:275] i2cWrite(): i2c_master_transmit failed: [259] ESP_ERR_INVALID_STATE

[ 19615][E][esp32-hal-i2c-ng.c:275] i2cWrite(): i2c_master_transmit failed: [259] ESP_ERR_INVALID_STATE

[ 19617][E][esp32-hal-i2c-ng.c:275] i2cWrite(): i2c_master_transmit failed: [259] ESP_ERR_INVALID_STATE

[ 19619][E][esp32-hal-i2c-ng.c:275] i2cWrite(): i2c_master_transmit failed: [259] ESP_ERR_INVALID_STATE

[ 19621][E][esp32-hal-i2c-ng.c:275] i2cWrite(): i2c_master_transmit failed: [259] ESP_ERR_INVALID_STATE

[ 19623][E][esp32-hal-i2c-ng.c:275] i2cWrite(): i2c_master_transmit failed: [259] ESP_ERR_INVALID_STATE

[ 19625][E][esp32-hal-i2c-ng.c:275] i2cWrite(): i2c_master_transmit failed: [259] ESP_ERR_INVALID_STATE

[ 19627][E][esp32-hal-i2c-ng.c:275] i2cWrite(): i2c_master_transmit failed: [259] ESP_ERR_INVALID_STATE

[ 19629][E][esp32-hal-i2c-ng.c:275] i2cWrite(): i2c_master_transmit failed: [259] ESP_ERR_INVALID_STATE

[ 19631][E][esp32-hal-i2c-ng.c:275] i2cWrite(): i2c_master_transmit failed: [259] ESP_ERR_INVALID_STATE

[ 19633][E][esp32-hal-i2c-ng.c:275] i2cWrite(): i2c_master_transmit failed: [259] ESP_ERR_INVALID_STATE

[ 19635][E][esp32-hal-i2c-ng.c:275] i2cWrite(): i2c_master_transmit failed: [259] ESP_ERR_INVALID_STATE

[ 19637][E][esp32-hal-i2c-ng.c:275] i2cWrite(): i2c_master_transmit failed: [259] ESP_ERR_INVALID_STATE

[ 19639][E][esp32-hal-i2c-ng.c:275] i2cWrite(): i2c_master_transmit failed: [259] ESP_ERR_INVALID_STATE

[ 19641][E][esp32-hal-i2c-ng.c:275] i2cWrite(): i2c_master_transmit failed: [259] ESP_ERR_INVALID_STATE

[ 19643][E][esp32-hal-i2c-ng.c:275] i2cWrite(): i2c_master_transmit failed: [259] ESP_ERR_INVALID_STATE

[ 19645][E][esp32-hal-i2c-ng.c:275] i2cWrite(): i2c_master_transmit failed: [259] ESP_ERR_INVALID_STATE

[ 19647][E][esp32-hal-i2c-ng.c:275] i2cWrite(): i2c_master_transmit failed: [259] ESP_ERR_INVALID_STATE

[ 19649][E][esp32-hal-i2c-ng.c:275] i2cWrite(): i2c_master_transmit failed: [259] ESP_ERR_INVALID_STATE

[ 19651][E][esp32-hal-i2c-ng.c:275] i2cWrite(): i2c_master_transmit failed: [259] ESP_ERR_INVALID_STATE

[ 19653][E][esp32-hal-i2c-ng.c:275] i2cWrite(): i2c_master_transmit failed: [259] ESP_ERR_INVALID_STATE

[ 19655][E][esp32-hal-i2c-ng.c:275] i2cWrite(): i2c_master_transmit failed: [259] ESP_ERR_INVALID_STATE

[ 19657][E][esp32-hal-i2c-ng.c:275] i2cWrite(): i2c_master_transmit failed: [259] ESP_ERR_INVALID_STATE

[ 19659][E][esp32-hal-i2c-ng.c:275] i2cWrite(): i2c_master_transmit failed: [259] ESP_ERR_INVALID_STATE

[ 19661][E][esp32-hal-i2c-ng.c:275] i2cWrite(): i2c_master_transmit failed: [259] ESP_ERR_INVALID_STATE

[ 19663][E][esp32-hal-i2c-ng.c:275] i2cWrite(): i2c_master_transmit failed: [259] ESP_ERR_INVALID_STATE

[ 19665][E][esp32-hal-i2c-ng.c:275] i2cWrite(): i2c_master_transmit failed: [259] ESP_ERR_INVALID_STATE

[ 19667][E][esp32-hal-i2c-ng.c:275] i2cWrite(): i2c_master_transmit failed: [259] ESP_ERR_INVALID_STATE

[ 19669][E][esp32-hal-i2c-ng.c:275] i2cWrite(): i2c_master_transmit failed: [259] ESP_ERR_INVALID_STATE

[ 19671][E][esp32-hal-i2c-ng.c:275] i2cWrite(): i2c_master_transmit failed: [259] ESP_ERR_INVALID_STATE

[ 19673][E][esp32-hal-i2c-ng.c:275] i2cWrite(): i2c_master_transmit failed: [259] ESP_ERR_INVALID_STATE

[ 19675][E][esp32-hal-i2c-ng.c:275] i2cWrite(): i2c_master_transmit failed: [259] ESP_ERR_INVALID_STATE

[ 19677][E][esp32-hal-i2c-ng.c:275] i2cWrite(): i2c_master_transmit failed: [259] ESP_ERR_INVALID_STATE

[ 19679][E][esp32-hal-i2c-ng.c:275] i2cWrite(): i2c_master_transmit failed: [259] ESP_ERR_INVALID_STATE

[ 19681][E][esp32-hal-i2c-ng.c:275] i2cWrite(): i2c_master_transmit failed: [259] ESP_ERR_INVALID_STATE

[ 19683][E][esp32-hal-i2c-ng.c:275] i2cWrite(): i2c_master_transmit failed: [259] ESP_ERR_INVALID_STATE

[ 19685][E][esp32-hal-i2c-ng.c:275] i2cWrite(): i2c_master_transmit failed: [259] ESP_ERR_INVALID_STATE

[ 19687][E][esp32-hal-i2c-ng.c:275] i2cWrite(): i2c_master_transmit failed: [259] ESP_ERR_INVALID_STATE

[ 19689][E][esp32-hal-i2c-ng.c:275] i2cWrite(): i2c_master_transmit failed: [259] ESP_ERR_INVALID_STATE

[ 19691][E][esp32-hal-i2c-ng.c:275] i2cWrite(): i2c_master_transmit failed: [259] ESP_ERR_INVALID_STATE

[ 19693][E][esp32-hal-i2c-ng.c:275] i2cWrite(): i2c_master_transmit failed: [259] ESP_ERR_INVALID_STATE

[ 19695][E][esp32-hal-i2c-ng.c:275] i2cWrite(): i2c_master_transmit failed: [259] ESP_ERR_INVALID_STATE

[ 19697][E][esp32-hal-i2c-ng.c:275] i2cWrite(): i2c_master_transmit failed: [259] ESP_ERR_INVALID_STATE

[ 19699][E][esp32-hal-i2c-ng.c:275] i2cWrite(): i2c_master_transmit failed: [259] ESP_ERR_INVALID_STATE

[ 19701][E][esp32-hal-i2c-ng.c:275] i2cWrite(): i2c_master_transmit failed: [259] ESP_ERR_INVALID_STATE

[ 19703][E][esp32-hal-i2c-ng.c:275] i2cWrite(): i2c_master_transmit failed: [259] ESP_ERR_INVALID_STATE

[ 19705][E][esp32-hal-i2c-ng.c:275] i2cWrite(): i2c_master_transmit failed: [259] ESP_ERR_INVALID_STATE

[ 19707][E][esp32-hal-i2c-ng.c:275] i2cWrite(): i2c_master_transmit failed: [259] ESP_ERR_INVALID_STATE

[ 19709][E][esp32-hal-i2c-ng.c:275] i2cWrite(): i2c_master_transmit failed: [259] ESP_ERR_INVALID_STATE

[ 19711][E][esp32-hal-i2c-ng.c:275] i2cWrite(): i2c_master_transmit failed: [259] ESP_ERR_INVALID_STATE

[ 19713][E][esp32-hal-i2c-ng.c:275] i2cWrite(): i2c_master_transmit failed: [259] ESP_ERR_INVALID_STATE

[ 19715][E][esp32-hal-i2c-ng.c:275] i2cWrite(): i2c_master_transmit failed: [259] ESP_ERR_INVALID_STATE

[ 19717][E][esp32-hal-i2c-ng.c:275] i2cWrite(): i2c_master_transmit failed: [259] ESP_ERR_INVALID_STATE

[ 19719][E][esp32-hal-i2c-ng.c:275] i2cWrite(): i2c_master_transmit failed: [259] ESP_ERR_INVALID_STATE

[ 19721][E][esp32-hal-i2c-ng.c:275] i2cWrite(): i2c_master_transmit failed: [259] ESP_ERR_INVALID_STATE

[ 19723][E][esp32-hal-i2c-ng.c:275] i2cWrite(): i2c_master_transmit failed: [259] ESP_ERR_INVALID_STATE

[ 19725][E][esp32-hal-i2c-ng.c:275] i2cWrite(): i2c_master_transmit failed: [259] ESP_ERR_INVALID_STATE

[ 19727][E][esp32-hal-i2c-ng.c:275] i2cWrite(): i2c_master_transmit failed: [259] ESP_ERR_INVALID_STATE

[ 19729][E][esp32-hal-i2c-ng.c:275] i2cWrite(): i2c_master_transmit failed: [259] ESP_ERR_INVALID_STATE

[ 19731][E][esp32-hal-i2c-ng.c:275] i2cWrite(): i2c_master_transmit failed: [259] ESP_ERR_INVALID_STATE

[ 19733][E][esp32-hal-i2c-ng.c:275] i2cWrite(): i2c_master_transmit failed: [259] ESP_ERR_INVALID_STATE

[ 19735][E][esp32-hal-i2c-ng.c:275] i2cWrite(): i2c_master_transmit failed: [259] ESP_ERR_INVALID_STATE

[ 19737][E][esp32-hal-i2c-ng.c:275] i2cWrite(): i2c_master_transmit failed: [259] ESP_ERR_INVALID_STATE

[ 19739][E][esp32-hal-i2c-ng.c:275] i2cWrite(): i2c_master_transmit failed: [259] ESP_ERR_INVALID_STATE

[ 19741][E][esp32-hal-i2c-ng.c:275] i2cWrite(): i2c_master_transmit failed: [259] ESP_ERR_INVALID_STATE

[ 19743][E][esp32-hal-i2c-ng.c:275] i2cWrite(): i2c_master_transmit failed: [259] ESP_ERR_INVALID_STATE

[ 19745][E][esp32-hal-i2c-ng.c:275] i2cWrite(): i2c_master_transmit failed: [259] ESP_ERR_INVALID_STATE

[ 19747][E][esp32-hal-i2c-ng.c:275] i2cWrite(): i2c_master_transmit failed: [259] ESP_ERR_INVALID_STATE

[ 19749][E][esp32-hal-i2c-ng.c:275] i2cWrite(): i2c_master_transmit failed: [259] ESP_ERR_INVALID_STATE

[ 19751][E][esp32-hal-i2c-ng.c:275] i2cWrite(): i2c_master_transmit failed: [259] ESP_ERR_INVALID_STATE

[ 19753][E][esp32-hal-i2c-ng.c:275] i2cWrite(): i2c_master_transmit failed: [259] ESP_ERR_INVALID_STATE

[ 19755][E][esp32-hal-i2c-ng.c:275] i2cWrite(): i2c_master_transmit failed: [259] ESP_ERR_INVALID_STATE

[ 19757][E][esp32-hal-i2c-ng.c:275] i2cWrite(): i2c_master_transmit failed: [259] ESP_ERR_INVALID_STATE

[ 19759][E][esp32-hal-i2c-ng.c:275] i2cWrite(): i2c_master_transmit failed: [259] ESP_ERR_INVALID_STATE

[ 19761][E][esp32-hal-i2c-ng.c:275] i2cWrite(): i2c_master_transmit failed: [259] ESP_ERR_INVALID_STATE

[ 19763][E][esp32-hal-i2c-ng.c:275] i2cWrite(): i2c_master_transmit failed: [259] ESP_ERR_INVALID_STATE

[ 19765][E][esp32-hal-i2c-ng.c:275] i2cWrite(): i2c_master_transmit failed: [259] ESP_ERR_INVALID_STATE

[ 19767][E][esp32-hal-i2c-ng.c:275] i2cWrite(): i2c_master_transmit failed: [259] ESP_ERR_INVALID_STATE

[ 19769][E][esp32-hal-i2c-ng.c:275] i2cWrite(): i2c_master_transmit failed: [259] ESP_ERR_INVALID_STATE

[ 19771][E][esp32-hal-i2c-ng.c:275] i2cWrite(): i2c_master_transmit failed: [259] ESP_ERR_INVALID_STATE

[ 19773][E][esp32-hal-i2c-ng.c:275] i2cWrite(): i2c_master_transmit failed: [259] ESP_ERR_INVALID_STATE

[ 19775][E][esp32-hal-i2c-ng.c:275] i2cWrite(): i2c_master_transmit failed: [259] ESP_ERR_INVALID_STATE

[ 19777][E][esp32-hal-i2c-ng.c:275] i2cWrite(): i2c_master_transmit failed: [259] ESP_ERR_INVALID_STATE

[ 19779][E][esp32-hal-i2c-ng.c:275] i2cWrite(): i2c_master_transmit failed: [259] ESP_ERR_INVALID_STATE

[ 19781][E][esp32-hal-i2c-ng.c:275] i2cWrite(): i2c_master_transmit failed: [259] ESP_ERR_INVALID_STATE

[ 19783][E][esp32-hal-i2c-ng.c:275] i2cWrite(): i2c_master_transmit failed: [259] ESP_ERR_INVALID_STATE

[ 19785][E][esp32-hal-i2c-ng.c:275] i2cWrite(): i2c_master_transmit failed: [259] ESP_ERR_INVALID_STATE

[ 19787][E][esp32-hal-i2c-ng.c:275] i2cWrite(): i2c_master_transmit failed: [259] ESP_ERR_INVALID_STATE

[ 19789][E][esp32-hal-i2c-ng.c:275] i2cWrite(): i2c_master_transmit failed: [259] ESP_ERR_INVALID_STATE

[ 19791][E][esp32-hal-i2c-ng.c:275] i2cWrite(): i2c_master_transmit failed: [259] ESP_ERR_INVALID_STATE

[ 19793][E][esp32-hal-i2c-ng.c:275] i2cWrite(): i2c_master_transmit failed: [259] ESP_ERR_INVALID_STATE

[ 19795][E][esp32-hal-i2c-ng.c:275] i2cWrite(): i2c_master_transmit failed: [259] ESP_ERR_INVALID_STATE

[ 19797][E][esp32-hal-i2c-ng.c:275] i2cWrite(): i2c_master_transmit failed: [259] ESP_ERR_INVALID_STATE

[ 19799][E][esp32-hal-i2c-ng.c:275] i2cWrite(): i2c_master_transmit failed: [259] ESP_ERR_INVALID_STATE

[ 19801][E][esp32-hal-i2c-ng.c:275] i2cWrite(): i2c_master_transmit failed: [259] ESP_ERR_INVALID_STATE

[ 19803][E][esp32-hal-i2c-ng.c:275] i2cWrite(): i2c_master_transmit failed: [259] ESP_ERR_INVALID_STATE

[ 19805][E][esp32-hal-i2c-ng.c:275] i2cWrite(): i2c_master_transmit failed: [259] ESP_ERR_INVALID_STATE

[ 19807][E][esp32-hal-i2c-ng.c:275] i2cWrite(): i2c_master_transmit failed: [259] ESP_ERR_INVALID_STATE

[ 19809][E][esp32-hal-i2c-ng.c:275] i2cWrite(): i2c_master_transmit failed: [259] ESP_ERR_INVALID_STATE

[ 19811][E][esp32-hal-i2c-ng.c:275] i2cWrite(): i2c_master_transmit failed: [259] ESP_ERR_INVALID_STATE

[ 19813][E][esp32-hal-i2c-ng.c:275] i2cWrite(): i2c_master_transmit failed: [259] ESP_ERR_INVALID_STATE

[ 19815][E][esp32-hal-i2c-ng.c:275] i2cWrite(): i2c_master_transmit failed: [259] ESP_ERR_INVALID_STATE

[ 19817][E][esp32-hal-i2c-ng.c:275] i2cWrite(): i2c_master_transmit failed: [259] ESP_ERR_INVALID_STATE

[ 19819][E][esp32-hal-i2c-ng.c:275] i2cWrite(): i2c_master_transmit failed: [259] ESP_ERR_INVALID_STATE

[ 19821][E][esp32-hal-i2c-ng.c:275] i2cWrite(): i2c_master_transmit failed: [259] ESP_ERR_INVALID_STATE

[ 19823][E][esp32-hal-i2c-ng.c:275] i2cWrite(): i2c_master_transmit failed: [259] ESP_ERR_INVALID_STATE

[ 19825][E][esp32-hal-i2c-ng.c:275] i2cWrite(): i2c_master_transmit failed: [259] ESP_ERR_INVALID_STATE

[ 19827][E][esp32-hal-i2c-ng.c:275] i2cWrite(): i2c_master_transmit failed: [259] ESP_ERR_INVALID_STATE

[ 19829][E][esp32-hal-i2c-ng.c:275] i2cWrite(): i2c_master_transmit failed: [259] ESP_ERR_INVALID_STATE

[ 19831][E][esp32-hal-i2c-ng.c:275] i2cWrite(): i2c_master_transmit failed: [259] ESP_ERR_INVALID_STATE

[ 19833][E][esp32-hal-i2c-ng.c:275] i2cWrite(): i2c_master_transmit failed: [259] ESP_ERR_INVALID_STATE

[ 19835][E][esp32-hal-i2c-ng.c:275] i2cWrite(): i2c_master_transmit failed: [259] ESP_ERR_INVALID_STATE

[ 19837][E][esp32-hal-i2c-ng.c:275] i2cWrite(): i2c_master_transmit failed: [259] ESP_ERR_INVALID_STATE

[ 19839][E][esp32-hal-i2c-ng.c:275] i2cWrite(): i2c_master_transmit failed: [259] ESP_ERR_INVALID_STATE

[ 19841][E][esp32-hal-i2c-ng.c:275] i2cWrite(): i2c_master_transmit failed: [259] ESP_ERR_INVALID_STATE

[ 19843][E][esp32-hal-i2c-ng.c:275] i2cWrite(): i2c_master_transmit failed: [259] ESP_ERR_INVALID_STATE

[ 19845][E][esp32-hal-i2c-ng.c:275] i2cWrite(): i2c_master_transmit failed: [259] ESP_ERR_INVALID_STATE

[ 19847][E][esp32-hal-i2c-ng.c:275] i2cWrite(): i2c_master_transmit failed: [259] ESP_ERR_INVALID_STATE

[ 19849][E][esp32-hal-i2c-ng.c:275] i2cWrite(): i2c_master_transmit failed: [259] ESP_ERR_INVALID_STATE

[ 19851][E][esp32-hal-i2c-ng.c:275] i2cWrite(): i2c_master_transmit failed: [259] ESP_ERR_INVALID_STATE

[ 19853][E][esp32-hal-i2c-ng.c:275] i2cWrite(): i2c_master_transmit failed: [259] ESP_ERR_INVALID_STATE

[ 19855][E][esp32-hal-i2c-ng.c:275] i2cWrite(): i2c_master_transmit failed: [259] ESP_ERR_INVALID_STATE

[ 19857][E][esp32-hal-i2c-ng.c:275] i2cWrite(): i2c_master_transmit failed: [259] ESP_ERR_INVALID_STATE

[ 19859][E][esp32-hal-i2c-ng.c:275] i2cWrite(): i2c_master_transmit failed: [259] ESP_ERR_INVALID_STATE

[ 19861][D][main.[ 19861][E][esp32-hal-i2c-ng.c:275] i2cWrite(): i2c_master_transmit failed: [259] ESP_ERR_INVALID_STATE

cpp:492] vTaskLogData(): [NaMa] Logging Data:

[ 19861][I][main.cpp:497] vTaskLogData(): [NaMa] Num tasks reported by FreeRTOS: 16

[ 19863][I][ma[ 19863][E][esp32-hal-i2c-ng.c:275] i2cWrite(): i2c_master_transmit failed: [259] ESP_ERR_INVALID_STATE

in.cpp:520] vTaskLogData(): [NaMa] Task Run Time Stats:
Log            	6871		<1%

IDLE           	17787541		89%

Send           	3517		<1%

tiT            	3914		<1%

loopTask       	54077		<1%

Recv           	408		<1%

Cfg            	48		<1%

LED            	64		<1%

Poll           	1307388		6%

arduino_events 	338		<1%

FSM            	57		<1%

Ptch           	346		<1%

wifi           	612021		3%

esp_timer      	77808		<1%

Tmr Svc        	6		<1%

sys_evt        	1202		<1%



[ 19865][E][esp32-hal-i2c-ng.c:275] i2cWrite(): i2c_master_transmit failed: [259] ESP_ERR_INVALID_STATE

[...]

