[   752][D][WiFiGeneric.cpp:821] setBandMode(): Switching Band Mode from 3 to 1

[   855][E][NacelleComms.cpp:63] begin(): [NCO] Failed to set WiFi bandwidth

[   855][E][main.cpp:133] setup(): [NaMa] Failed to initialize NacelleComms

[   856][I][main.cpp:184] setup(): [NaMa] Setting up task: FSM

[   856][I][main.cpp:184] setup(): [NaMa] Setting up task: Poll

[   856][I][main.cp[   857][E][esp32-hal-i2c-ng.c:275] i2cWrite(): i2c_master_transmit failed: [259] ESP_ERR_INVALID_STATE

[   857][E][Encoder.cpp:28] getRpmMovingAverage(): [Enc] AS5600 read failed

p:184] setup(): [NaMa] Setting up task: Ptch

[   857][I][main.cpp:296] vTaskPitch(): [NaMa] No pitch updates needed in state 2, supsending

[   857][I][main.cpp:184] setup(): [NaMa] Setting up task: Recv

[   858][E][esp32-hal-i2c-ng.c:275] i2cWrite(): i2c_master_transmit failed: [259] ESP_ERR_INVALID_STATE

[   858][E][Encoder.cpp:28] getRpmMovingAverage(): [Enc] AS5600 read failed

[   858][I][main.cpp:184] setup(): [NaMa] Setting up task: Send

E (1194) ESPNOW: esp now not init!

[   859][E][NacelleComms.cpp:175] sendNacelleData(): [NCO] Tx failed

[   859][I][main.cpp:184] setup(): [NaMa] Setting up task: Cfg

[   859][I][main.cpp:184] setup(): [NaMa] Setting up task: LED

[   859][I][main.cpp:184] setup(): [NaMa] Setting up task: Log

[   860][E][m[   860][E][esp32-hal-i2c-ng.c:275] i2cWrite(): i2c_master_transmit failed: [259] ESP_ERR_INVALID_STATE

[   860][E][Encoder.cpp:28] getRpmMovingAverage(): [Enc] AS5600 read failed

[   860][D][main.cpp:508] vTaskLogData(ain.cpp:213] setup(): [NaMa] Failed to enter a valid state

[   861][I][main.cpp:220] setup(): [NaMa] Setup complete!

=========== After Setup Guru Meditation Error: Core  0 panic'ed (Load access fault). Exception was unhandled.



Core  0 register dump:

MEPC    : 0x4002dbf6  RA      : 0x4002dc12  SP      : 0x4085eb60  GP      : 0x40815f84  

TP      : 0x4085ec90  T0      : 0x4002dbe2  T1      : 0xffffffe0  T2      : 0x00000048  

S0/FP   : 0x4cee06c8  S1      : 0x4002d4d6  A0      : 0x40837758  A1      : 0x0c6a8f74  

A2      : 0x00000000  A3      : 0x4085ebb4  A4      : 0x40825000  A5      : 0x0c6a8f74  

A6      : 0xa0000000  A7      : 0x0000000a  S2      : 0x40837758  S3      : 0x4085ebb4  

S4      : 0x40860000  S5      : 0x00000000  S6      : 0x00000000  S7      : 0x00000000  

S8      : 0x00000000  S9      : 0x00000000  S10     : 0x00000000  S11     : 0x00000000  

T3      : 0x00000000  T4      : 0x40825000  T5      : 0x40825000  T6      : 0x40825000  

MSTATUS : 0x00001881  MTVEC   : 0x40800003  MCAUSE  : 0x00000005  MTVAL   : 0x4cee06cc  

MHARTID : 0x00000000  



Stack memory:

4085eb60: 0x00000000 0x00000000 0x40860000 0x00000000 0x4002dbde 0x4085ebb4 0x40825a10 0x4002d9a6

4085eb80: 0x00000000 0x00000000 0x00000000 0x00000000 0x00000800 0x40825dc8 0x4085ebb4 0x420d5ac6

4085eba0: 0x4200f36c 0x4085ebd4 0x4085ebe4 0x42022188 0x00000000 0x00000000 0x00000000 0x0c6a8f74

4085ebc0: 0x00000000 0x0000008c 0x00000001 0x0000008d 0x00000800 0x0003daa0 0x420e6f7c 0x4201bab0

4085ebe0: 0x00000000 0x00003e0c 0x00002b74 0x00003bf4 0x00003e0c 0x00000024 0x00000001 0x00000025

4085ec00: 0x00000000 0x4201ba10 0x00000000 0x4201c418 0x00000000 0x4201c000 0x00000000 0x00000000

4085ec20: 0x00000000 0x00000000 0x00000000 0x00000000 0x00000000 0x4201ba10 0x00000000 0x4201b480

4085ec40: 0x00000000 0x00000000 0x00000000 0x00000000 0x00000000 0x00000000 0x00000000 0x4080bd60

4085ec60: 0x00000000 0x00000000 0x00000000 0x00000000 0x00000000 0x00000000 0x00000000 0x00000000

4085ec80: 0x00000000 0xa5a5a5a5 0xa5a5a5a5 0xa5a5a5a5 0xa5a5a5a5 0xa5a5a5a5 0xa5a5a5a5 0xbaad5678

4085eca0: 0x00000168 0xabba1234 0x0000015c 0x4085ea30 0x00000321 0x4081ebfc 0x4083e50c 0x4085ecac

4085ecc0: 0x4081ebf4 0x00000018 0x40831934 0x40831934 0x4085ecac 0x00000000 0x00000001 0x4085cc9c

4085ece0: 0x706f6f6c 0x6b736154 0x00000000 0x00000000 0x4085ec90 0x00000005 0x00000000 0x00000001

4085ed00: 0x00000000 0x4082fd64 0x42026cd0 0x00004734 0x00000000 0x408260d0 0x40826138 0x408261a0

4085ed20: 0x00000000 0x00000000 0x00000001 0x00000000 0x00000000 0x4085f1b8 0x42026876 0x00000000

4085ed40: 0x00000000 0x00000000 0x00000000 0x00000000 0x00000000 0x00000000 0x00000000 0x00000000

4085ed60: 0x00000000 0x00000000 0x00000000 0x00000000 0x00000000 0x00000000 0x00000000 0x00000000

4085ed80: 0x00000000 0x00000000 0x00000000 0x00000000 0x00000000 0x00000000 0x00000000 0x00000000

4085eda0: 0x00000000 0x00000000 0x00000000 0x00000000 0x00000000 0x00000000 0x00000000 0x00000000

4085edc0: 0x00000000 0x00000000 0x00000000 0x00000000 0x00000000 0x00000000 0x00000000 0x00000000

4085ede0: 0x00000000 0x00000000 0x00000000 0x00000000 0x00000000 0x00000000 0x00000000 0x00000000

4085ee00: 0x00000000 0x00000000 0xbaad5678 0x00000068 0xabba1234 0x0000005c 0x00000000 0x4085ee18

4085ee20: 0x00000000 0x00000000 0x00000000 0x4085ee30 0xffffffff 0x4085ee30 0x4085ee30 0x00000000

4085ee40: 0x4085ee44 0xffffffff 0x4085ee44 0x4085ee44 0x00000001 0x00000001 0x00000000 0x0000ffff

4085ee60: 0x00000000 0x00000000 0x00000001 0x00000000 0x00000000 0xbaad5678 0x00000168 0xabba1234

4085ee80: 0x0000015c 0x4085eee0 0x4085eee0 0x4085efe0 0x4085efdf 0x00000000 0x4085ee9c 0xffffffff

4085eea0: 0x4085ee9c 0x4085ee9c 0x00000000 0x4085eeb0 0xffffffff 0x4085eeb0 0x4085eeb0 0x00000000

4085eec0: 0x00000100 0x00000001 0x0000ffff 0x00000000 0x00000000 0x00000000 0x00000000 0x00000000

4085eee0: 0x00000000 0x00000000 0x00000000 0x00000000 0x00000000 0x00000000 0x00000000 0x00000000

4085ef00: 0x00000000 0x00000000 0x00000000 0x00000000 0x00000000 0x00000000 0x00000000 0x00000000

4085ef20: 0x00000000 0x00000000 0x00000000 0x00000000 0x00000000 0x00000000 0x00000000 0x00000000

4085ef40: 0x00000000 0x00000000 0x00000000 0x00000000 0x00000000 0x00000000 0x00000000 0x00000000







ELF file SHA256: 62eb957f0



Rebooting...

ESP-ROM:esp32c5-eco2-20250121

Build:Jan 21 2025

rst:0xc (SW_CPU),boot:0x18 (SPI_FAST_FLASH_BOOT)

Core0 Saved PC:0x4080a812

SPI mode:DIO, clock div:1

load:0x408556b0,len:0x1258

load:0x4084bba0,len:0xca4

load:0x4084e5a0,len:0x315c

entry 0x4084bba0

E (288) MSPI Timing: Failed to allocate dummy cacheline for PSRAM memory barrier!

[     1][I][ESP32PWM.cpp:56] ESP32PWM(): [ESP32PWM] ESP32C5 detected - MCPWM support not enabled

[    15][I][PID.cpp:246] setTunings(): [PID] PID tunings set!

[    21][I][PID.cpp:247] setTunings(): [PID] internalKp: 0.127000

[    27][I][PID.cpp:248] setTunings(): [PID] internalKi: 0.000000

[    33][I][PID.cpp:249] setTunings(): [PID] internalKd: 0.000000

=========== Before Setup Start ===========
Chip Info:
------------------------------------------
  Model             : ESP32-C5
  Package           : 0
  Revision          : 1.00
  Cores             : 1
  CPU Frequency     : 240 MHz
  XTAL Frequency    : 48 MHz
  Features Bitfield : 0x00000052
  Embedded Flash    : No
  Embedded PSRAM    : No
  2.4GHz WiFi       : Yes
  Classic BT        : No
  BT Low Energy     : Yes
  IEEE 802.15.4     : Yes
------------------------------------------
INTERNAL Memory Info:
------------------------------------------
  Total Size        :   252576 B ( 246.7 KB)
  Free Bytes        :   216204 B ( 211.1 KB)
  Allocated Bytes   :    33140 B (  32.4 KB)
  Minimum Free Bytes:   216060 B ( 211.0 KB)
  Largest Free Block:   196596 B ( 192.0 KB)
------------------------------------------
Flash Info:
------------------------------------------
  Chip Size         :  4194304 B (4 MB)
  Block Size        :    65536 B (  64.0 KB)
  Sector Size       :     4096 B (   4.0 KB)
  Page Size         :      256 B (   0.2 KB)
  Bus Speed         : 80 MHz
  Flash Frequency   : 80 MHz (source: 80 MHz, divider: 1)
  Bus Mode          : QIO
------------------------------------------
Partitions Info:
------------------------------------------
                nvs : addr: 0x00009000, size:    20.0 KB, type: DATA, subtype: NVS
            otadata : addr: 0x0000E000, size:     8.0 KB, type: DATA, subtype: OTA
               app0 : addr: 0x00010000, size:  1280.0 KB, type:  APP, subtype: OTA_0
               app1 : addr: 0x00150000, size:  1280.0 KB, type:  APP, subtype: OTA_1
             spiffs : addr: 0x00290000, size:  1408.0 KB, type: DATA, subtype: SPIFFS
           coredump : addr: 0x003F0000, size:    64.0 KB, type: DATA, subtype: COREDUMP
------------------------------------------
Software Info:
------------------------------------------
  Compile Date/Time : Apr 28 2026 22:12:20
  ESP-IDF Version   : v5.5.2-729-g87912cd291
  Arduino Version   : 3.3.7
------------------------------------------
Board Info:
------------------------------------------
  Arduino Board     : DFRobot FireBeetle 2 ESP32-C5
  Arduino Variant   : esp32c5
  Core Debug Level  : 4
  Arduino Runs Core : 0
  Arduino Events on : 0
  Arduino USB Mode  : 1
  CDC On Boot       : 1
============ Before Setup End ============
[   167][I][esp32-hal-periman.c:141] perimanSetPinBus(): Pin 13 already has type USB_DM (38) with bus 0x4081e088

[   167][I][esp32-hal-periman.c:141] perimanSetPinBus(): Pin 14 already has type USB_DP (39) with bus 0x4081e088

[   167][I][main.cpp:75] setup(): [NaMa] Serial initialized

[   168][I][main.cpp:84] setup(): [NaMa] LED initialized

[   168][I][ActuonixL12.cpp:10] begin(): [AL12] Attaching on pin 3 (range 1230-1900 us)

[   168][W][ESP32Servo.cpp:84] attach(): [ESP32Servo] Attempting to Attach servo on pin=3 min=544 max=2400

[   168][D][esp32-hal-ledc.c:53] find_matching_timer(): Searching for timer with freq=50, resolution=10

[   169][D][esp32-hal-ledc.c:69] find_matching_timer(): No matching timer found for freq=50, resolution=10

[   169][D][esp32-hal-ledc.c:97] find_free_timer(): Found free timer 0

[   169][I][esp32-hal-ledc.c:288] ledcAttachChannel(): LEDC attached to pin 3 (channel 0, resolution 10)

[   170][I][ESP32PWM.cpp:530] attachPin(): [ESP32PWM] Pin Setup 3 with code 1

[   170][E][esp32-hal-ledc.c:206] ledcAttachChannel(): Pin 3 is already attached to LEDC (channel 0, resolution 10)

[   170][E][ESP32PWM.cpp:508] attachPin(): [ESP32PWM] ERROR PWM channel failed to configure on pin 3!

[   171][W][ESP32Servo.cpp:136] attach(): [ESP32Servo] Success to Attach servo : 3 on PWM 0

[   171][I][main.cpp:95] setup(): [NaMa] Actuator Initialized

[   171][I][esp32-hal-i2c-ng.c:112] i2cInit(): Initializing I2C Master: num=0 sda=9 scl=10 freq=100000

[   172][E][Encoder.cpp:66] initialize(): [Enc] AS5600 init failed

[   172][E][main.cpp:105] setup(): [NaMa] Failed to initialize encoder

[   714][D][WiFiGeneric.cpp:821] setBandMode(): Switching Band Mode from 3 to 1

[   817][E][NacelleComms.cpp:63] begin(): [NCO] Failed to set WiFi bandwidth

[   817][E][main.cpp:133] setup(): [NaMa] Failed to initialize NacelleComms

[   818][I][main.cpp:184] setup(): [NaMa] Setting up task: FSM

[   818][I][main.cpp:184] setup(): [NaMa] Setting up task: Poll

[   818][I][main.c[   818][E][esp32-hal-i2c-ng.c:275] i2cWrite(): i2c_master_transmit failed: [259] ESP_ERR_INVALID_STATE

[   819][E][Encoder.cpp:28] getRpmMovingAverage(): [Enc] AS5600 read failed

pp:184] setup(): [NaMa] Setting up task: Ptch

[   819][I][main.cpp:296] vTaskPitch(): [NaMa] No pitch updates needed in state 2, supsending

[   819][I][main.cpp:184] setup(): [NaMa] Setting up task: Recv

[   820][I][main.cpp:184] setup(): [NaMa] Setting up task: Send

[   820][E][esp32-hal-i2c-ng.c:275] i2cWrite(): i2c_master_transmit failed: [259] ESP_ERR_INVALID_STATE

[   820][E][Encoder.cpp:28] getRpmMovingAverage(): [Enc] AS5600 read failed

E (1227) ESPNOW: esp now not init!

[   821][E][NacelleComms.cpp:175] sendNacelleData(): [NCO] Tx failed

[   821][I][main.cpp:184] setup(): [NaMa] Setting up task: Cfg

[   821][I][main.cpp:184] setup(): [NaMa] Setting up task: LED

[   821][I][main.cpp:184] setup(): [NaMa] Setting up task: Log

[   822][E][main[   822][E][esp32-hal-i2c-ng.c:275] i2cWrite(): i2c_master_transmit failed: [259] ESP_ERR_INVALID_STATE

[   822][E][Encoder.cpp:28] getRpmMovingAverage(): [Enc] AS5600 read failed

[   822][D][main.cpp:508] vTaskLogData(): [NaMa] Logging Data:

[   822][I][main.cpp:513] vTaskLogData(): [NaMa] Num tasks re.cpp:213] setup(): [NaMa] Failed to enter a valid state

[   823][I][main.cpp:220] setup(): [NaMa] Setup complete!

=========== After Setup Start ============
INTERNAL Memory Info:
------------------------------------------
  Total Size        :   252576 B ( 246.7 KB)
ported by FreeRTOS: 16

[   825][E][esp32-hal-i2c-ng.c:275] i2cWrite(): i2c_master_transmit failed: [259] ESP_ERR_INVALID_STATE

[   825][E][Encoder.cpp:28] getRpmMovingAverage(): [Enc] AS5600 read failed

E (1232) ESPNOW: esp now not init!

[   825][E][NacelleComms.cpp:175] sendNacelleData(): [NCO] Tx failed

  Free Bytes     [   826][E][esp32-hal-i2c-ng.c:275] i2cWrite(): i2c_master_transmit failed: [259] ESP_ERR_INVALID_STATE

[   826][E][Encoder.cpp:28] getRpmMovingAverage(): [Enc] AS5600 read failed

[   826][I][main.cpp:536] vTaskLogData(): [NaMa] Task Run Time St   :   138412 B ( 135.2 KB)
  Allocated Bytes   :   107692 B ( 105.2 KB)
  Minimum Free Bytes:   138300 B ( 135.1 KB)
  Largest Free Block:   118772 B ( 116.0 KB)
------------------------------------------
GPIO Info:
------------------------------------------
  GPIO : BUS_TYPE[bus/unit][chan]
  --------------------------------------  
     3 : LEDCats:
Log            	450		<1%

loopTask       	1[   828][E][esp32-hal-i2c-ng.c:275] i2cWrite(): i2c_master_transmit failed: [259] ESP_ERR_INVALID_STATE

[   828][E][Encoder.cpp:28] getRpmMovingAverage(): [Enc] AS5600 read failed

[0][0]
     9 : I2C_MASTER_SDA[0]
    10 : I2C_MASTER_SCL[0]
    11 : UART_TX[0]9118		2%

IDLE           	201130		24%

Poll           	1951		<1%

Recv           	19		<1%

LED            	13		<1%

tiT            	98		<1%

Cfg            	22		<1%

Send           	587		<1%

sys_evt        	1081		<1%

arduino_events 	222		<1%

wifi           	538891		65%

esp_timer      	54292		6%

FSM            	60		<1%

Ptch           	237		<1%

Tmr Svc        	5		<1%




    12 : UART_RX[0]
    13 : USB_DM
    14 : USB_DP
    15 : GE ([   830][E][esp32-hal-i2c-ng.c:275] i2cWrite(): i2c_master_transmit failed: [259] ESP_ERR_INVALID_STATE

[   830][E][Encoder.cpp:28] getRpmMovingAverage(): [Enc] AS5600 read failed

237) ESPNOW: esp now not init!

[   830][E][NacelleComms.cpp:175] sendNacelleData(): [NCO] Tx failed

PIO
============ After Setup End =============
[   832][E][esp32-hal-i2c-ng.c:275] i2cWrite(): i2c_master_transmit failed: [259] ESP_ERR_INVALID_STATE

[   832][E][Encoder.cpp:28] getRpmMovingAverage(): [Enc] AS5600 read failed

[   834][E][esp32-hal-i2c-ng.c:275] i2cWrite(): i2c_master_transmit failed: [259] ESP_ERR_INVALID_STATE

[   834][E][Encoder.cpp:28] getRpmMovingAverage(): [Enc] AS5600 read failed

E (1242) ESPNOW: esp now not init!

[   835][E][NacelleComms.cpp:175] sendNacelleData(): [NCO] Tx failed

[   836][E][esp32-hal-i2c-ng.c:275] i2cWrite(): i2c_master_transmit failed: [259] ESP_ERR_INVALID_STATE

[   836][E][Encoder.cpp:28] getRpmMovingAverage(): [Enc] AS5600 read failed

[   838][E][esp32-hal-i2c-ng.c:275] i2cWrite(): i2c_master_transmit failed: [259] ESP_ERR_INVALID_STATE

[   838][E][Encoder.cpp:28] getRpmMovingAverage(): [Enc] AS5600 read failed

E (1247) ESPNOW: esp now not init![   840][E][esp32-hal-i2c-ng.c:275] i2cWrite(): i2c_master_transmit failed: [259] ESP_ERR_INVALID_STATE

[   840][E][Encoder.cpp:28] getRpmMovingAverage(): [Enc] AS5600 read failed



[   841][E][NacelleComms.cpp:175] sendNacelleData(): [NCO] Tx failed

[   842][E][esp32-hal-i2c-ng.c:275] i2cWrite(): i2c_master_transmit failed: [259] ESP_ERR_INVALID_STATE

[   842][E][Encoder.cpp:28] getRpmMovingAverage(): [Enc] AS5600 read failed

[   844][E][esp32-hal-i2c-ng.c:275] i2cWrite(): i2c_master_transmit failed: [259] ESP_ERR_INVALID_STATE

[   844][E][Encoder.cpp:28] getRpmMovingAverage(): [Enc] AS5600 read failed

E (1252) ESPNOW: esp now not init!

[   845][E][NacelleComms.cpp:175] sendNacelleData(): [NCO] Tx failed

[   846][E][esp32-hal-i2c-ng.c:275] i2cWrite(): i2c_master_transmit failed: [259] ESP_ERR_INVALID_STATE

[   846][E][Encoder.cpp:28] getRpmMovingAverage(): [Enc] AS5600 read failed

[   848][E][esp32-hal-i2c-ng.c:275] i2cWrite(): i2c_master_transmit failed: [259] ESP_ERR_INVALID_STATE

[   848][E][Encoder.cpp:28] getRpmMovingAverage(): [Enc] AS5600 read failed

E (1257) ESPNOW: esp now not init![   850][E][esp32-hal-i2c-ng.c:275] i2cWrite(): i2c_master_transmit failed: [259] ESP_ERR_INVALID_STATE

[   850][E][Encoder.cpp:28] getRpmMovingAverage(): [Enc] AS5600 read failed

[   850][E][NacelleComms.cpp:175] sendNacelleData(): [NCO] Tx failed

[   852][E][esp32-hal-i2c-ng.c:275] i2cWrite(): i2c_master_transmit failed: [259] ESP_ERR_INVALID_STATE

[   852][E][Encoder.cpp:28] getRpmMovingAverage(): [Enc] AS5600 read failed

[   854][E][esp32-hal-i2c-ng.c:275] i2cWrite(): i2c_master_transmit failed: [259] ESP_ERR_INVALID_STATE

[   854][E][Encoder.cpp:28] getRpmMovingAverage(): [Enc] AS5600 read failed

E (1262) ESPNOW: esp now not init!

[   855][E][NacelleComms.cpp:175] sendNacelleData(): [NCO] Tx failed

[   856][E][esp32-hal-i2c-ng.c:275] i2cWrite(): i2c_master_transmit failed: [259] ESP_ERR_INVALID_STATE

[   856][E][Encoder.cpp:28] getRpmMovingAverage(): [Enc] AS5600 read failed

[   858][E][esp32-hal-i2c-ng.c:275] i2cWrite(): i2c_master_transmit failed: [259] ESP_ERR_INVALID_STATE

[   858][E][Encoder.cpp:28] getRpmMovingAverage(): [Enc] AS5600 read failed

E (1267) ESPNOW: esp now not init![   860][E][esp32-hal-i2c-ng.c:275] i2cWrite(): i2c_master_transmit failed: [259] ESP_ERR_INVALID_STATE

[   860][E][Encoder.cpp:28] getRpmMovingAverage(): [Enc] AS5600 read failed

[   860][E][NacelleComms.cpp:175] sendNacelleData(): [NCO] Tx failed

[   862][E][esp32-hal-i2c-ng.c:275] i2cWrite(): i2c_master_transmit failed: [259] ESP_ERR_INVALID_STATE

[   862][E][Encoder.cpp:28] getRpmMovingAverage(): [Enc] AS5600 read failed

[   864][E][esp32-hal-i2c-ng.c:275] i2cWrite(): i2c_master_transmit failed: [259] ESP_ERR_INVALID_STATE

[   864][E][Encoder.cpp:28] getRpmMovingAverage(): [Enc] AS5600 read failed

E (1272) ESPNOW: esp now not init!

[   865][E][NacelleComms.cpp:175] sendNacelleData(): [NCO] Tx failed

[   866][E][esp32-hal-i2c-ng.c:275] i2cWrite(): i2c_master_transmit failed: [259] ESP_ERR_INVALID_STATE

[   866][E][Encoder.cpp:28] getRpmMovingAverage(): [Enc] AS5600 read failed

[   868][E][esp32-hal-i2c-ng.c:275] i2cWrite(): i2c_master_transmit failed: [259] ESP_ERR_INVALID_STATE

[   868][E][Encoder.cpp:28] getRpmMovingAverage(): [Enc] AS5600 read failed

E (1277) ESPNOW: esp now not init!
[   870][E][esp32-hal-i2c-ng.c:275] i2cWrite(): i2c_master_transmit failed: [259] ESP_ERR_INVALID_STATE

[   870][E][Encoder.cpp:28] getRpmMovingAverage(): [Enc] AS5600 read failed


[   870][E][NacelleComms.cpp:175] sendNacelleData(): [NCO] Tx failed

[   872][E][esp32-hal-i2c-ng.c:275] i2cWrite(): i2c_master_transmit failed: [259] ESP_ERR_INVALID_STATE

[   872][E][Encoder.cpp:28] getRpmMovingAverage(): [Enc] AS5600 read failed

[   874][E][esp32-hal-i2c-ng.c:275] i2cWrite(): i2c_master_transmit failed: [259] ESP_ERR_INVALID_STATE

[   874][E][Encoder.cpp:28] getRpmMovingAverage(): [Enc] AS5600 read failed

E (1282) ESPNOW: esp now not init!

[   875][E][NacelleComms.cpp:175] sendNacelleData(): [NCO] Tx failed

[   876][E][esp32-hal-i2c-ng.c:275] i2cWrite(): i2c_master_transmit failed: [259] ESP_ERR_INVALID_STATE

[   876][E][Encoder.cpp:28] getRpmMovingAverage(): [Enc] AS5600 read failed

[   878][E][esp32-hal-i2c-ng.c:275] i2cWrite(): i2c_master_transmit failed: [259] ESP_ERR_INVALID_STATE

[   878][E][Encoder.cpp:28] getRpmMovingAverage(): [Enc] AS5600 read failed

E (1287) ESPNOW: esp now not init![   880][E][esp32-hal-i2c-ng.c:275] i2cWrite(): i2c_master_transmit failed: [259] ESP_ERR_INVALID_STATE

[   880][E][Encoder.cpp:28] getRpmMovingAverage(): [Enc] AS5600 read failed

[   880][E][NacelleComms.cpp:175] sendNacelleData(): [NCO] Tx failed

[   882][E][esp32-hal-i2c-ng.c:275] i2cWrite(): i2c_master_transmit failed: [259] ESP_ERR_INVALID_STATE

[   882][E][Encoder.cpp:28] getRpmMovingAverage(): [Enc] AS5600 read failed

[   884][E][esp32-hal-i2c-ng.c:275] i2cWrite(): i2c_master_transmit failed: [259] ESP_ERR_INVALID_STATE

[   884][E][Encoder.cpp:28] getRpmMovingAverage(): [Enc] AS5600 read failed

E (1292) ESPNOW: esp now not init!

[   885][E][NacelleComms.cpp:175] sendNacelleData(): [NCO] Tx failed

[   886][E][esp32-hal-i2c-ng.c:275] i2cWrite(): i2c_master_transmit failed: [259] ESP_ERR_INVALID_STATE

[   886][E][Encoder.cpp:28] getRpmMovingAverage(): [Enc] AS5600 read failed

[   888][E][esp32-hal-i2c-ng.c:275] i2cWrite(): i2c_master_transmit failed: [259] ESP_ERR_INVALID_STATE

[   888][E][Encoder.cpp:28] getRpmMovingAverage(): [Enc] AS5600 read failed

E (1297) ESPNOW: esp now not init![   890][E][esp32-hal-i2c-ng.c:275] i2cWrite(): i2c_master_transmit failed: [259] ESP_ERR_INVALID_STATE

[   890][E][Encoder.cpp:28] getRpmMovingAverage(): [Enc] AS5600 read failed


[   890][E][NacelleComms.cpp:175] sendNacelleData(): [NCO] Tx failed

[   892][E][esp32-hal-i2c-ng.c:275] i2cWrite(): i2c_master_transmit failed: [259] ESP_ERR_INVALID_STATE

[   892][E][Encoder.cpp:28] getRpmMovingAverage(): [Enc] AS5600 read failed

[   894][E][esp32-hal-i2c-ng.c:275] i2cWrite(): i2c_master_transmit failed: [259] ESP_ERR_INVALID_STATE

[   894][E][Encoder.cpp:28] getRpmMovingAverage(): [Enc] AS5600 read failed

E (1302) ESPNOW: esp now not init!

[   895][E][NacelleComms.cpp:175] sendNacelleData(): [NCO] Tx failed

[   896][E][esp32-hal-i2c-ng.c:275] i2cWrite(): i2c_master_transmit failed: [259] ESP_ERR_INVALID_STATE

[   896][E][Encoder.cpp:28] getRpmMovingAverage(): [Enc] AS5600 read failed

[   898][E][esp32-hal-i2c-ng.c:275] i2cWrite(): i2c_master_transmit failed: [259] ESP_ERR_INVALID_STATE

[   898][E][Encoder.cpp:28] getRpmMovingAverage(): [Enc] AS5600 read failed

E (1307) ESPNOW: esp now not init![   900][E][esp32-hal-i2c-ng.c:275] i2cWrite(): i2c_master_transmit failed: [259] ESP_ERR_INVALID_STATE

[   900][E][Encoder.cpp:28] getRpmMovingAverage(): [Enc] AS5600 read failed

[   900][E][NacelleComms.cpp:175] sendNacelleData(): [NCO] Tx failed

[   902][E][esp32-hal-i2c-ng.c:275] i2cWrite(): i2c_master_transmit failed: [259] ESP_ERR_INVALID_STATE

[   902][E][Encoder.cpp:28] getRpmMovingAverage(): [Enc] AS5600 read failed

[   904][E][esp32-hal-i2c-ng.c:275] i2cWrite(): i2c_master_transmit failed: [259] ESP_ERR_INVALID_STATE

[   904][E][Encoder.cpp:28] getRpmMovingAverage(): [Enc] AS5600 read failed

E (1312) ESPNOW: esp now not init!

[   905][E][NacelleComms.cpp:175] sendNacelleData(): [NCO] Tx failed

[   906][E][esp32-hal-i2c-ng.c:275] i2cWrite(): i2c_master_transmit failed: [259] ESP_ERR_INVALID_STATE

[   906][E][Encoder.cpp:28] getRpmMovingAverage(): [Enc] AS5600 read failed

[   908][E][esp32-hal-i2c-ng.c:275] i2cWrite(): i2c_master_transmit failed: [259] ESP_ERR_INVALID_STATE

[   908][E][Encoder.cpp:28] getRpmMovingAverage(): [Enc] AS5600 read failed

E (1317) ESPNOW: esp now not init![   910][E][esp32-hal-i2c-ng.c:275] i2cWrite(): i2c_master_transmit failed: [259] ESP_ERR_INVALID_STATE

[   910][E][Encoder.cpp:28] getRpmMovingAverage(): [Enc] AS5600 read failed


[   910][E][NacelleComms.cpp:175] sendNacelleData(): [NCO] Tx failed

[   912][E][esp32-hal-i2c-ng.c:275] i2cWrite(): i2c_master_transmit failed: [259] ESP_ERR_INVALID_STATE

[   912][E][Encoder.cpp:28] getRpmMovingAverage(): [Enc] AS5600 read failed

[   914][E][esp32-hal-i2c-ng.c:275] i2cWrite(): i2c_master_transmit failed: [259] ESP_ERR_INVALID_STATE

[   914][E][Encoder.cpp:28] getRpmMovingAverage(): [Enc] AS5600 read failed

E (1322) ESPNOW: esp now not init!

[   915][E][NacelleComms.cpp:175] sendNacelleData(): [NCO] Tx failed

[   916][E][esp32-hal-i2c-ng.c:275] i2cWrite(): i2c_master_transmit failed: [259] ESP_ERR_INVALID_STATE

[   916][E][Encoder.cpp:28] getRpmMovingAverage(): [Enc] AS5600 read failed

[   918][E][esp32-hal-i2c-ng.c:275] i2cWrite(): i2c_master_transmit failed: [259] ESP_ERR_INVALID_STATE

[   918][E][Encoder.cpp:28] getRpmMovingAverage(): [Enc] AS5600 read failed

E (1327) ESPNOW: esp now not init![   920][E][esp32-hal-i2c-ng.c:275] i2cWrite(): i2c_master_transmit failed: [259] ESP_ERR_INVALID_STATE

[   920][E][Encoder.cpp:28] getRpmMovingAverage(): [Enc] AS5600 read failed


[   921][E][NacelleComms.cpp:175] sendNacelleData(): [NCO] Tx failed

[   922][E][esp32-hal-i2c-ng.c:275] i2cWrite(): i2c_master_transmit failed: [259] ESP_ERR_INVALID_STATE

[   922][E][Encoder.cpp:28] getRpmMovingAverage(): [Enc] AS5600 read failed

[   924][E][esp32-hal-i2c-ng.c:275] i2cWrite(): i2c_master_transmit failed: [259] ESP_ERR_INVALID_STATE

[   924][E][Encoder.cpp:28] getRpmMovingAverage(): [Enc] AS5600 read failed

E (1332) ESPNOW: esp now not init!

[   925][E][NacelleComms.cpp:175] sendNacelleData(): [NCO] Tx failed

[   926][E][esp32-hal-i2c-ng.c:275] i2cWrite(): i2c_master_transmit failed: [259] ESP_ERR_INVALID_STATE

[   926][E][Encoder.cpp:28] getRpmMovingAverage(): [Enc] AS5600 read failed

[   928][E][esp32-hal-i2c-ng.c:275] i2cWrite(): i2c_master_transmit failed: [259] ESP_ERR_INVALID_STATE

[   928][E][Encoder.cpp:28] getRpmMovingAverage(): [Enc] AS5600 read failed

E (1337) ESPNOW: esp now not init![   930][E][esp32-hal-i2c-ng.c:275] i2cWrite(): i2c_master_transmit failed: [259] ESP_ERR_INVALID_STATE

[   930][E][Encoder.cpp:28] getRpmMovingAverage(): [Enc] AS5600 read failed



[   930][E][NacelleComms.cpp:175] sendNacelleData(): [NCO] Tx failed

[   932][E][esp32-hal-i2c-ng.c:275] i2cWrite(): i2c_master_transmit failed: [259] ESP_ERR_INVALID_STATE

[   932][E][Encoder.cpp:28] getRpmMovingAverage(): [Enc] AS5600 read failed

[   934][E][esp32-hal-i2c-ng.c:275] i2cWrite(): i2c_master_transmit failed: [259] ESP_ERR_INVALID_STATE

[   934][E][Encoder.cpp:28] getRpmMovingAverage(): [Enc] AS5600 read failed

E (1342) ESPNOW: esp now not init!

[   935][E][NacelleComms.cpp:175] sendNacelleData(): [NCO] Tx failed

[   936][E][esp32-hal-i2c-ng.c:275] i2cWrite(): i2c_master_transmit failed: [259] ESP_ERR_INVALID_STATE

[   936][E][Encoder.cpp:28] getRpmMovingAverage(): [Enc] AS5600 read failed

[   938][E][esp32-hal-i2c-ng.c:275] i2cWrite(): i2c_master_transmit failed: [259] ESP_ERR_INVALID_STATE

[   938][E][Encoder.cpp:28] getRpmMovingAverage(): [Enc] AS5600 read failed

E (1347) ESPNOW: esp now not init![   940][E][esp32-hal-i2c-ng.c:275] i2cWrite(): i2c_master_transmit failed: [259] ESP_ERR_INVALID_STATE

[   940][E][Encoder.cpp:28] getRpmMovingAverage(): [Enc] AS5600 read failed



[   940][E][NacelleComms.cpp:175] sendNacelleData(): [NCO] Tx failed

[   942][E][esp32-hal-i2c-ng.c:275] i2cWrite(): i2c_master_transmit failed: [259] ESP_ERR_INVALID_STATE

[   942][E][Encoder.cpp:28] getRpmMovingAverage(): [Enc] AS5600 read failed

[   944][E][esp32-hal-i2c-ng.c:275] i2cWrite(): i2c_master_transmit failed: [259] ESP_ERR_INVALID_STATE

[   944][E][Encoder.cpp:28] getRpmMovingAverage(): [Enc] AS5600 read failed

E (1352) ESPNOW: esp now not init!

[   945][E][NacelleComms.cpp:175] sendNacelleData(): [NCO] Tx failed

[   946][E][esp32-hal-i2c-ng.c:275] i2cWrite(): i2c_master_transmit failed: [259] ESP_ERR_INVALID_STATE

[   946][E][Encoder.cpp:28] getRpmMovingAverage(): [Enc] AS5600 read failed

[   948][E][esp32-hal-i2c-ng.c:275] i2cWrite(): i2c_master_transmit failed: [259] ESP_ERR_INVALID_STATE

[   948][E][Encoder.cpp:28] getRpmMovingAverage(): [Enc] AS5600 read failed

E (1357) ESPNOW: esp now not init![   950][E][esp32-hal-i2c-ng.c:275] i2cWrite(): i2c_master_transmit failed: [259] ESP_ERR_INVALID_STATE

[   950][E][Encoder.cpp:28] getRpmMovingAverage(): [Enc] AS5600 read failed



[   950][E][NacelleComms.cpp:175] sendNacelleData(): [NCO] Tx failed

[   952][E][esp32-hal-i2c-ng.c:275] i2cWrite(): i2c_master_transmit failed: [259] ESP_ERR_INVALID_STATE

[   952][E][Encoder.cpp:28] getRpmMovingAverage(): [Enc] AS5600 read failed

[   954][E][esp32-hal-i2c-ng.c:275] i2cWrite(): i2c_master_transmit failed: [259] ESP_ERR_INVALID_STATE

[   954][E][Encoder.cpp:28] getRpmMovingAverage(): [Enc] AS5600 read failed

E (1362) ESPNOW: esp now not init!

[   955][E][NacelleComms.cpp:175] sendNacelleData(): [NCO] Tx failed

[   956][E][esp32-hal-i2c-ng.c:275] i2cWrite(): i2c_master_transmit failed: [259] ESP_ERR_INVALID_STATE

[   956][E][Encoder.cpp:28] getRpmMovingAverage(): [Enc] AS5600 read failed

[   958][E][esp32-hal-i2c-ng.c:275] i2cWrite(): i2c_master_transmit failed: [259] ESP_ERR_INVALID_STATE

[   958][E][Encoder.cpp:28] getRpmMovingAverage(): [Enc] AS5600 read failed

E (1367) ESPNOW: esp now not init![   960][E][esp32-hal-i2c-ng.c:275] i2cWrite(): i2c_master_transmit failed: [259] ESP_ERR_INVALID_STATE

[   960][E][Encoder.cpp:28] getRpmMovingAverage(): [Enc] AS5600 read failed


[   960][E][NacelleComms.cpp:175] sendNacelleData(): [NCO] Tx failed

[   962][E][esp32-hal-i2c-ng.c:275] i2cWrite(): i2c_master_transmit failed: [259] ESP_ERR_INVALID_STATE

[   962][E][Encoder.cpp:28] getRpmMovingAverage(): [Enc] AS5600 read failed

[   964][E][esp32-hal-i2c-ng.c:275] i2cWrite(): i2c_master_transmit failed: [259] ESP_ERR_INVALID_STATE

[   964][E][Encoder.cpp:28] getRpmMovingAverage(): [Enc] AS5600 read failed

E (1372) ESPNOW: esp now not init!

[   965][E][NacelleComms.cpp:175] sendNacelleData(): [NCO] Tx failed

[   966][E][esp32-hal-i2c-ng.c:275] i2cWrite(): i2c_master_transmit failed: [259] ESP_ERR_INVALID_STATE

[   966][E][Encoder.cpp:28] getRpmMovingAverage(): [Enc] AS5600 read failed

[   968][E][esp32-hal-i2c-ng.c:275] i2cWrite(): i2c_master_transmit failed: [259] ESP_ERR_INVALID_STATE

[   968][E][Encoder.cpp:28] getRpmMovingAverage(): [Enc] AS5600 read failed

E (1377) ESPNOW: esp now not init!
[   970][E][esp32-hal-i2c-ng.c:275] i2cWrite(): i2c_master_transmit failed: [259] ESP_ERR_INVALID_STATE

[   970][E][Encoder.cpp:28] getRpmMovingAverage(): [Enc] AS5600 read failed


[   970][E][NacelleComms.cpp:175] sendNacelleData(): [NCO] Tx failed

[   972][E][esp32-hal-i2c-ng.c:275] i2cWrite(): i2c_master_transmit failed: [259] ESP_ERR_INVALID_STATE

[   972][E][Encoder.cpp:28] getRpmMovingAverage(): [Enc] AS5600 read failed

[   974][E][esp32-hal-i2c-ng.c:275] i2cWrite(): i2c_master_transmit failed: [259] ESP_ERR_INVALID_STATE

[   974][E][Encoder.cpp:28] getRpmMovingAverage(): [Enc] AS5600 read failed

E (1382) ESPNOW: esp now not init!

[   975][E][NacelleComms.cpp:175] sendNacelleData(): [NCO] Tx failed

[   976][E][esp32-hal-i2c-ng.c:275] i2cWrite(): i2c_master_transmit failed: [259] ESP_ERR_INVALID_STATE

[   976][E][Encoder.cpp:28] getRpmMovingAverage(): [Enc] AS5600 read failed

[   978][E][esp32-hal-i2c-ng.c:275] i2cWrite(): i2c_master_transmit failed: [259] ESP_ERR_INVALID_STATE

[   978][E][Encoder.cpp:28] getRpmMovingAverage(): [Enc] AS5600 read failed

E (1387) ESPNOW: esp now not init![   980][E][esp32-hal-i2c-ng.c:275] i2cWrite(): i2c_master_transmit failed: [259] ESP_ERR_INVALID_STATE

[   980][E][Encoder.cpp:28] getRpmMovingAverage(): [Enc] AS5600 read failed


[   980][E][NacelleComms.cpp:175] sendNacelleData(): [NCO] Tx failed

[   982][E][esp32-hal-i2c-ng.c:275] i2cWrite(): i2c_master_transmit failed: [259] ESP_ERR_INVALID_STATE

[   982][E][Encoder.cpp:28] getRpmMovingAverage(): [Enc] AS5600 read failed

[   984][E][esp32-hal-i2c-ng.c:275] i2cWrite(): i2c_master_transmit failed: [259] ESP_ERR_INVALID_STATE

[   984][E][Encoder.cpp:28] getRpmMovingAverage(): [Enc] AS5600 read failed

E (1392) ESPNOW: esp now not init!

[   985][E][NacelleComms.cpp:175] sendNacelleData(): [NCO] Tx failed

[   986][E][esp32-hal-i2c-ng.c:275] i2cWrite(): i2c_master_transmit failed: [259] ESP_ERR_INVALID_STATE

[   986][E][Encoder.cpp:28] getRpmMovingAverage(): [Enc] AS5600 read failed

[   988][E][esp32-hal-i2c-ng.c:275] i2cWrite(): i2c_master_transmit failed: [259] ESP_ERR_INVALID_STATE

[   988][E][Encoder.cpp:28] getRpmMovingAverage(): [Enc] AS5600 read failed

E (1397) ESPNOW: esp now not init!
[   990][E][esp32-hal-i2c-ng.c:275] i2cWrite(): i2c_master_transmit failed: [259] ESP_ERR_INVALID_STATE

[   990][E][Encoder.cpp:28] getRpmMovingAverage(): [Enc] AS5600 read failed


[   990][E][NacelleComms.cpp:175] sendNacelleData(): [NCO] Tx failed

[   992][E][esp32-hal-i2c-ng.c:275] i2cWrite(): i2c_master_transmit failed: [259] ESP_ERR_INVALID_STATE

[   992][E][Encoder.cpp:28] getRpmMovingAverage(): [Enc] AS5600 read failed

[   994][E][esp32-hal-i2c-ng.c:275] i2cWrite(): i2c_master_transmit failed: [259] ESP_ERR_INVALID_STATE

[   994][E][Encoder.cpp:28] getRpmMovingAverage(): [Enc] AS5600 read failed

E (1402) ESPNOW: esp now not init!

[   995][E][NacelleComms.cpp:175] sendNacelleData(): [NCO] Tx failed

[   996][E][esp32-hal-i2c-ng.c:275] i2cWrite(): i2c_master_transmit failed: [259] ESP_ERR_INVALID_STATE

[   996][E][Encoder.cpp:28] getRpmMovingAverage(): [Enc] AS5600 read failed

[   998][E][esp32-hal-i2c-ng.c:275] i2cWrite(): i2c_master_transmit failed: [259] ESP_ERR_INVALID_STATE

[   998][E][Encoder.cpp:28] getRpmMovingAverage(): [Enc] AS5600 read failed

E (1407) ESPNOW: esp now not init![  1000][E][esp32-hal-i2c-ng.c:275] i2cWrite(): i2c_master_transmit failed: [259] ESP_ERR_INVALID_STATE

[  1000][E][Encoder.cpp:28] getRpmMovingAverage(): [Enc] AS5600 read failed


[  1000][E][NacelleComms.cpp:175] sendNacelleData(): [NCO] Tx failed

[  1002][E][esp32-hal-i2c-ng.c:275] i2cWrite(): i2c_master_transmit failed: [259] ESP_ERR_INVALID_STATE

[  1002][E][Encoder.cpp:28] getRpmMovingAverage(): [Enc] AS5600 read failed

[  1004][E][esp32-hal-i2c-ng.c:275] i2cWrite(): i2c_master_transmit failed: [259] ESP_ERR_INVALID_STATE

[  1004][E][Encoder.cpp:28] getRpmMovingAverage(): [Enc] AS5600 read failed

E (1412) ESPNOW: esp now not init!

[  1005][E][NacelleComms.cpp:175] sendNacelleData(): [NCO] Tx failed

[  1006][E][esp32-hal-i2c-ng.c:275] i2cWrite(): i2c_master_transmit failed: [259] ESP_ERR_INVALID_STATE

[  1006][E][Encoder.cpp:28] getRpmMovingAverage(): [Enc] AS5600 read failed

[  1008][E][esp32-hal-i2c-ng.c:275] i2cWrite(): i2c_master_transmit failed: [259] ESP_ERR_INVALID_STATE

[  1008][E][Encoder.cpp:28] getRpmMovingAverage(): [Enc] AS5600 read failed

E (1417) ESPNOW: esp now not init![  1010][E][esp32-hal-i2c-ng.c:275] i2cWrite(): i2c_master_transmit failed: [259] ESP_ERR_INVALID_STATE

[  1010][E][Encoder.cpp:28] getRpmMovingAverage(): [Enc] AS5600 read failed

[  1010][E][NacelleComms.cpp:175] sendNacelleData(): [NCO] Tx failed

[  1012][E][esp32-hal-i2c-ng.c:275] i2cWrite(): i2c_master_transmit failed: [259] ESP_ERR_INVALID_STATE

[  1012][E][Encoder.cpp:28] getRpmMovingAverage(): [Enc] AS5600 read failed

[  1014][E][esp32-hal-i2c-ng.c:275] i2cWrite(): i2c_master_transmit failed: [259] ESP_ERR_INVALID_STATE

[  1014][E][Encoder.cpp:28] getRpmMovingAverage(): [Enc] AS5600 read failed

E (1422) ESPNOW: esp now not init!

[  1015][E][NacelleComms.cpp:175] sendNacelleData(): [NCO] Tx failed

[  1016][E][esp32-hal-i2c-ng.c:275] i2cWrite(): i2c_master_transmit failed: [259] ESP_ERR_INVALID_STATE

[  1016][E][Encoder.cpp:28] getRpmMovingAverage(): [Enc] AS5600 read failed

[  1018][E][esp32-hal-i2c-ng.c:275] i2cWrite(): i2c_master_transmit failed: [259] ESP_ERR_INVALID_STATE

[  1018][E][Encoder.cpp:28] getRpmMovingAverage(): [Enc] AS5600 read failed

E (1427) ESPNOW: esp now not init[  1020][E][esp32-hal-i2c-ng.c:275] i2cWrite(): i2c_master_transmit failed: [259] ESP_ERR_INVALID_STATE

[  1020][E][Encoder.cpp:28] getRpmMovingAverage(): [Enc] AS5600 read failed



[  1020][E][NacelleComms.cpp:175] sendNacelleData(): [NCO] Tx failed

[  1022][E][esp32-hal-i2c-ng.c:275] i2cWrite(): i2c_master_transmit failed: [259] ESP_ERR_INVALID_STATE

[  1022][E][Encoder.cpp:28] getRpmMovingAverage(): [Enc] AS5600 read failed

[  1024][E][esp32-hal-i2c-ng.c:275] i2cWrite(): i2c_master_transmit failed: [259] ESP_ERR_INVALID_STATE

[  1024][E][Encoder.cpp:28] getRpmMovingAverage(): [Enc] AS5600 read failed

E (1432) ESPNOW: esp now not init!

[  1025][E][NacelleComms.cpp:175] sendNacelleData(): [NCO] Tx failed

[  1026][E][esp32-hal-i2c-ng.c:275] i2cWrite(): i2c_master_transmit failed: [259] ESP_ERR_INVALID_STATE

[  1026][E][Encoder.cpp:28] getRpmMovingAverage(): [Enc] AS5600 read failed

[  1028][E][esp32-hal-i2c-ng.c:275] i2cWrite(): i2c_master_transmit failed: [259] ESP_ERR_INVALID_STATE

[  1028][E][Encoder.cpp:28] getRpmMovingAverage(): [Enc] AS5600 read failed

E (1437) ESPNOW: esp now not init![  1030][E][esp32-hal-i2c-ng.c:275] i2cWrite(): i2c_master_transmit failed: [259] ESP_ERR_INVALID_STATE

[  1030][E][Encoder.cpp:28] getRpmMovingAverage(): [Enc] AS5600 read failed


[  1030][E][NacelleComms.cpp:175] sendNacelleData(): [NCO] Tx failed

[  1032][E][esp32-hal-i2c-ng.c:275] i2cWrite(): i2c_master_transmit failed: [259] ESP_ERR_INVALID_STATE

[  1032][E][Encoder.cpp:28] getRpmMovingAverage(): [Enc] AS5600 read failed

[  1034][E][esp32-hal-i2c-ng.c:275] i2cWrite(): i2c_master_transmit failed: [259] ESP_ERR_INVALID_STATE

[  1034][E][Encoder.cpp:28] getRpmMovingAverage(): [Enc] AS5600 read failed

E (1442) ESPNOW: esp now not init!

[  1035][E][NacelleComms.cpp:175] sendNacelleData(): [NCO] Tx failed

[  1036][E][esp32-hal-i2c-ng.c:275] i2cWrite(): i2c_master_transmit failed: [259] ESP_ERR_INVALID_STATE

[  1036][E][Encoder.cpp:28] getRpmMovingAverage(): [Enc] AS5600 read failed

[  1038][E][esp32-hal-i2c-ng.c:275] i2cWrite(): i2c_master_transmit failed: [259] ESP_ERR_INVALID_STATE

[  1038][E][Encoder.cpp:28] getRpmMovingAverage(): [Enc] AS5600 read failed

E (1447) ESPNOW: esp now not init!
[  1040][E][esp32-hal-i2c-ng.c:275] i2cWrite(): i2c_master_transmit failed: [259] ESP_ERR_INVALID_STATE

[  1040][E][Encoder.cpp:28] getRpmMovingAverage(): [Enc] AS5600 read failed


[  1041][E][NacelleComms.cpp:175] sendNacelleData(): [NCO] Tx failed

[  1042][E][esp32-hal-i2c-ng.c:275] i2cWrite(): i2c_master_transmit failed: [259] ESP_ERR_INVALID_STATE

[  1042][E][Encoder.cpp:28] getRpmMovingAverage(): [Enc] AS5600 read failed

[  1044][E][esp32-hal-i2c-ng.c:275] i2cWrite(): i2c_master_transmit failed: [259] ESP_ERR_INVALID_STATE

[  1044][E][Encoder.cpp:28] getRpmMovingAverage(): [Enc] AS5600 read failed

E (1452) ESPNOW: esp now not init!

[  1045][E][NacelleComms.cpp:175] sendNacelleData(): [NCO] Tx failed

[  1046][E][esp32-hal-i2c-ng.c:275] i2cWrite(): i2c_master_transmit failed: [259] ESP_ERR_INVALID_STATE

[  1046][E][Encoder.cpp:28] getRpmMovingAverage(): [Enc] AS5600 read failed

[  1048][E][esp32-hal-i2c-ng.c:275] i2cWrite(): i2c_master_transmit failed: [259] ESP_ERR_INVALID_STATE

[  1048][E][Encoder.cpp:28] getRpmMovingAverage(): [Enc] AS5600 read failed

E (1457) ESPNOW: esp now not init![  1050][E][esp32-hal-i2c-ng.c:275] i2cWrite(): i2c_master_transmit failed: [259] ESP_ERR_INVALID_STATE

[  1050][E][Encoder.cpp:28] getRpmMovingAverage(): [Enc] AS5600 read failed



[  1050][E][NacelleComms.cpp:175] sendNacelleData(): [NCO] Tx failed

[  1052][E][esp32-hal-i2c-ng.c:275] i2cWrite(): i2c_master_transmit failed: [259] ESP_ERR_INVALID_STATE

[  1052][E][Encoder.cpp:28] getRpmMovingAverage(): [Enc] AS5600 read failed

[  1054][E][esp32-hal-i2c-ng.c:275] i2cWrite(): i2c_master_transmit failed: [259] ESP_ERR_INVALID_STATE

[  1054][E][Encoder.cpp:28] getRpmMovingAverage(): [Enc] AS5600 read failed

E (1462) ESPNOW: esp now not init!

[  1055][E][NacelleComms.cpp:175] sendNacelleData(): [NCO] Tx failed

[  1056][E][esp32-hal-i2c-ng.c:275] i2cWrite(): i2c_master_transmit failed: [259] ESP_ERR_INVALID_STATE

[  1056][E][Encoder.cpp:28] getRpmMovingAverage(): [Enc] AS5600 read failed

[  1058][E][esp32-hal-i2c-ng.c:275] i2cWrite(): i2c_master_transmit failed: [259] ESP_ERR_INVALID_STATE

[  1058][E][Encoder.cpp:28] getRpmMovingAverage(): [Enc] AS5600 read failed

E (1467) ESPNOW: esp now not init![  1060][E][esp32-hal-i2c-ng.c:275] i2cWrite(): i2c_master_transmit failed: [259] ESP_ERR_INVALID_STATE

[  1060][E][Encoder.cpp:28] getRpmMovingAverage(): [Enc] AS5600 read failed

[  1060][E][NacelleComms.cpp:175] sendNacelleData(): [NCO] Tx failed

[  1062][E][esp32-hal-i2c-ng.c:275] i2cWrite(): i2c_master_transmit failed: [259] ESP_ERR_INVALID_STATE

[  1062][E][Encoder.cpp:28] getRpmMovingAverage(): [Enc] AS5600 read failed

[  1064][E][esp32-hal-i2c-ng.c:275] i2cWrite(): i2c_master_transmit failed: [259] ESP_ERR_INVALID_STATE

[  1064][E][Encoder.cpp:28] getRpmMovingAverage(): [Enc] AS5600 read failed

E (1472) ESPNOW: esp now not init!

[  1065][E][NacelleComms.cpp:175] sendNacelleData(): [NCO] Tx failed

[  1066][E][esp32-hal-i2c-ng.c:275] i2cWrite(): i2c_master_transmit failed: [259] ESP_ERR_INVALID_STATE

[  1066][E][Encoder.cpp:28] getRpmMovingAverage(): [Enc] AS5600 read failed

[  1068][E][esp32-hal-i2c-ng.c:275] i2cWrite(): i2c_master_transmit failed: [259] ESP_ERR_INVALID_STATE

[  1068][E][Encoder.cpp:28] getRpmMovingAverage(): [Enc] AS5600 read failed

E (1477) ESPNOW: esp now not init![  1070][E][esp32-hal-i2c-ng.c:275] i2cWrite(): i2c_master_transmit failed: [259] ESP_ERR_INVALID_STATE

[  1070][E][Encoder.cpp:28] getRpmMovingAverage(): [Enc] AS5600 read failed


[  1070][E][NacelleComms.cpp:175] sendNacelleData(): [NCO] Tx failed

[  1072][E][esp32-hal-i2c-ng.c:275] i2cWrite(): i2c_master_transmit failed: [259] ESP_ERR_INVALID_STATE

[  1072][E][Encoder.cpp:28] getRpmMovingAverage(): [Enc] AS5600 read failed

[  1074][E][esp32-hal-i2c-ng.c:275] i2cWrite(): i2c_master_transmit failed: [259] ESP_ERR_INVALID_STATE

[  1074][E][Encoder.cpp:28] getRpmMovingAverage(): [Enc] AS5600 read failed

E (1482) ESPNOW: esp now not init!

[  1075][E][NacelleComms.cpp:175] sendNacelleData(): [NCO] Tx failed

[  1076][E][esp32-hal-i2c-ng.c:275] i2cWrite(): i2c_master_transmit failed: [259] ESP_ERR_INVALID_STATE

[  1076][E][Encoder.cpp:28] getRpmMovingAverage(): [Enc] AS5600 read failed

[  1078][E][esp32-hal-i2c-ng.c:275] i2cWrite(): i2c_master_transmit failed: [259] ESP_ERR_INVALID_STATE

[  1078][E][Encoder.cpp:28] getRpmMovingAverage(): [Enc] AS5600 read failed

E (1487) ESPNOW: esp now not init![  1080][E][esp32-hal-i2c-ng.c:275] i2cWrite(): i2c_master_transmit failed: [259] ESP_ERR_INVALID_STATE

[  1080][E][Encoder.cpp:28] getRpmMovingAverage(): [Enc] AS5600 read failed

[  1080][E][NacelleComms.cpp:175] sendNacelleData(): [NCO] Tx failed

[  1082][E][esp32-hal-i2c-ng.c:275] i2cWrite(): i2c_master_transmit failed: [259] ESP_ERR_INVALID_STATE

[  1082][E][Encoder.cpp:28] getRpmMovingAverage(): [Enc] AS5600 read failed

[  1084][E][esp32-hal-i2c-ng.c:275] i2cWrite(): i2c_master_transmit failed: [259] ESP_ERR_INVALID_STATE

[  1084][E][Encoder.cpp:28] getRpmMovingAverage(): [Enc] AS5600 read failed

E (1492) ESPNOW: esp now not init!

[  1085][E][NacelleComms.cpp:175] sendNacelleData(): [NCO] Tx failed

[  1086][E][esp32-hal-i2c-ng.c:275] i2cWrite(): i2c_master_transmit failed: [259] ESP_ERR_INVALID_STATE

[  1086][E][Encoder.cpp:28] getRpmMovingAverage(): [Enc] AS5600 read failed

[  1088][E][esp32-hal-i2c-ng.c:275] i2cWrite(): i2c_master_transmit failed: [259] ESP_ERR_INVALID_STATE

[  1088][E][Encoder.cpp:28] getRpmMovingAverage(): [Enc] AS5600 read failed

E (1497) ESPNOW: esp now not init![  1090][E][esp32-hal-i2c-ng.c:275] i2cWrite(): i2c_master_transmit failed: [259] ESP_ERR_INVALID_STATE

[  1090][E][Encoder.cpp:28] getRpmMovingAverage(): [Enc] AS5600 read failed


[  1090][E][NacelleComms.cpp:175] sendNacelleData(): [NCO] Tx failed

[  1092][E][esp32-hal-i2c-ng.c:275] i2cWrite(): i2c_master_transmit failed: [259] ESP_ERR_INVALID_STATE

[  1092][E][Encoder.cpp:28] getRpmMovingAverage(): [Enc] AS5600 read failed

[  1094][E][esp32-hal-i2c-ng.c:275] i2cWrite(): i2c_master_transmit failed: [259] ESP_ERR_INVALID_STATE

[  1094][E][Encoder.cpp:28] getRpmMovingAverage(): [Enc] AS5600 read failed

E (1502) ESPNOW: esp now not init!

[  1095][E][NacelleComms.cpp:175] sendNacelleData(): [NCO] Tx failed

[  1096][E][esp32-hal-i2c-ng.c:275] i2cWrite(): i2c_master_transmit failed: [259] ESP_ERR_INVALID_STATE

[  1096][E][Encoder.cpp:28] getRpmMovingAverage(): [Enc] AS5600 read failed

[  1098][E][esp32-hal-i2c-ng.c:275] i2cWrite(): i2c_master_transmit failed: [259] ESP_ERR_INVALID_STATE

[  1098][E][Encoder.cpp:28] getRpmMovingAverage(): [Enc] AS5600 read failed

E (1507) ESPNOW: esp now not init![  1100][E][esp32-hal-i2c-ng.c:275] i2cWrite(): i2c_master_transmit failed: [259] ESP_ERR_INVALID_STATE

[  1100][E][Encoder.cpp:28] getRpmMovingAverage(): [Enc] AS5600 read failed


[  1100][E][NacelleComms.cpp:175] sendNacelleData(): [NCO] Tx failed

[  1102][E][esp32-hal-i2c-ng.c:275] i2cWrite(): i2c_master_transmit failed: [259] ESP_ERR_INVALID_STATE

[  1102][E][Encoder.cpp:28] getRpmMovingAverage(): [Enc] AS5600 read failed

[  1104][E][esp32-hal-i2c-ng.c:275] i2cWrite(): i2c_master_transmit failed: [259] ESP_ERR_INVALID_STATE

[  1104][E][Encoder.cpp:28] getRpmMovingAverage(): [Enc] AS5600 read failed

E (1512) ESPNOW: esp now not init!

[  1105][E][NacelleComms.cpp:175] sendNacelleData(): [NCO] Tx failed

[  1106][E][esp32-hal-i2c-ng.c:275] i2cWrite(): i2c_master_transmit failed: [259] ESP_ERR_INVALID_STATE

[  1106][E][Encoder.cpp:28] getRpmMovingAverage(): [Enc] AS5600 read failed

[  1108][E][esp32-hal-i2c-ng.c:275] i2cWrite(): i2c_master_transmit failed: [259] ESP_ERR_INVALID_STATE

[  1108][E][Encoder.cpp:28] getRpmMovingAverage(): [Enc] AS5600 read failed

E (1517) ESPNOW: esp now not init![  1110][E][esp32-hal-i2c-ng.c:275] i2cWrite(): i2c_master_transmit failed: [259] ESP_ERR_INVALID_STATE

[  1110][E][Encoder.cpp:28] getRpmMovingAverage(): [Enc] AS5600 read failed


[  1110][E][NacelleComms.cpp:175] sendNacelleData(): [NCO] Tx failed

[  1112][E][esp32-hal-i2c-ng.c:275] i2cWrite(): i2c_master_transmit failed: [259] ESP_ERR_INVALID_STATE

[  1112][E][Encoder.cpp:28] getRpmMovingAverage(): [Enc] AS5600 read failed

[  1114][E][esp32-hal-i2c-ng.c:275] i2cWrite(): i2c_master_transmit failed: [259] ESP_ERR_INVALID_STATE

[  1114][E][Encoder.cpp:28] getRpmMovingAverage(): [Enc] AS5600 read failed

E (1522) ESPNOW: esp now not init!

[  1115][E][NacelleComms.cpp:175] sendNacelleData(): [NCO] Tx failed

[  1116][E][esp32-hal-i2c-ng.c:275] i2cWrite(): i2c_master_transmit failed: [259] ESP_ERR_INVALID_STATE

[  1116][E][Encoder.cpp:28] getRpmMovingAverage(): [Enc] AS5600 read failed

[  1118][E][esp32-hal-i2c-ng.c:275] i2cWrite(): i2c_master_transmit failed: [259] ESP_ERR_INVALID_STATE

[  1118][E][Encoder.cpp:28] getRpmMovingAverage(): [Enc] AS5600 read failed

E (1527) ESPNOW: esp now not init![  1120][E][esp32-hal-i2c-ng.c:275] i2cWrite(): i2c_master_transmit failed: [259] ESP_ERR_INVALID_STATE

[  1120][E][Encoder.cpp:28] getRpmMovingAverage(): [Enc] AS5600 read failed


[  1120][E][NacelleComms.cpp:175] sendNacelleData(): [NCO] Tx failed

[  1122][E][esp32-hal-i2c-ng.c:275] i2cWrite(): i2c_master_transmit failed: [259] ESP_ERR_INVALID_STATE

[  1122][E][Encoder.cpp:28] getRpmMovingAverage(): [Enc] AS5600 read failed

[  1124][E][esp32-hal-i2c-ng.c:275] i2cWrite(): i2c_master_transmit failed: [259] ESP_ERR_INVALID_STATE

[  1124][E][Encoder.cpp:28] getRpmMovingAverage(): [Enc] AS5600 read failed

E (1532) ESPNOW: esp now not init!

[  1125][E][NacelleComms.cpp:175] sendNacelleData(): [NCO] Tx failed

[  1126][E][esp32-hal-i2c-ng.c:275] i2cWrite(): i2c_master_transmit failed: [259] ESP_ERR_INVALID_STATE

[  1126][E][Encoder.cpp:28] getRpmMovingAverage(): [Enc] AS5600 read failed

[  1128][E][esp32-hal-i2c-ng.c:275] i2cWrite(): i2c_master_transmit failed: [259] ESP_ERR_INVALID_STATE

[  1128][E][Encoder.cpp:28] getRpmMovingAverage(): [Enc] AS5600 read failed

E (1537) ESPNOW: esp now not init![  1130][E][esp32-hal-i2c-ng.c:275] i2cWrite(): i2c_master_transmit failed: [259] ESP_ERR_INVALID_STATE

[  1130][E][Encoder.cpp:28] getRpmMovingAverage(): [Enc] AS5600 read failed


[  1130][E][NacelleComms.cpp:175] sendNacelleData(): [NCO] Tx failed

[  1132][E][esp32-hal-i2c-ng.c:275] i2cWrite(): i2c_master_transmit failed: [259] ESP_ERR_INVALID_STATE

[  1132][E][Encoder.cpp:28] getRpmMovingAverage(): [Enc] AS5600 read failed

[  1134][E][esp32-hal-i2c-ng.c:275] i2cWrite(): i2c_master_transmit failed: [259] ESP_ERR_INVALID_STATE

[  1134][E][Encoder.cpp:28] getRpmMovingAverage(): [Enc] AS5600 read failed

E (1542) ESPNOW: esp now not init!

[  1135][E][NacelleComms.cpp:175] sendNacelleData(): [NCO] Tx failed

[  1136][E][esp32-hal-i2c-ng.c:275] i2cWrite(): i2c_master_transmit failed: [259] ESP_ERR_INVALID_STATE

[  1136][E][Encoder.cpp:28] getRpmMovingAverage(): [Enc] AS5600 read failed

[  1138][E][esp32-hal-i2c-ng.c:275] i2cWrite(): i2c_master_transmit failed: [259] ESP_ERR_INVALID_STATE

[  1138][E][Encoder.cpp:28] getRpmMovingAverage(): [Enc] AS5600 read failed

E (1547) ESPNOW: esp now not init![  1140][E][esp32-hal-i2c-ng.c:275] i2cWrite(): i2c_master_transmit failed: [259] ESP_ERR_INVALID_STATE

[  1140][E][Encoder.cpp:28] getRpmMovingAverage(): [Enc] AS5600 read failed


[  1140][E][NacelleComms.cpp:175] sendNacelleData(): [NCO] Tx failed

[  1142][E][esp32-hal-i2c-ng.c:275] i2cWrite(): i2c_master_transmit failed: [259] ESP_ERR_INVALID_STATE

[  1142][E][Encoder.cpp:28] getRpmMovingAverage(): [Enc] AS5600 read failed

[  1144][E][esp32-hal-i2c-ng.c:275] i2cWrite(): i2c_master_transmit failed: [259] ESP_ERR_INVALID_STATE

[  1144][E][Encoder.cpp:28] getRpmMovingAverage(): [Enc] AS5600 read failed

E (1552) ESPNOW: esp now not init!

[  1145][E][NacelleComms.cpp:175] sendNacelleData(): [NCO] Tx failed

[  1146][E][esp32-hal-i2c-ng.c:275] i2cWrite(): i2c_master_transmit failed: [259] ESP_ERR_INVALID_STATE

[  1146][E][Encoder.cpp:28] getRpmMovingAverage(): [Enc] AS5600 read failed

[  1148][E][esp32-hal-i2c-ng.c:275] i2cWrite(): i2c_master_transmit failed: [259] ESP_ERR_INVALID_STATE

[  1148][E][Encoder.cpp:28] getRpmMovingAverage(): [Enc] AS5600 read failed

E (1557) ESPNOW: esp now not init![  1150][E][esp32-hal-i2c-ng.c:275] i2cWrite(): i2c_master_transmit failed: [259] ESP_ERR_INVALID_STATE

[  1150][E][Encoder.cpp:28] getRpmMovingAverage(): [Enc] AS5600 read failed


[  1150][E][NacelleComms.cpp:175] sendNacelleData(): [NCO] Tx failed

[  1152][E][esp32-hal-i2c-ng.c:275] i2cWrite(): i2c_master_transmit failed: [259] ESP_ERR_INVALID_STATE

[  1152][E][Encoder.cpp:28] getRpmMovingAverage(): [Enc] AS5600 read failed

[  1154][E][esp32-hal-i2c-ng.c:275] i2cWrite(): i2c_master_transmit failed: [259] ESP_ERR_INVALID_STATE

[  1154][E][Encoder.cpp:28] getRpmMovingAverage(): [Enc] AS5600 read failed

E (1562) ESPNOW: esp now not init!

[  1155][E][NacelleComms.cpp:175] sendNacelleData(): [NCO] Tx failed

[  1156][E][esp32-hal-i2c-ng.c:275] i2cWrite(): i2c_master_transmit failed: [259] ESP_ERR_INVALID_STATE

[  1156][E][Encoder.cpp:28] getRpmMovingAverage(): [Enc] AS5600 read failed

[  1158][E][esp32-hal-i2c-ng.c:275] i2cWrite(): i2c_master_transmit failed: [259] ESP_ERR_INVALID_STATE

[  1158][E][Encoder.cpp:28] getRpmMovingAverage(): [Enc] AS5600 read failed

E (1567) ESPNOW: esp now not init![  1160][E][esp32-hal-i2c-ng.c:275] i2cWrite(): i2c_master_transmit failed: [259] ESP_ERR_INVALID_STATE

[  1160][E][Encoder.cpp:28] getRpmMovingAverage(): [Enc] AS5600 read failed


[  1160][E][NacelleComms.cpp:175] sendNacelleData(): [NCO] Tx failed

[  1162][E][esp32-hal-i2c-ng.c:275] i2cWrite(): i2c_master_transmit failed: [259] ESP_ERR_INVALID_STATE

[  1162][E][Encoder.cpp:28] getRpmMovingAverage(): [Enc] AS5600 read failed

[  1164][E][esp32-hal-i2c-ng.c:275] i2cWrite(): i2c_master_transmit failed: [259] ESP_ERR_INVALID_STATE

[  1164][E][Encoder.cpp:28] getRpmMovingAverage(): [Enc] AS5600 read failed

E (1572) ESPNOW: esp now not init!

[  1165][E][NacelleComms.cpp:175] sendNacelleData(): [NCO] Tx failed

[  1166][E][esp32-hal-i2c-ng.c:275] i2cWrite(): i2c_master_transmit failed: [259] ESP_ERR_INVALID_STATE

[  1166][E][Encoder.cpp:28] getRpmMovingAverage(): [Enc] AS5600 read failed

[  1168][E][esp32-hal-i2c-ng.c:275] i2cWrite(): i2c_master_transmit failed: [259] ESP_ERR_INVALID_STATE

[  1168][E][Encoder.cpp:28] getRpmMovingAverage(): [Enc] AS5600 read failed

E (1577) ESPNOW: esp now not init![  1170][E][esp32-hal-i2c-ng.c:275] i2cWrite(): i2c_master_transmit failed: [259] ESP_ERR_INVALID_STATE

[  1170][E][Encoder.cpp:28] getRpmMovingAverage(): [Enc] AS5600 read failed


[  1171][E][NacelleComms.cpp:175] sendNacelleData(): [NCO] Tx failed

[  1172][E][esp32-hal-i2c-ng.c:275] i2cWrite(): i2c_master_transmit failed: [259] ESP_ERR_INVALID_STATE

[  1172][E][Encoder.cpp:28] getRpmMovingAverage(): [Enc] AS5600 read failed

[  1174][E][esp32-hal-i2c-ng.c:275] i2cWrite(): i2c_master_transmit failed: [259] ESP_ERR_INVALID_STATE

[  1174][E][Encoder.cpp:28] getRpmMovingAverage(): [Enc] AS5600 read failed

E (1582) ESPNOW: esp now not init!

[  1175][E][NacelleComms.cpp:175] sendNacelleData(): [NCO] Tx failed

[  1176][E][esp32-hal-i2c-ng.c:275] i2cWrite(): i2c_master_transmit failed: [259] ESP_ERR_INVALID_STATE

[  1176][E][Encoder.cpp:28] getRpmMovingAverage(): [Enc] AS5600 read failed

[  1178][E][esp32-hal-i2c-ng.c:275] i2cWrite(): i2c_master_transmit failed: [259] ESP_ERR_INVALID_STATE

[  1178][E][Encoder.cpp:28] getRpmMovingAverage(): [Enc] AS5600 read failed

E (1587) ESPNOW: esp now not[  1180][E][esp32-hal-i2c-ng.c:275] i2cWrite(): i2c_master_transmit failed: [259] ESP_ERR_INVALID_STATE

[  1180][E][Encoder.cpp:28] getRpmMovingAverage(): [Enc] AS5600 read failed

 init!

[  1180][E][NacelleComms.cpp:175] sendNacelleData(): [NCO] Tx failed

[  1182][E][esp32-hal-i2c-ng.c:275] i2cWrite(): i2c_master_transmit failed: [259] ESP_ERR_INVALID_STATE

[  1182][E][Encoder.cpp:28] getRpmMovingAverage(): [Enc] AS5600 read failed

[  1184][E][esp32-hal-i2c-ng.c:275] i2cWrite(): i2c_master_transmit failed: [259] ESP_ERR_INVALID_STATE

[  1184][E][Encoder.cpp:28] getRpmMovingAverage(): [Enc] AS5600 read failed

E (1592) ESPNOW: esp now not init!

[  1185][E][NacelleComms.cpp:175] sendNacelleData(): [NCO] Tx failed

[  1186][E][esp32-hal-i2c-ng.c:275] i2cWrite(): i2c_master_transmit failed: [259] ESP_ERR_INVALID_STATE

[  1186][E][Encoder.cpp:28] getRpmMovingAverage(): [Enc] AS5600 read failed

[  1188][E][esp32-hal-i2c-ng.c:275] i2cWrite(): i2c_master_transmit failed: [259] ESP_ERR_INVALID_STATE

[  1188][E][Encoder.cpp:28] getRpmMovingAverage(): [Enc] AS5600 read failed

E (1597) ESPNOW: esp now not init[  1190][E][esp32-hal-i2c-ng.c:275] i2cWrite(): i2c_master_transmit failed: [259] ESP_ERR_INVALID_STATE

[  1190][E][Encoder.cpp:28] getRpmMovingAverage(): [Enc] AS5600 read failed

!

[  1190][E][NacelleComms.cpp:175] sendNacelleData(): [NCO] Tx failed

[  1192][E][esp32-hal-i2c-ng.c:275] i2cWrite(): i2c_master_transmit failed: [259] ESP_ERR_INVALID_STATE

[  1192][E][Encoder.cpp:28] getRpmMovingAverage(): [Enc] AS5600 read failed

[  1194][E][esp32-hal-i2c-ng.c:275] i2cWrite(): i2c_master_transmit failed: [259] ESP_ERR_INVALID_STATE

[  1194][E][Encoder.cpp:28] getRpmMovingAverage(): [Enc] AS5600 read failed

E (1602) ESPNOW: esp now not init!

[  1195][E][NacelleComms.cpp:175] sendNacelleData(): [NCO] Tx failed

[  1196][E][esp32-hal-i2c-ng.c:275] i2cWrite(): i2c_master_transmit failed: [259] ESP_ERR_INVALID_STATE

[  1196][E][Encoder.cpp:28] getRpmMovingAverage(): [Enc] AS5600 read failed

[  1198][E][esp32-hal-i2c-ng.c:275] i2cWrite(): i2c_master_transmit failed: [259] ESP_ERR_INVALID_STATE

[  1198][E][Encoder.cpp:28] getRpmMovingAverage(): [Enc] AS5600 read failed

E (1607) ESPNOW: esp now not ini[  1200][E][esp32-hal-i2c-ng.c:275] i2cWrite(): i2c_master_transmit failed: [259] ESP_ERR_INVALID_STATE

[  1200][E][Encoder.cpp:28] getRpmMovingAverage(): [Enc] AS5600 read failed

!

[  1200][E][NacelleComms.cpp:175] sendNacelleData(): [NCO] Tx failed

[  1202][E][esp32-hal-i2c-ng.c:275] i2cWrite(): i2c_master_transmit failed: [259] ESP_ERR_INVALID_STATE

[  1202][E][Encoder.cpp:28] getRpmMovingAverage(): [Enc] AS5600 read failed

[  1204][E][esp32-hal-i2c-ng.c:275] i2cWrite(): i2c_master_transmit failed: [259] ESP_ERR_INVALID_STATE

[  1204][E][Encoder.cpp:28] getRpmMovingAverage(): [Enc] AS5600 read failed

E (1612) ESPNOW: esp now not init!

[  1205][E][NacelleComms.cpp:175] sendNacelleData(): [NCO] Tx failed

[  1206][E][esp32-hal-i2c-ng.c:275] i2cWrite(): i2c_master_transmit failed: [259] ESP_ERR_INVALID_STATE

[  1206][E][Encoder.cpp:28] getRpmMovingAverage(): [Enc] AS5600 read failed

[  1208][E][esp32-hal-i2c-ng.c:275] i2cWrite(): i2c_master_transmit failed: [259] ESP_ERR_INVALID_STATE

[  1208][E][Encoder.cpp:28] getRpmMovingAverage(): [Enc] AS5600 read failed

E (1617) ESPNOW: esp now not ini[  1210][E][esp32-hal-i2c-ng.c:275] i2cWrite(): i2c_master_transmit failed: [259] ESP_ERR_INVALID_STATE

[  1210][E][Encoder.cpp:28] getRpmMovingAverage(): [Enc] AS5600 read failed



[  1210][E][NacelleComms.cpp:175] sendNacelleData(): [NCO] Tx failed

[  1212][E][esp32-hal-i2c-ng.c:275] i2cWrite(): i2c_master_transmit failed: [259] ESP_ERR_INVALID_STATE

[  1212][E][Encoder.cpp:28] getRpmMovingAverage(): [Enc] AS5600 read failed

[  1214][E][esp32-hal-i2c-ng.c:275] i2cWrite(): i2c_master_transmit failed: [259] ESP_ERR_INVALID_STATE

[  1214][E][Encoder.cpp:28] getRpmMovingAverage(): [Enc] AS5600 read failed

E (1622) ESPNOW: esp now not init!

[  1215][E][NacelleComms.cpp:175] sendNacelleData(): [NCO] Tx failed

[  1216][E][esp32-hal-i2c-ng.c:275] i2cWrite(): i2c_master_transmit failed: [259] ESP_ERR_INVALID_STATE

[  1216][E][Encoder.cpp:28] getRpmMovingAverage(): [Enc] AS5600 read failed

[  1218][E][esp32-hal-i2c-ng.c:275] i2cWrite(): i2c_master_transmit failed: [259] ESP_ERR_INVALID_STATE

[  1218][E][Encoder.cpp:28] getRpmMovingAverage(): [Enc] AS5600 read failed

E (1627) ESPNOW: esp now not i[  1220][E][esp32-hal-i2c-ng.c:275] i2cWrite(): i2c_master_transmit failed: [259] ESP_ERR_INVALID_STATE

[  1220][E][Encoder.cpp:28] getRpmMovingAverage(): [Enc] AS5600 read failed

nit!

[  1220][E][NacelleComms.cpp:175] sendNacelleData(): [NCO] Tx failed

[  1222][E][esp32-hal-i2c-ng.c:275] i2cWrite(): i2c_master_transmit failed: [259] ESP_ERR_INVALID_STATE

[  1222][E][Encoder.cpp:28] getRpmMovingAverage(): [Enc] AS5600 read failed

[  1224][E][esp32-hal-i2c-ng.c:275] i2cWrite(): i2c_master_transmit failed: [259] ESP_ERR_INVALID_STATE

[  1224][E][Encoder.cpp:28] getRpmMovingAverage(): [Enc] AS5600 read failed

E (1632) ESPNOW: esp now not init!

[  1225][E][NacelleComms.cpp:175] sendNacelleData(): [NCO] Tx failed

[  1226][E][esp32-hal-i2c-ng.c:275] i2cWrite(): i2c_master_transmit failed: [259] ESP_ERR_INVALID_STATE

[  1226][E][Encoder.cpp:28] getRpmMovingAverage(): [Enc] AS5600 read failed

[  1228][E][esp32-hal-i2c-ng.c:275] i2cWrite(): i2c_master_transmit failed: [259] ESP_ERR_INVALID_STATE

[  1228][E][Encoder.cpp:28] getRpmMovingAverage(): [Enc] AS5600 read failed

E (1637) ESPNOW: esp now not ini[  1230][E][esp32-hal-i2c-ng.c:275] i2cWrite(): i2c_master_transmit failed: [259] ESP_ERR_INVALID_STATE

[  1230][E][Encoder.cpp:28] getRpmMovingAverage(): [Enc] AS5600 read failed

t!

[  1230][E][NacelleComms.cpp:175] sendNacelleData(): [NCO] Tx failed

[  1232][E][esp32-hal-i2c-ng.c:275] i2cWrite(): i2c_master_transmit failed: [259] ESP_ERR_INVALID_STATE

[  1232][E][Encoder.cpp:28] getRpmMovingAverage(): [Enc] AS5600 read failed

[  1234][E][esp32-hal-i2c-ng.c:275] i2cWrite(): i2c_master_transmit failed: [259] ESP_ERR_INVALID_STATE

[  1234][E][Encoder.cpp:28] getRpmMovingAverage(): [Enc] AS5600 read failed

E (1642) ESPNOW: esp now not init!

[  1235][E][NacelleComms.cpp:175] sendNacelleData(): [NCO] Tx failed

[  1236][E][esp32-hal-i2c-ng.c:275] i2cWrite(): i2c_master_transmit failed: [259] ESP_ERR_INVALID_STATE

[  1236][E][Encoder.cpp:28] getRpmMovingAverage(): [Enc] AS5600 read failed

[  1238][E][esp32-hal-i2c-ng.c:275] i2cWrite(): i2c_master_transmit failed: [259] ESP_ERR_INVALID_STATE

[  1238][E][Encoder.cpp:28] getRpmMovingAverage(): [Enc] AS5600 read failed

E (1647) ESPNOW: esp now not ini[  1240][E][esp32-hal-i2c-ng.c:275] i2cWrite(): i2c_master_transmit failed: [259] ESP_ERR_INVALID_STATE

[  1240][E][Encoder.cpp:28] getRpmMovingAverage(): [Enc] AS5600 read failed

!

[  1240][E][NacelleComms.cpp:175] sendNacelleData(): [NCO] Tx failed

[  1242][E][esp32-hal-i2c-ng.c:275] i2cWrite(): i2c_master_transmit failed: [259] ESP_ERR_INVALID_STATE

[  1242][E][Encoder.cpp:28] getRpmMovingAverage(): [Enc] AS5600 read failed

[  1244][E][esp32-hal-i2c-ng.c:275] i2cWrite(): i2c_master_transmit failed: [259] ESP_ERR_INVALID_STATE

[  1244][E][Encoder.cpp:28] getRpmMovingAverage(): [Enc] AS5600 read failed

E (1652) ESPNOW: esp now not init!

[  1245][E][NacelleComms.cpp:175] sendNacelleData(): [NCO] Tx failed

[  1246][E][esp32-hal-i2c-ng.c:275] i2cWrite(): i2c_master_transmit failed: [259] ESP_ERR_INVALID_STATE

[  1246][E][Encoder.cpp:28] getRpmMovingAverage(): [Enc] AS5600 read failed

[  1248][E][esp32-hal-i2c-ng.c:275] i2cWrite(): i2c_master_transmit failed: [259] ESP_ERR_INVALID_STATE

[  1248][E][Encoder.cpp:28] getRpmMovingAverage(): [Enc] AS5600 read failed

E (1657) ESPNOW: esp now not ini[  1250][E][esp32-hal-i2c-ng.c:275] i2cWrite(): i2c_master_transmit failed: [259] ESP_ERR_INVALID_STATE

[  1250][E][Encoder.cpp:28] getRpmMovingAverage(): [Enc] AS5600 read failed

t!

[  1250][E][NacelleComms.cpp:175] sendNacelleData(): [NCO] Tx failed

[  1252][E][esp32-hal-i2c-ng.c:275] i2cWrite(): i2c_master_transmit failed: [259] ESP_ERR_INVALID_STATE

[  1252][E][Encoder.cpp:28] getRpmMovingAverage(): [Enc] AS5600 read failed

[  1254][E][esp32-hal-i2c-ng.c:275] i2cWrite(): i2c_master_transmit failed: [259] ESP_ERR_INVALID_STATE

[  1254][E][Encoder.cpp:28] getRpmMovingAverage(): [Enc] AS5600 read failed

E (1662) ESPNOW: esp now not init!

[  1255][E][NacelleComms.cpp:175] sendNacelleData(): [NCO] Tx failed

[  1256][E][esp32-hal-i2c-ng.c:275] i2cWrite(): i2c_master_transmit failed: [259] ESP_ERR_INVALID_STATE

[  1256][E][Encoder.cpp:28] getRpmMovingAverage(): [Enc] AS5600 read failed

[  1258][E][esp32-hal-i2c-ng.c:275] i2cWrite(): i2c_master_transmit failed: [259] ESP_ERR_INVALID_STATE

[  1258][E][Encoder.cpp:28] getRpmMovingAverage(): [Enc] AS5600 read failed

E (1667) ESPNOW: esp now not ini[  1260][E][esp32-hal-i2c-ng.c:275] i2cWrite(): i2c_master_transmit failed: [259] ESP_ERR_INVALID_STATE

[  1260][E][Encoder.cpp:28] getRpmMovingAverage(): [Enc] AS5600 read failed

!

[  1260][E][NacelleComms.cpp:175] sendNacelleData(): [NCO] Tx failed

[  1262][E][esp32-hal-i2c-ng.c:275] i2cWrite(): i2c_master_transmit failed: [259] ESP_ERR_INVALID_STATE

[  1262][E][Encoder.cpp:28] getRpmMovingAverage(): [Enc] AS5600 read failed

[  1264][E][esp32-hal-i2c-ng.c:275] i2cWrite(): i2c_master_transmit failed: [259] ESP_ERR_INVALID_STATE

[  1264][E][Encoder.cpp:28] getRpmMovingAverage(): [Enc] AS5600 read failed

E (1672) ESPNOW: esp now not init!

[  1265][E][NacelleComms.cpp:175] sendNacelleData(): [NCO] Tx failed

[  1266][E][esp32-hal-i2c-ng.c:275] i2cWrite(): i2c_master_transmit failed: [259] ESP_ERR_INVALID_STATE

[  1266][E][Encoder.cpp:28] getRpmMovingAverage(): [Enc] AS5600 read failed

[  1268][E][esp32-hal-i2c-ng.c:275] i2cWrite(): i2c_master_transmit failed: [259] ESP_ERR_INVALID_STATE

[  1268][E][Encoder.cpp:28] getRpmMovingAverage(): [Enc] AS5600 read failed

E (1677) ESPNOW: esp now not in[  1270][E][esp32-hal-i2c-ng.c:275] i2cWrite(): i2c_master_transmit failed: [259] ESP_ERR_INVALID_STATE

[  1270][E][Encoder.cpp:28] getRpmMovingAverage(): [Enc] AS5600 read failed

t!

[  1270][E][NacelleComms.cpp:175] sendNacelleData(): [NCO] Tx failed

[  1272][E][esp32-hal-i2c-ng.c:275] i2cWrite(): i2c_master_transmit failed: [259] ESP_ERR_INVALID_STATE

[  1272][E][Encoder.cpp:28] getRpmMovingAverage(): [Enc] AS5600 read failed

[  1274][E][esp32-hal-i2c-ng.c:275] i2cWrite(): i2c_master_transmit failed: [259] ESP_ERR_INVALID_STATE

[  1274][E][Encoder.cpp:28] getRpmMovingAverage(): [Enc] AS5600 read failed

E (1682) ESPNOW: esp now not init!

[  1275][E][NacelleComms.cpp:175] sendNacelleData(): [NCO] Tx failed

[  1276][E][esp32-hal-i2c-ng.c:275] i2cWrite(): i2c_master_transmit failed: [259] ESP_ERR_INVALID_STATE

[  1276][E][Encoder.cpp:28] getRpmMovingAverage(): [Enc] AS5600 read failed

[  1278][E][esp32-hal-i2c-ng.c:275] i2cWrite(): i2c_master_transmit failed: [259] ESP_ERR_INVALID_STATE

[  1278][E][Encoder.cpp:28] getRpmMovingAverage(): [Enc] AS5600 read failed

E (1687) ESPNOW: esp now not ini[  1280][E][esp32-hal-i2c-ng.c:275] i2cWrite(): i2c_master_transmit failed: [259] ESP_ERR_INVALID_STATE

[  1280][E][Encoder.cpp:28] getRpmMovingAverage(): [Enc] AS5600 read failed



[  1280][E][NacelleComms.cpp:175] sendNacelleData(): [NCO] Tx failed

[  1282][E][esp32-hal-i2c-ng.c:275] i2cWrite(): i2c_master_transmit failed: [259] ESP_ERR_INVALID_STATE

[  1282][E][Encoder.cpp:28] getRpmMovingAverage(): [Enc] AS5600 read failed

[  1284][E][esp32-hal-i2c-ng.c:275] i2cWrite(): i2c_master_transmit failed: [259] ESP_ERR_INVALID_STATE

[  1284][E][Encoder.cpp:28] getRpmMovingAverage(): [Enc] AS5600 read failed

E (1692) ESPNOW: esp now not init!

[  1285][E][NacelleComms.cpp:175] sendNacelleData(): [NCO] Tx failed

[  1286][E][esp32-hal-i2c-ng.c:275] i2cWrite(): i2c_master_transmit failed: [259] ESP_ERR_INVALID_STATE

[  1286][E][Encoder.cpp:28] getRpmMovingAverage(): [Enc] AS5600 read failed

[  1288][E][esp32-hal-i2c-ng.c:275] i2cWrite(): i2c_master_transmit failed: [259] ESP_ERR_INVALID_STATE

[  1288][E][Encoder.cpp:28] getRpmMovingAverage(): [Enc] AS5600 read failed

E (1697) ESPNOW: esp now not ini[  1290][E][esp32-hal-i2c-ng.c:275] i2cWrite(): i2c_master_transmit failed: [259] ESP_ERR_INVALID_STATE

[  1290][E][Encoder.cpp:28] getRpmMovingAverage(): [Enc] AS5600 read failed

!

[  1290][E][NacelleComms.cpp:175] sendNacelleData(): [NCO] Tx failed

[  1292][E][esp32-hal-i2c-ng.c:275] i2cWrite(): i2c_master_transmit failed: [259] ESP_ERR_INVALID_STATE

[  1292][E][Encoder.cpp:28] getRpmMovingAverage(): [Enc] AS5600 read failed

[  1294][E][esp32-hal-i2c-ng.c:275] i2cWrite(): i2c_master_transmit failed: [259] ESP_ERR_INVALID_STATE

[  1294][E][Encoder.cpp:28] getRpmMovingAverage(): [Enc] AS5600 read failed

E (1702) ESPNOW: esp now not init!

[  1295][E][NacelleComms.cpp:175] sendNacelleData(): [NCO] Tx failed

[  1296][E][esp32-hal-i2c-ng.c:275] i2cWrite(): i2c_master_transmit failed: [259] ESP_ERR_INVALID_STATE

[  1296][E][Encoder.cpp:28] getRpmMovingAverage(): [Enc] AS5600 read failed

[  1298][E][esp32-hal-i2c-ng.c:275] i2cWrite(): i2c_master_transmit failed: [259] ESP_ERR_INVALID_STATE

[  1298][E][Encoder.cpp:28] getRpmMovingAverage(): [Enc] AS5600 read failed

E (1707) ESPNOW: esp now not ini[  1300][E][esp32-hal-i2c-ng.c:275] i2cWrite(): i2c_master_transmit failed: [259] ESP_ERR_INVALID_STATE

[  1300][E][Encoder.cpp:28] getRpmMovingAverage(): [Enc] AS5600 read failed

t!

[  1300][E][NacelleComms.cpp:175] sendNacelleData(): [NCO] Tx failed

[  1302][E][esp32-hal-i2c-ng.c:275] i2cWrite(): i2c_master_transmit failed: [259] ESP_ERR_INVALID_STATE

[  1302][E][Encoder.cpp:28] getRpmMovingAverage(): [Enc] AS5600 read failed

[  1304][E][esp32-hal-i2c-ng.c:275] i2cWrite(): i2c_master_transmit failed: [259] ESP_ERR_INVALID_STATE

[  1304][E][Encoder.cpp:28] getRpmMovingAverage(): [Enc] AS5600 read failed

E (1712) ESPNOW: esp now not init!

[  1305][E][NacelleComms.cpp:175] sendNacelleData(): [NCO] Tx failed

[  1306][E][esp32-hal-i2c-ng.c:275] i2cWrite(): i2c_master_transmit failed: [259] ESP_ERR_INVALID_STATE

[  1306][E][Encoder.cpp:28] getRpmMovingAverage(): [Enc] AS5600 read failed

[  1308][E][esp32-hal-i2c-ng.c:275] i2cWrite(): i2c_master_transmit failed: [259] ESP_ERR_INVALID_STATE

[  1308][E][Encoder.cpp:28] getRpmMovingAverage(): [Enc] AS5600 read failed

E (1717) ESPNOW: esp now not ini[  1310][E][esp32-hal-i2c-ng.c:275] i2cWrite(): i2c_master_transmit failed: [259] ESP_ERR_INVALID_STATE

[  1310][E][Encoder.cpp:28] getRpmMovingAverage(): [Enc] AS5600 read failed

t!

[  1311][E][NacelleComms.cpp:175] sendNacelleData(): [NCO] Tx failed

[  1312][E][esp32-hal-i2c-ng.c:275] i2cWrite(): i2c_master_transmit failed: [259] ESP_ERR_INVALID_STATE

[  1312][E][Encoder.cpp:28] getRpmMovingAverage(): [Enc] AS5600 read failed

[  1314][E][esp32-hal-i2c-ng.c:275] i2cWrite(): i2c_master_transmit failed: [259] ESP_ERR_INVALID_STATE

[  1314][E][Encoder.cpp:28] getRpmMovingAverage(): [Enc] AS5600 read failed

E (1722) ESPNOW: esp now not init!

[  1315][E][NacelleComms.cpp:175] sendNacelleData(): [NCO] Tx failed

[  1316][E][esp32-hal-i2c-ng.c:275] i2cWrite(): i2c_master_transmit failed: [259] ESP_ERR_INVALID_STATE

[  1316][E][Encoder.cpp:28] getRpmMovingAverage(): [Enc] AS5600 read failed

[  1318][E][esp32-hal-i2c-ng.c:275] i2cWrite(): i2c_master_transmit failed: [259] ESP_ERR_INVALID_STATE

[  1318][E][Encoder.cpp:28] getRpmMovingAverage(): [Enc] AS5600 read failed

E (1727) ESPNOW: esp now not ini[  1320][E][esp32-hal-i2c-ng.c:275] i2cWrite(): i2c_master_transmit failed: [259] ESP_ERR_INVALID_STATE

[  1320][E][Encoder.cpp:28] getRpmMovingAverage(): [Enc] AS5600 read failed

t!

[  1321][E][NacelleComms.cpp:175] sendNacelleData(): [NCO] Tx failed

[  1322][E][esp32-hal-i2c-ng.c:275] i2cWrite(): i2c_master_transmit failed: [259] ESP_ERR_INVALID_STATE

[  1322][E][Encoder.cpp:28] getRpmMovingAverage(): [Enc] AS5600 read failed

[  1324][E][esp32-hal-i2c-ng.c:275] i2cWrite(): i2c_master_transmit failed: [259] ESP_ERR_INVALID_STATE

[  1324][E][Encoder.cpp:28] getRpmMovingAverage(): [Enc] AS5600 read failed

E (1732) ESPNOW: esp now not init!

[  1325][E][NacelleComms.cpp:175] sendNacelleData(): [NCO] Tx failed

[  1326][E][esp32-hal-i2c-ng.c:275] i2cWrite(): i2c_master_transmit failed: [259] ESP_ERR_INVALID_STATE

[  1326][E][Encoder.cpp:28] getRpmMovingAverage(): [Enc] AS5600 read failed

[  1328][E][esp32-hal-i2c-ng.c:275] i2cWrite(): i2c_master_transmit failed: [259] ESP_ERR_INVALID_STATE

[  1328][E][Encoder.cpp:28] getRpmMovingAverage(): [Enc] AS5600 read failed

E (1737) ESPNOW: esp now not ini[  1330][E][esp32-hal-i2c-ng.c:275] i2cWrite(): i2c_master_transmit failed: [259] ESP_ERR_INVALID_STATE

[  1330][E][Encoder.cpp:28] getRpmMovingAverage(): [Enc] AS5600 read failed

t!

[  1330][E][NacelleComms.cpp:175] sendNacelleData(): [NCO] Tx failed

[  1332][E][esp32-hal-i2c-ng.c:275] i2cWrite(): i2c_master_transmit failed: [259] ESP_ERR_INVALID_STATE

[  1332][E][Encoder.cpp:28] getRpmMovingAverage(): [Enc] AS5600 read failed

[  1334][E][esp32-hal-i2c-ng.c:275] i2cWrite(): i2c_master_transmit failed: [259] ESP_ERR_INVALID_STATE

[  1334][E][Encoder.cpp:28] getRpmMovingAverage(): [Enc] AS5600 read failed

E (1742) ESPNOW: esp now not init!

[  1335][E][NacelleComms.cpp:175] sendNacelleData(): [NCO] Tx failed

[  1336][E][esp32-hal-i2c-ng.c:275] i2cWrite(): i2c_master_transmit failed: [259] ESP_ERR_INVALID_STATE

[  1336][E][Encoder.cpp:28] getRpmMovingAverage(): [Enc] AS5600 read failed

[  1338][E][esp32-hal-i2c-ng.c:275] i2cWrite(): i2c_master_transmit failed: [259] ESP_ERR_INVALID_STATE

[  1338][E][Encoder.cpp:28] getRpmMovingAverage(): [Enc] AS5600 read failed

E (1747) ESPNOW: esp now not ini[  1340][E][esp32-hal-i2c-ng.c:275] i2cWrite(): i2c_master_transmit failed: [259] ESP_ERR_INVALID_STATE

[  1340][E][Encoder.cpp:28] getRpmMovingAverage(): [Enc] AS5600 read failed

t!

[  1340][E][NacelleComms.cpp:175] sendNacelleData(): [NCO] Tx failed

[  1342][E][esp32-hal-i2c-ng.c:275] i2cWrite(): i2c_master_transmit failed: [259] ESP_ERR_INVALID_STATE

[  1342][E][Encoder.cpp:28] getRpmMovingAverage(): [Enc] AS5600 read failed

[  1344][E][esp32-hal-i2c-ng.c:275] i2cWrite(): i2c_master_transmit failed: [259] ESP_ERR_INVALID_STATE

[  1344][E][Encoder.cpp:28] getRpmMovingAverage(): [Enc] AS5600 read failed

E (1752) ESPNOW: esp now not init!

[  1345][E][NacelleComms.cpp:175] sendNacelleData(): [NCO] Tx failed

[  1346][E][esp32-hal-i2c-ng.c:275] i2cWrite(): i2c_master_transmit failed: [259] ESP_ERR_INVALID_STATE

[  1346][E][Encoder.cpp:28] getRpmMovingAverage(): [Enc] AS5600 read failed

[  1348][E][esp32-hal-i2c-ng.c:275] i2cWrite(): i2c_master_transmit failed: [259] ESP_ERR_INVALID_STATE

[  1348][E][Encoder.cpp:28] getRpmMovingAverage(): [Enc] AS5600 read failed

E (1757) ESPNOW: esp now not ini[  1350][E][esp32-hal-i2c-ng.c:275] i2cWrite(): i2c_master_transmit failed: [259] ESP_ERR_INVALID_STATE

[  1350][E][Encoder.cpp:28] getRpmMovingAverage(): [Enc] AS5600 read failed

!

[  1350][E][NacelleComms.cpp:175] sendNacelleData(): [NCO] Tx failed

[  1352][E][esp32-hal-i2c-ng.c:275] i2cWrite(): i2c_master_transmit failed: [259] ESP_ERR_INVALID_STATE

[  1352][E][Encoder.cpp:28] getRpmMovingAverage(): [Enc] AS5600 read failed

[  1354][E][esp32-hal-i2c-ng.c:275] i2cWrite(): i2c_master_transmit failed: [259] ESP_ERR_INVALID_STATE

[  1354][E][Encoder.cpp:28] getRpmMovingAverage(): [Enc] AS5600 read failed

E (1762) ESPNOW: esp now not init!

[  1355][E][NacelleComms.cpp:175] sendNacelleData(): [NCO] Tx failed

[  1356][E][esp32-hal-i2c-ng.c:275] i2cWrite(): i2c_master_transmit failed: [259] ESP_ERR_INVALID_STATE

[  1356][E][Encoder.cpp:28] getRpmMovingAverage(): [Enc] AS5600 read failed

[  1358][E][esp32-hal-i2c-ng.c:275] i2cWrite(): i2c_master_transmit failed: [259] ESP_ERR_INVALID_STATE

[  1358][E][Encoder.cpp:28] getRpmMovingAverage(): [Enc] AS5600 read failed

E (1767) ESPNOW: esp now not ini[  1360][E][esp32-hal-i2c-ng.c:275] i2cWrite(): i2c_master_transmit failed: [259] ESP_ERR_INVALID_STATE

[  1360][E][Encoder.cpp:28] getRpmMovingAverage(): [Enc] AS5600 read failed

!

[  1360][E][NacelleComms.cpp:175] sendNacelleData(): [NCO] Tx failed

[  1362][E][esp32-hal-i2c-ng.c:275] i2cWrite(): i2c_master_transmit failed: [259] ESP_ERR_INVALID_STATE

[  1362][E][Encoder.cpp:28] getRpmMovingAverage(): [Enc] AS5600 read failed

[  1364][E][esp32-hal-i2c-ng.c:275] i2cWrite(): i2c_master_transmit failed: [259] ESP_ERR_INVALID_STATE

[  1364][E][Encoder.cpp:28] getRpmMovingAverage(): [Enc] AS5600 read failed

E (1772) ESPNOW: esp now not init!

[  1365][E][NacelleComms.cpp:175] sendNacelleData(): [NCO] Tx failed

[  1366][E][esp32-hal-i2c-ng.c:275] i2cWrite(): i2c_master_transmit failed: [259] ESP_ERR_INVALID_STATE

[  1366][E][Encoder.cpp:28] getRpmMovingAverage(): [Enc] AS5600 read failed

[  1368][E][esp32-hal-i2c-ng.c:275] i2cWrite(): i2c_master_transmit failed: [259] ESP_ERR_INVALID_STATE

[  1368][E][Encoder.cpp:28] getRpmMovingAverage(): [Enc] AS5600 read failed

E (1777) ESPNOW: esp now not ini[  1370][E][esp32-hal-i2c-ng.c:275] i2cWrite(): i2c_master_transmit failed: [259] ESP_ERR_INVALID_STATE

[  1370][E][Encoder.cpp:28] getRpmMovingAverage(): [Enc] AS5600 read failed

t!

[  1370][E][NacelleComms.cpp:175] sendNacelleData(): [NCO] Tx failed

[  1372][E][esp32-hal-i2c-ng.c:275] i2cWrite(): i2c_master_transmit failed: [259] ESP_ERR_INVALID_STATE

[  1372][E][Encoder.cpp:28] getRpmMovingAverage(): [Enc] AS5600 read failed

[  1374][E][esp32-hal-i2c-ng.c:275] i2cWrite(): i2c_master_transmit failed: [259] ESP_ERR_INVALID_STATE

[  1374][E][Encoder.cpp:28] getRpmMovingAverage(): [Enc] AS5600 read failed

E (1782) ESPNOW: esp now not init!

[  1375][E][NacelleComms.cpp:175] sendNacelleData(): [NCO] Tx failed

[  1376][E][esp32-hal-i2c-ng.c:275] i2cWrite(): i2c_master_transmit failed: [259] ESP_ERR_INVALID_STATE

[  1376][E][Encoder.cpp:28] getRpmMovingAverage(): [Enc] AS5600 read failed

[  1378][E][esp32-hal-i2c-ng.c:275] i2cWrite(): i2c_master_transmit failed: [259] ESP_ERR_INVALID_STATE

[  1378][E][Encoder.cpp:28] getRpmMovingAverage(): [Enc] AS5600 read failed

E (1787) ESPNOW: esp now not ini[  1380][E][esp32-hal-i2c-ng.c:275] i2cWrite(): i2c_master_transmit failed: [259] ESP_ERR_INVALID_STATE

[  1380][E][Encoder.cpp:28] getRpmMovingAverage(): [Enc] AS5600 read failed

t!

[  1380][E][NacelleComms.cpp:175] sendNacelleData(): [NCO] Tx failed

[  1382][E][esp32-hal-i2c-ng.c:275] i2cWrite(): i2c_master_transmit failed: [259] ESP_ERR_INVALID_STATE

[  1382][E][Encoder.cpp:28] getRpmMovingAverage(): [Enc] AS5600 read failed

[  1384][E][esp32-hal-i2c-ng.c:275] i2cWrite(): i2c_master_transmit failed: [259] ESP_ERR_INVALID_STATE

[  1384][E][Encoder.cpp:28] getRpmMovingAverage(): [Enc] AS5600 read failed

E (1792) ESPNOW: esp now not init!

[  1385][E][NacelleComms.cpp:175] sendNacelleData(): [NCO] Tx failed

[  1386][E][esp32-hal-i2c-ng.c:275] i2cWrite(): i2c_master_transmit failed: [259] ESP_ERR_INVALID_STATE

[  1386][E][Encoder.cpp:28] getRpmMovingAverage(): [Enc] AS5600 read failed

[  1388][E][esp32-hal-i2c-ng.c:275] i2cWrite(): i2c_master_transmit failed: [259] ESP_ERR_INVALID_STATE

[  1388][E][Encoder.cpp:28] getRpmMovingAverage(): [Enc] AS5600 read failed

E (1797) ESPNOW: esp now not ini[  1390][E][esp32-hal-i2c-ng.c:275] i2cWrite(): i2c_master_transmit failed: [259] ESP_ERR_INVALID_STATE

[  1390][E][Encoder.cpp:28] getRpmMovingAverage(): [Enc] AS5600 read failed

!

[  1390][E][NacelleComms.cpp:175] sendNacelleData(): [NCO] Tx failed

[  1392][E][esp32-hal-i2c-ng.c:275] i2cWrite(): i2c_master_transmit failed: [259] ESP_ERR_INVALID_STATE

[  1392][E][Encoder.cpp:28] getRpmMovingAverage(): [Enc] AS5600 read failed

[  1394][E][esp32-hal-i2c-ng.c:275] i2cWrite(): i2c_master_transmit failed: [259] ESP_ERR_INVALID_STATE

[  1394][E][Encoder.cpp:28] getRpmMovingAverage(): [Enc] AS5600 read failed

E (1802) ESPNOW: esp now not init!

[  1395][E][NacelleComms.cpp:175] sendNacelleData(): [NCO] Tx failed

[  1396][E][esp32-hal-i2c-ng.c:275] i2cWrite(): i2c_master_transmit failed: [259] ESP_ERR_INVALID_STATE

[  1396][E][Encoder.cpp:28] getRpmMovingAverage(): [Enc] AS5600 read failed

[  1398][E][esp32-hal-i2c-ng.c:275] i2cWrite(): i2c_master_transmit failed: [259] ESP_ERR_INVALID_STATE

[  1398][E][Encoder.cpp:28] getRpmMovingAverage(): [Enc] AS5600 read failed

E (1807) ESPNOW: esp now not ini[  1400][E][esp32-hal-i2c-ng.c:275] i2cWrite(): i2c_master_transmit failed: [259] ESP_ERR_INVALID_STATE

[  1400][E][Encoder.cpp:28] getRpmMovingAverage(): [Enc] AS5600 read failed

t!

[  1400][E][NacelleComms.cpp:175] sendNacelleData(): [NCO] Tx failed

[  1402][E][esp32-hal-i2c-ng.c:275] i2cWrite(): i2c_master_transmit failed: [259] ESP_ERR_INVALID_STATE

[  1402][E][Encoder.cpp:28] getRpmMovingAverage(): [Enc] AS5600 read failed

[  1404][E][esp32-hal-i2c-ng.c:275] i2cWrite(): i2c_master_transmit failed: [259] ESP_ERR_INVALID_STATE

[  1404][E][Encoder.cpp:28] getRpmMovingAverage(): [Enc] AS5600 read failed

E (1812) ESPNOW: esp now not init!

[  1405][E][NacelleComms.cpp:175] sendNacelleData(): [NCO] Tx failed

[  1406][E][esp32-hal-i2c-ng.c:275] i2cWrite(): i2c_master_transmit failed: [259] ESP_ERR_INVALID_STATE

[  1406][E][Encoder.cpp:28] getRpmMovingAverage(): [Enc] AS5600 read failed

[  1408][E][esp32-hal-i2c-ng.c:275] i2cWrite(): i2c_master_transmit failed: [259] ESP_ERR_INVALID_STATE

[  1408][E][Encoder.cpp:28] getRpmMovingAverage(): [Enc] AS5600 read failed

E (1817) ESPNOW: esp now not ini[  1410][E][esp32-hal-i2c-ng.c:275] i2cWrite(): i2c_master_transmit failed: [259] ESP_ERR_INVALID_STATE

[  1410][E][Encoder.cpp:28] getRpmMovingAverage(): [Enc] AS5600 read failed

t!

[  1410][E][NacelleComms.cpp:175] sendNacelleData(): [NCO] Tx failed

[  1412][E][esp32-hal-i2c-ng.c:275] i2cWrite(): i2c_master_transmit failed: [259] ESP_ERR_INVALID_STATE

[  1412][E][Encoder.cpp:28] getRpmMovingAverage(): [Enc] AS5600 read failed

[  1414][E][esp32-hal-i2c-ng.c:275] i2cWrite(): i2c_master_transmit failed: [259] ESP_ERR_INVALID_STATE

[  1414][E][Encoder.cpp:28] getRpmMovingAverage(): [Enc] AS5600 read failed

E (1822) ESPNOW: esp now not init!

[  1415][E][NacelleComms.cpp:175] sendNacelleData(): [NCO] Tx failed

[  1416][E][esp32-hal-i2c-ng.c:275] i2cWrite(): i2c_master_transmit failed: [259] ESP_ERR_INVALID_STATE

[  1416][E][Encoder.cpp:28] getRpmMovingAverage(): [Enc] AS5600 read failed

[  1418][E][esp32-hal-i2c-ng.c:275] i2cWrite(): i2c_master_transmit failed: [259] ESP_ERR_INVALID_STATE

[  1418][E][Encoder.cpp:28] getRpmMovingAverage(): [Enc] AS5600 read failed

E (1827) ESPNOW: esp now not ini[  1420][E][esp32-hal-i2c-ng.c:275] i2cWrite(): i2c_master_transmit failed: [259] ESP_ERR_INVALID_STATE

[  1420][E][Encoder.cpp:28] getRpmMovingAverage(): [Enc] AS5600 read failed

t!

[  1420][E][NacelleComms.cpp:175] sendNacelleData(): [NCO] Tx failed

[  1422][E][esp32-hal-i2c-ng.c:275] i2cWrite(): i2c_master_transmit failed: [259] ESP_ERR_INVALID_STATE

[  1422][E][Encoder.cpp:28] getRpmMovingAverage(): [Enc] AS5600 read failed

[  1424][E][esp32-hal-i2c-ng.c:275] i2cWrite(): i2c_master_transmit failed: [259] ESP_ERR_INVALID_STATE

[  1424][E][Encoder.cpp:28] getRpmMovingAverage(): [Enc] AS5600 read failed

E (1832) ESPNOW: esp now not init!

[  1425][E][NacelleComms.cpp:175] sendNacelleData(): [NCO] Tx failed

[  1426][E][esp32-hal-i2c-ng.c:275] i2cWrite(): i2c_master_transmit failed: [259] ESP_ERR_INVALID_STATE

[  1426][E][Encoder.cpp:28] getRpmMovingAverage(): [Enc] AS5600 read failed

[  1428][E][esp32-hal-i2c-ng.c:275] i2cWrite(): i2c_master_transmit failed: [259] ESP_ERR_INVALID_STATE

[  1428][E][Encoder.cpp:28] getRpmMovingAverage(): [Enc] AS5600 read failed

E (1837) ESPNOW: esp now not ini[  1430][E][esp32-hal-i2c-ng.c:275] i2cWrite(): i2c_master_transmit failed: [259] ESP_ERR_INVALID_STATE

[  1430][E][Encoder.cpp:28] getRpmMovingAverage(): [Enc] AS5600 read failed

t!

[  1430][E][NacelleComms.cpp:175] sendNacelleData(): [NCO] Tx failed

[  1432][E][esp32-hal-i2c-ng.c:275] i2cWrite(): i2c_master_transmit failed: [259] ESP_ERR_INVALID_STATE

[  1432][E][Encoder.cpp:28] getRpmMovingAverage(): [Enc] AS5600 read failed

[  1434][E][esp32-hal-i2c-ng.c:275] i2cWrite(): i2c_master_transmit failed: [259] ESP_ERR_INVALID_STATE

[  1434][E][Encoder.cpp:28] getRpmMovingAverage(): [Enc] AS5600 read failed

E (1842) ESPNOW: esp now not init!

[  1435][E][NacelleComms.cpp:175] sendNacelleData(): [NCO] Tx failed

[  1436][E][esp32-hal-i2c-ng.c:275] i2cWrite(): i2c_master_transmit failed: [259] ESP_ERR_INVALID_STATE

[  1436][E][Encoder.cpp:28] getRpmMovingAverage(): [Enc] AS5600 read failed

[  1438][E][esp32-hal-i2c-ng.c:275] i2cWrite(): i2c_master_transmit failed: [259] ESP_ERR_INVALID_STATE

[  1438][E][Encoder.cpp:28] getRpmMovingAverage(): [Enc] AS5600 read failed

E (1847) ESPNOW: esp now not ini[  1440][E][esp32-hal-i2c-ng.c:275] i2cWrite(): i2c_master_transmit failed: [259] ESP_ERR_INVALID_STATE

[  1440][E][Encoder.cpp:28] getRpmMovingAverage(): [Enc] AS5600 read failed

!

[  1440][E][NacelleComms.cpp:175] sendNacelleData(): [NCO] Tx failed

[  1442][E][esp32-hal-i2c-ng.c:275] i2cWrite(): i2c_master_transmit failed: [259] ESP_ERR_INVALID_STATE

[  1442][E][Encoder.cpp:28] getRpmMovingAverage(): [Enc] AS5600 read failed

[  1444][E][esp32-hal-i2c-ng.c:275] i2cWrite(): i2c_master_transmit failed: [259] ESP_ERR_INVALID_STATE

[  1444][E][Encoder.cpp:28] getRpmMovingAverage(): [Enc] AS5600 read failed

E (1852) ESPNOW: esp now not init!

[  1445][E][NacelleComms.cpp:175] sendNacelleData(): [NCO] Tx failed

[  1446][E][esp32-hal-i2c-ng.c:275] i2cWrite(): i2c_master_transmit failed: [259] ESP_ERR_INVALID_STATE

[  1446][E][Encoder.cpp:28] getRpmMovingAverage(): [Enc] AS5600 read failed

[  1448][E][esp32-hal-i2c-ng.c:275] i2cWrite(): i2c_master_transmit failed: [259] ESP_ERR_INVALID_STATE

[  1448][E][Encoder.cpp:28] getRpmMovingAverage(): [Enc] AS5600 read failed

E (1857) ESPNOW: esp now not ini[  1450][E][esp32-hal-i2c-ng.c:275] i2cWrite(): i2c_master_transmit failed: [259] ESP_ERR_INVALID_STATE

[  1450][E][Encoder.cpp:28] getRpmMovingAverage(): [Enc] AS5600 read failed

t!

[  1450][E][NacelleComms.cpp:175] sendNacelleData(): [NCO] Tx failed

[  1452][E][esp32-hal-i2c-ng.c:275] i2cWrite(): i2c_master_transmit failed: [259] ESP_ERR_INVALID_STATE

[  1452][E][Encoder.cpp:28] getRpmMovingAverage(): [Enc] AS5600 read failed

[  1454][E][esp32-hal-i2c-ng.c:275] i2cWrite(): i2c_master_transmit failed: [259] ESP_ERR_INVALID_STATE

[  1454][E][Encoder.cpp:28] getRpmMovingAverage(): [Enc] AS5600 read failed

E (1862) ESPNOW: esp now not init!

[  1455][E][NacelleComms.cpp:175] sendNacelleData(): [NCO] Tx failed

[  1456][E][esp32-hal-i2c-ng.c:275] i2cWrite(): i2c_master_transmit failed: [259] ESP_ERR_INVALID_STATE

[  1456][E][Encoder.cpp:28] getRpmMovingAverage(): [Enc] AS5600 read failed

[  1458][E][esp32-hal-i2c-ng.c:275] i2cWrite(): i2c_master_transmit failed: [259] ESP_ERR_INVALID_STATE

[  1458][E][Encoder.cpp:28] getRpmMovingAverage(): [Enc] AS5600 read failed

E (1867) ESPNOW: esp now not ini[  1460][E][esp32-hal-i2c-ng.c:275] i2cWrite(): i2c_master_transmit failed: [259] ESP_ERR_INVALID_STATE

[  1460][E][Encoder.cpp:28] getRpmMovingAverage(): [Enc] AS5600 read failed

t!

[  1460][E][NacelleComms.cpp:175] sendNacelleData(): [NCO] Tx failed

[  1462][E][esp32-hal-i2c-ng.c:275] i2cWrite(): i2c_master_transmit failed: [259] ESP_ERR_INVALID_STATE

[  1462][E][Encoder.cpp:28] getRpmMovingAverage(): [Enc] AS5600 read failed

[  1464][E][esp32-hal-i2c-ng.c:275] i2cWrite(): i2c_master_transmit failed: [259] ESP_ERR_INVALID_STATE

[  1464][E][Encoder.cpp:28] getRpmMovingAverage(): [Enc] AS5600 read failed

E (1872) ESPNOW: esp now not init!

[  1465][E][NacelleComms.cpp:175] sendNacelleData(): [NCO] Tx failed

[  1466][E][esp32-hal-i2c-ng.c:275] i2cWrite(): i2c_master_transmit failed: [259] ESP_ERR_INVALID_STATE

[  1466][E][Encoder.cpp:28] getRpmMovingAverage(): [Enc] AS5600 read failed

[  1468][E][esp32-hal-i2c-ng.c:275] i2cWrite(): i2c_master_transmit failed: [259] ESP_ERR_INVALID_STATE

[  1468][E][Encoder.cpp:28] getRpmMovingAverage(): [Enc] AS5600 read failed

E (1877) ESPNOW: esp now not ini[  1470][E][esp32-hal-i2c-ng.c:275] i2cWrite(): i2c_master_transmit failed: [259] ESP_ERR_INVALID_STATE

[  1470][E][Encoder.cpp:28] getRpmMovingAverage(): [Enc] AS5600 read failed

t!

[  1470][E][NacelleComms.cpp:175] sendNacelleData(): [NCO] Tx failed

[  1472][E][esp32-hal-i2c-ng.c:275] i2cWrite(): i2c_master_transmit failed: [259] ESP_ERR_INVALID_STATE

[  1472][E][Encoder.cpp:28] getRpmMovingAverage(): [Enc] AS5600 read failed

[  1474][E][esp32-hal-i2c-ng.c:275] i2cWrite(): i2c_master_transmit failed: [259] ESP_ERR_INVALID_STATE

[  1474][E][Encoder.cpp:28] getRpmMovingAverage(): [Enc] AS5600 read failed

E (1882) ESPNOW: esp now not init!

[  1475][E][NacelleComms.cpp:175] sendNacelleData(): [NCO] Tx failed

[  1476][E][esp32-hal-i2c-ng.c:275] i2cWrite(): i2c_master_transmit failed: [259] ESP_ERR_INVALID_STATE

[  1476][E][Encoder.cpp:28] getRpmMovingAverage(): [Enc] AS5600 read failed

[  1478][E][esp32-hal-i2c-ng.c:275] i2cWrite(): i2c_master_transmit failed: [259] ESP_ERR_INVALID_STATE

[  1478][E][Encoder.cpp:28] getRpmMovingAverage(): [Enc] AS5600 read failed

E (1887) ESPNOW: esp now not ini[  1480][E][esp32-hal-i2c-ng.c:275] i2cWrite(): i2c_master_transmit failed: [259] ESP_ERR_INVALID_STATE

[  1480][E][Encoder.cpp:28] getRpmMovingAverage(): [Enc] AS5600 read failed

!

[  1480][E][NacelleComms.cpp:175] sendNacelleData(): [NCO] Tx failed

[  1482][E][esp32-hal-i2c-ng.c:275] i2cWrite(): i2c_master_transmit failed: [259] ESP_ERR_INVALID_STATE

[  1482][E][Encoder.cpp:28] getRpmMovingAverage(): [Enc] AS5600 read failed

[  1484][E][esp32-hal-i2c-ng.c:275] i2cWrite(): i2c_master_transmit failed: [259] ESP_ERR_INVALID_STATE

[  1484][E][Encoder.cpp:28] getRpmMovingAverage(): [Enc] AS5600 read failed

E (1892) ESPNOW: esp now not init!

[  1485][E][NacelleComms.cpp:175] sendNacelleData(): [NCO] Tx failed

[  1486][E][esp32-hal-i2c-ng.c:275] i2cWrite(): i2c_master_transmit failed: [259] ESP_ERR_INVALID_STATE

[  1486][E][Encoder.cpp:28] getRpmMovingAverage(): [Enc] AS5600 read failed

[  1488][E][esp32-hal-i2c-ng.c:275] i2cWrite(): i2c_master_transmit failed: [259] ESP_ERR_INVALID_STATE

[  1488][E][Encoder.cpp:28] getRpmMovingAverage(): [Enc] AS5600 read failed

E (1897) ESPNOW: esp now not ini[  1490][E][esp32-hal-i2c-ng.c:275] i2cWrite(): i2c_master_transmit failed: [259] ESP_ERR_INVALID_STATE

[  1490][E][Encoder.cpp:28] getRpmMovingAverage(): [Enc] AS5600 read failed

!

[  1490][E][NacelleComms.cpp:175] sendNacelleData(): [NCO] Tx failed

[  1492][E][esp32-hal-i2c-ng.c:275] i2cWrite(): i2c_master_transmit failed: [259] ESP_ERR_INVALID_STATE

[  1492][E][Encoder.cpp:28] getRpmMovingAverage(): [Enc] AS5600 read failed

[  1494][E][esp32-hal-i2c-ng.c:275] i2cWrite(): i2c_master_transmit failed: [259] ESP_ERR_INVALID_STATE

[  1494][E][Encoder.cpp:28] getRpmMovingAverage(): [Enc] AS5600 read failed

E (1902) ESPNOW: esp now not init!

[  1495][E][NacelleComms.cpp:175] sendNacelleData(): [NCO] Tx failed

[  1496][E][esp32-hal-i2c-ng.c:275] i2cWrite(): i2c_master_transmit failed: [259] ESP_ERR_INVALID_STATE

[  1496][E][Encoder.cpp:28] getRpmMovingAverage(): [Enc] AS5600 read failed

[  1498][E][esp32-hal-i2c-ng.c:275] i2cWrite(): i2c_master_transmit failed: [259] ESP_ERR_INVALID_STATE

[  1498][E][Encoder.cpp:28] getRpmMovingAverage(): [Enc] AS5600 read failed

E (1907) ESPNOW: esp now not ini[  1500][E][esp32-hal-i2c-ng.c:275] i2cWrite(): i2c_master_transmit failed: [259] ESP_ERR_INVALID_STATE

[  1500][E][Encoder.cpp:28] getRpmMovingAverage(): [Enc] AS5600 read failed

!

[  1500][E][NacelleComms.cpp:175] sendNacelleData(): [NCO] Tx failed

[  1502][E][esp32-hal-i2c-ng.c:275] i2cWrite(): i2c_master_transmit failed: [259] ESP_ERR_INVALID_STATE

[  1502][E][Encoder.cpp:28] getRpmMovingAverage(): [Enc] AS5600 read failed

[  1504][E][esp32-hal-i2c-ng.c:275] i2cWrite(): i2c_master_transmit failed: [259] ESP_ERR_INVALID_STATE

[  1504][E][Encoder.cpp:28] getRpmMovingAverage(): [Enc] AS5600 read failed

E (1912) ESPNOW: esp now not init!

[  1505][E][NacelleComms.cpp:175] sendNacelleData(): [NCO] Tx failed

[  1506][E][esp32-hal-i2c-ng.c:275] i2cWrite(): i2c_master_transmit failed: [259] ESP_ERR_INVALID_STATE

[  1506][E][Encoder.cpp:28] getRpmMovingAverage(): [Enc] AS5600 read failed

[  1508][E][esp32-hal-i2c-ng.c:275] i2cWrite(): i2c_master_transmit failed: [259] ESP_ERR_INVALID_STATE

[  1508][E][Encoder.cpp:28] getRpmMovingAverage(): [Enc] AS5600 read failed

E (1917) ESPNOW: esp now not ini[  1510][E][esp32-hal-i2c-ng.c:275] i2cWrite(): i2c_master_transmit failed: [259] ESP_ERR_INVALID_STATE

[  1510][E][Encoder.cpp:28] getRpmMovingAverage(): [Enc] AS5600 read failed


[  1510][E][NacelleComms.cpp:175] sendNacelleData(): [NCO] Tx failed

[  1512][E][esp32-hal-i2c-ng.c:275] i2cWrite(): i2c_master_transmit failed: [259] ESP_ERR_INVALID_STATE

[  1512][E][Encoder.cpp:28] getRpmMovingAverage(): [Enc] AS5600 read failed

[  1514][E][esp32-hal-i2c-ng.c:275] i2cWrite(): i2c_master_transmit failed: [259] ESP_ERR_INVALID_STATE

[  1514][E][Encoder.cpp:28] getRpmMovingAverage(): [Enc] AS5600 read failed

E (1922) ESPNOW: esp now not init!

[  1515][E][NacelleComms.cpp:175] sendNacelleData(): [NCO] Tx failed

[  1516][E][esp32-hal-i2c-ng.c:275] i2cWrite(): i2c_master_transmit failed: [259] ESP_ERR_INVALID_STATE

[  1516][E][Encoder.cpp:28] getRpmMovingAverage(): [Enc] AS5600 read failed

[  1518][E][esp32-hal-i2c-ng.c:275] i2cWrite(): i2c_master_transmit failed: [259] ESP_ERR_INVALID_STATE

[  1518][E][Encoder.cpp:28] getRpmMovingAverage(): [Enc] AS5600 read failed

E (1927) ESPNOW: esp now not ini[  1520][E][esp32-hal-i2c-ng.c:275] i2cWrite(): i2c_master_transmit failed: [259] ESP_ERR_INVALID_STATE

[  1520][E][Encoder.cpp:28] getRpmMovingAverage(): [Enc] AS5600 read failed

t!

[  1520][E][NacelleComms.cpp:175] sendNacelleData(): [NCO] Tx failed

[  1522][E][esp32-hal-i2c-ng.c:275] i2cWrite(): i2c_master_transmit failed: [259] ESP_ERR_INVALID_STATE

[  1522][E][Encoder.cpp:28] getRpmMovingAverage(): [Enc] AS5600 read failed

[  1524][E][esp32-hal-i2c-ng.c:275] i2cWrite(): i2c_master_transmit failed: [259] ESP_ERR_INVALID_STATE

[  1524][E][Encoder.cpp:28] getRpmMovingAverage(): [Enc] AS5600 read failed

E (1932) ESPNOW: esp now not init!

[  1525][E][NacelleComms.cpp:175] sendNacelleData(): [NCO] Tx failed

[  1526][E][esp32-hal-i2c-ng.c:275] i2cWrite(): i2c_master_transmit failed: [259] ESP_ERR_INVALID_STATE

[  1526][E][Encoder.cpp:28] getRpmMovingAverage(): [Enc] AS5600 read failed

[  1528][E][esp32-hal-i2c-ng.c:275] i2cWrite(): i2c_master_transmit failed: [259] ESP_ERR_INVALID_STATE

[  1528][E][Encoder.cpp:28] getRpmMovingAverage(): [Enc] AS5600 read failed

E (1937) ESPNOW: esp now not ini[  1530][E][esp32-hal-i2c-ng.c:275] i2cWrite(): i2c_master_transmit failed: [259] ESP_ERR_INVALID_STATE

[  1530][E][Encoder.cpp:28] getRpmMovingAverage(): [Enc] AS5600 read failed

!

[  1530][E][NacelleComms.cpp:175] sendNacelleData(): [NCO] Tx failed

[  1532][E][esp32-hal-i2c-ng.c:275] i2cWrite(): i2c_master_transmit failed: [259] ESP_ERR_INVALID_STATE

[  1532][E][Encoder.cpp:28] getRpmMovingAverage(): [Enc] AS5600 read failed

[  1534][E][esp32-hal-i2c-ng.c:275] i2cWrite(): i2c_master_transmit failed: [259] ESP_ERR_INVALID_STATE

[  1534][E][Encoder.cpp:28] getRpmMovingAverage(): [Enc] AS5600 read failed

E (1942) ESPNOW: esp now not init!

[  1535][E][NacelleComms.cpp:175] sendNacelleData(): [NCO] Tx failed

[  1536][E][esp32-hal-i2c-ng.c:275] i2cWrite(): i2c_master_transmit failed: [259] ESP_ERR_INVALID_STATE

[  1536][E][Encoder.cpp:28] getRpmMovingAverage(): [Enc] AS5600 read failed

[  1538][E][esp32-hal-i2c-ng.c:275] i2cWrite(): i2c_master_transmit failed: [259] ESP_ERR_INVALID_STATE

[  1538][E][Encoder.cpp:28] getRpmMovingAverage(): [Enc] AS5600 read failed

E (1947) ESPNOW: esp now not ini[  1540][E][esp32-hal-i2c-ng.c:275] i2cWrite(): i2c_master_transmit failed: [259] ESP_ERR_INVALID_STATE

[  1540][E][Encoder.cpp:28] getRpmMovingAverage(): [Enc] AS5600 read failed

t!

[  1540][E][NacelleComms.cpp:175] sendNacelleData(): [NCO] Tx failed

[  1542][E][esp32-hal-i2c-ng.c:275] i2cWrite(): i2c_master_transmit failed: [259] ESP_ERR_INVALID_STATE

[  1542][E][Encoder.cpp:28] getRpmMovingAverage(): [Enc] AS5600 read failed

[  1544][E][esp32-hal-i2c-ng.c:275] i2cWrite(): i2c_master_transmit failed: [259] ESP_ERR_INVALID_STATE

[  1544][E][Encoder.cpp:28] getRpmMovingAverage(): [Enc] AS5600 read failed

E (1952) ESPNOW: esp now not init!

[  1545][E][NacelleComms.cpp:175] sendNacelleData(): [NCO] Tx failed

[  1546][E][esp32-hal-i2c-ng.c:275] i2cWrite(): i2c_master_transmit failed: [259] ESP_ERR_INVALID_STATE

[  1546][E][Encoder.cpp:28] getRpmMovingAverage(): [Enc] AS5600 read failed

[  1548][E][esp32-hal-i2c-ng.c:275] i2cWrite(): i2c_master_transmit failed: [259] ESP_ERR_INVALID_STATE

[  1548][E][Encoder.cpp:28] getRpmMovingAverage(): [Enc] AS5600 read failed

E (1957) ESPNOW: esp now not ini[  1550][E][esp32-hal-i2c-ng.c:275] i2cWrite(): i2c_master_transmit failed: [259] ESP_ERR_INVALID_STATE

[  1550][E][Encoder.cpp:28] getRpmMovingAverage(): [Enc] AS5600 read failed

t!

[  1550][E][NacelleComms.cpp:175] sendNacelleData(): [NCO] Tx failed

[  1552][E][esp32-hal-i2c-ng.c:275] i2cWrite(): i2c_master_transmit failed: [259] ESP_ERR_INVALID_STATE

[  1552][E][Encoder.cpp:28] getRpmMovingAverage(): [Enc] AS5600 read failed

[  1554][E][esp32-hal-i2c-ng.c:275] i2cWrite(): i2c_master_transmit failed: [259] ESP_ERR_INVALID_STATE

[  1554][E][Encoder.cpp:28] getRpmMovingAverage(): [Enc] AS5600 read failed

E (1962) ESPNOW: esp now not init!

[  1555][E][NacelleComms.cpp:175] sendNacelleData(): [NCO] Tx failed

[  1556][E][esp32-hal-i2c-ng.c:275] i2cWrite(): i2c_master_transmit failed: [259] ESP_ERR_INVALID_STATE

[  1556][E][Encoder.cpp:28] getRpmMovingAverage(): [Enc] AS5600 read failed

[  1558][E][esp32-hal-i2c-ng.c:275] i2cWrite(): i2c_master_transmit failed: [259] ESP_ERR_INVALID_STATE

[  1558][E][Encoder.cpp:28] getRpmMovingAverage(): [Enc] AS5600 read failed

E (1967) ESPNOW: esp now not ini[  1560][E][esp32-hal-i2c-ng.c:275] i2cWrite(): i2c_master_transmit failed: [259] ESP_ERR_INVALID_STATE

[  1560][E][Encoder.cpp:28] getRpmMovingAverage(): [Enc] AS5600 read failed

!

[  1560][E][NacelleComms.cpp:175] sendNacelleData(): [NCO] Tx failed

[  1562][E][esp32-hal-i2c-ng.c:275] i2cWrite(): i2c_master_transmit failed: [259] ESP_ERR_INVALID_STATE

[  1562][E][Encoder.cpp:28] getRpmMovingAverage(): [Enc] AS5600 read failed

[  1564][E][esp32-hal-i2c-ng.c:275] i2cWrite(): i2c_master_transmit failed: [259] ESP_ERR_INVALID_STATE

[  1564][E][Encoder.cpp:28] getRpmMovingAverage(): [Enc] AS5600 read failed

E (1972) ESPNOW: esp now not init!

[  1565][E][NacelleComms.cpp:175] sendNacelleData(): [NCO] Tx failed

[  1566][E][esp32-hal-i2c-ng.c:275] i2cWrite(): i2c_master_transmit failed: [259] ESP_ERR_INVALID_STATE

[  1566][E][Encoder.cpp:28] getRpmMovingAverage(): [Enc] AS5600 read failed

[  1568][E][esp32-hal-i2c-ng.c:275] i2cWrite(): i2c_master_transmit failed: [259] ESP_ERR_INVALID_STATE

[  1568][E][Encoder.cpp:28] getRpmMovingAverage(): [Enc] AS5600 read failed

E (1977) ESPNOW: esp now not ini[  1570][E][esp32-hal-i2c-ng.c:275] i2cWrite(): i2c_master_transmit failed: [259] ESP_ERR_INVALID_STATE

[  1570][E][Encoder.cpp:28] getRpmMovingAverage(): [Enc] AS5600 read failed

t!

[  1570][E][NacelleComms.cpp:175] sendNacelleData(): [NCO] Tx failed

[  1572][E][esp32-hal-i2c-ng.c:275] i2cWrite(): i2c_master_transmit failed: [259] ESP_ERR_INVALID_STATE

[  1572][E][Encoder.cpp:28] getRpmMovingAverage(): [Enc] AS5600 read failed

[  1574][E][esp32-hal-i2c-ng.c:275] i2cWrite(): i2c_master_transmit failed: [259] ESP_ERR_INVALID_STATE

[  1574][E][Encoder.cpp:28] getRpmMovingAverage(): [Enc] AS5600 read failed

E (1982) ESPNOW: esp now not init!

[  1575][E][NacelleComms.cpp:175] sendNacelleData(): [NCO] Tx failed

[  1576][E][esp32-hal-i2c-ng.c:275] i2cWrite(): i2c_master_transmit failed: [259] ESP_ERR_INVALID_STATE

[  1576][E][Encoder.cpp:28] getRpmMovingAverage(): [Enc] AS5600 read failed

[  1578][E][esp32-hal-i2c-ng.c:275] i2cWrite(): i2c_master_transmit failed: [259] ESP_ERR_INVALID_STATE

[  1578][E][Encoder.cpp:28] getRpmMovingAverage(): [Enc] AS5600 read failed

E (1987) ESPNOW: esp now not ini[  1580][E][esp32-hal-i2c-ng.c:275] i2cWrite(): i2c_master_transmit failed: [259] ESP_ERR_INVALID_STATE

[  1580][E][Encoder.cpp:28] getRpmMovingAverage(): [Enc] AS5600 read failed

!

[  1580][E][NacelleComms.cpp:175] sendNacelleData(): [NCO] Tx failed

[  1582][E][esp32-hal-i2c-ng.c:275] i2cWrite(): i2c_master_transmit failed: [259] ESP_ERR_INVALID_STATE

[  1582][E][Encoder.cpp:28] getRpmMovingAverage(): [Enc] AS5600 read failed

[  1584][E][esp32-hal-i2c-ng.c:275] i2cWrite(): i2c_master_transmit failed: [259] ESP_ERR_INVALID_STATE

[  1584][E][Encoder.cpp:28] getRpmMovingAverage(): [Enc] AS5600 read failed

E (1992) ESPNOW: esp now not init!

[  1585][E][NacelleComms.cpp:175] sendNacelleData(): [NCO] Tx failed

[  1586][E][esp32-hal-i2c-ng.c:275] i2cWrite(): i2c_master_transmit failed: [259] ESP_ERR_INVALID_STATE

[  1586][E][Encoder.cpp:28] getRpmMovingAverage(): [Enc] AS5600 read failed

[  1588][E][esp32-hal-i2c-ng.c:275] i2cWrite(): i2c_master_transmit failed: [259] ESP_ERR_INVALID_STATE

[  1588][E][Encoder.cpp:28] getRpmMovingAverage(): [Enc] AS5600 read failed

E (1997) ESPNOW: esp now not ini[  1590][E][esp32-hal-i2c-ng.c:275] i2cWrite(): i2c_master_transmit failed: [259] ESP_ERR_INVALID_STATE

[  1590][E][Encoder.cpp:28] getRpmMovingAverage(): [Enc] AS5600 read failed

!

[  1590][E][NacelleComms.cpp:175] sendNacelleData(): [NCO] Tx failed

[  1592][E][esp32-hal-i2c-ng.c:275] i2cWrite(): i2c_master_transmit failed: [259] ESP_ERR_INVALID_STATE

[  1592][E][Encoder.cpp:28] getRpmMovingAverage(): [Enc] AS5600 read failed

[  1594][E][esp32-hal-i2c-ng.c:275] i2cWrite(): i2c_master_transmit failed: [259] ESP_ERR_INVALID_STATE

[  1594][E][Encoder.cpp:28] getRpmMovingAverage(): [Enc] AS5600 read failed

E (2002) ESPNOW: esp now not init!

[  1595][E][NacelleComms.cpp:175] sendNacelleData(): [NCO] Tx failed

[  1596][E][esp32-hal-i2c-ng.c:275] i2cWrite(): i2c_master_transmit failed: [259] ESP_ERR_INVALID_STATE

[  1596][E][Encoder.cpp:28] getRpmMovingAverage(): [Enc] AS5600 read failed

[  1598][E][esp32-hal-i2c-ng.c:275] i2cWrite(): i2c_master_transmit failed: [259] ESP_ERR_INVALID_STATE

[  1598][E][Encoder.cpp:28] getRpmMovingAverage(): [Enc] AS5600 read failed

E (2007) ESPNOW: esp now not ini[  1600][E][esp32-hal-i2c-ng.c:275] i2cWrite(): i2c_master_transmit failed: [259] ESP_ERR_INVALID_STATE

[  1600][E][Encoder.cpp:28] getRpmMovingAverage(): [Enc] AS5600 read failed

!

[  1600][E][NacelleComms.cpp:175] sendNacelleData(): [NCO] Tx failed

[  1602][E][esp32-hal-i2c-ng.c:275] i2cWrite(): i2c_master_transmit failed: [259] ESP_ERR_INVALID_STATE

[  1602][E][Encoder.cpp:28] getRpmMovingAverage(): [Enc] AS5600 read failed

[  1604][E][esp32-hal-i2c-ng.c:275] i2cWrite(): i2c_master_transmit failed: [259] ESP_ERR_INVALID_STATE

[  1604][E][Encoder.cpp:28] getRpmMovingAverage(): [Enc] AS5600 read failed

E (2012) ESPNOW: esp now not init!

[  1605][E][NacelleComms.cpp:175] sendNacelleData(): [NCO] Tx failed

[  1606][E][esp32-hal-i2c-ng.c:275] i2cWrite(): i2c_master_transmit failed: [259] ESP_ERR_INVALID_STATE

[  1606][E][Encoder.cpp:28] getRpmMovingAverage(): [Enc] AS5600 read failed

[  1608][E][esp32-hal-i2c-ng.c:275] i2cWrite(): i2c_master_transmit failed: [259] ESP_ERR_INVALID_STATE

[  1608][E][Encoder.cpp:28] getRpmMovingAverage(): [Enc] AS5600 read failed

E (2017) ESPNOW: esp now not ini[  1610][E][esp32-hal-i2c-ng.c:275] i2cWrite(): i2c_master_transmit failed: [259] ESP_ERR_INVALID_STATE

[  1610][E][Encoder.cpp:28] getRpmMovingAverage(): [Enc] AS5600 read failed

t!

[  1610][E][NacelleComms.cpp:175] sendNacelleData(): [NCO] Tx failed

[  1612][E][esp32-hal-i2c-ng.c:275] i2cWrite(): i2c_master_transmit failed: [259] ESP_ERR_INVALID_STATE

[  1612][E][Encoder.cpp:28] getRpmMovingAverage(): [Enc] AS5600 read failed

[  1614][E][esp32-hal-i2c-ng.c:275] i2cWrite(): i2c_master_transmit failed: [259] ESP_ERR_INVALID_STATE

[  1614][E][Encoder.cpp:28] getRpmMovingAverage(): [Enc] AS5600 read failed

E (2022) ESPNOW: esp now not init!

[  1615][E][NacelleComms.cpp:175] sendNacelleData(): [NCO] Tx failed

[  1616][E][esp32-hal-i2c-ng.c:275] i2cWrite(): i2c_master_transmit failed: [259] ESP_ERR_INVALID_STATE

[  1616][E][Encoder.cpp:28] getRpmMovingAverage(): [Enc] AS5600 read failed

[  1618][E][esp32-hal-i2c-ng.c:275] i2cWrite(): i2c_master_transmit failed: [259] ESP_ERR_INVALID_STATE

[  1618][E][Encoder.cpp:28] getRpmMovingAverage(): [Enc] AS5600 read failed

E (2027) ESPNOW: esp now not ini[  1620][E][esp32-hal-i2c-ng.c:275] i2cWrite(): i2c_master_transmit failed: [259] ESP_ERR_INVALID_STATE

[  1620][E][Encoder.cpp:28] getRpmMovingAverage(): [Enc] AS5600 read failed

t!

[  1620][E][NacelleComms.cpp:175] sendNacelleData(): [NCO] Tx failed

[  1622][E][esp32-hal-i2c-ng.c:275] i2cWrite(): i2c_master_transmit failed: [259] ESP_ERR_INVALID_STATE

[  1622][E][Encoder.cpp:28] getRpmMovingAverage(): [Enc] AS5600 read failed

[  1624][E][esp32-hal-i2c-ng.c:275] i2cWrite(): i2c_master_transmit failed: [259] ESP_ERR_INVALID_STATE

[  1624][E][Encoder.cpp:28] getRpmMovingAverage(): [Enc] AS5600 read failed

E (2032) ESPNOW: esp now not init!

[  1625][E][NacelleComms.cpp:175] sendNacelleData(): [NCO] Tx failed

[  1626][E][esp32-hal-i2c-ng.c:275] i2cWrite(): i2c_master_transmit failed: [259] ESP_ERR_INVALID_STATE

[  1626][E][Encoder.cpp:28] getRpmMovingAverage(): [Enc] AS5600 read failed

[  1628][E][esp32-hal-i2c-ng.c:275] i2cWrite(): i2c_master_transmit failed: [259] ESP_ERR_INVALID_STATE

[  1628][E][Encoder.cpp:28] getRpmMovingAverage(): [Enc] AS5600 read failed

E (2037) ESPNOW: esp now not ini[  1630][E][esp32-hal-i2c-ng.c:275] i2cWrite(): i2c_master_transmit failed: [259] ESP_ERR_INVALID_STATE

[  1630][E][Encoder.cpp:28] getRpmMovingAverage(): [Enc] AS5600 read failed

!

[  1630][E][NacelleComms.cpp:175] sendNacelleData(): [NCO] Tx failed

[  1632][E][esp32-hal-i2c-ng.c:275] i2cWrite(): i2c_master_transmit failed: [259] ESP_ERR_INVALID_STATE

[  1632][E][Encoder.cpp:28] getRpmMovingAverage(): [Enc] AS5600 read failed

[  1634][E][esp32-hal-i2c-ng.c:275] i2cWrite(): i2c_master_transmit failed: [259] ESP_ERR_INVALID_STATE

[  1634][E][Encoder.cpp:28] getRpmMovingAverage(): [Enc] AS5600 read failed

E (2042) ESPNOW: esp now not init!

[  1635][E][NacelleComms.cpp:175] sendNacelleData(): [NCO] Tx failed

[  1636][E][esp32-hal-i2c-ng.c:275] i2cWrite(): i2c_master_transmit failed: [259] ESP_ERR_INVALID_STATE

[  1636][E][Encoder.cpp:28] getRpmMovingAverage(): [Enc] AS5600 read failed

[  1638][E][esp32-hal-i2c-ng.c:275] i2cWrite(): i2c_master_transmit failed: [259] ESP_ERR_INVALID_STATE

[  1638][E][Encoder.cpp:28] getRpmMovingAverage(): [Enc] AS5600 read failed

E (2047) ESPNOW: esp now not ini[  1640][E][esp32-hal-i2c-ng.c:275] i2cWrite(): i2c_master_transmit failed: [259] ESP_ERR_INVALID_STATE

[  1640][E][Encoder.cpp:28] getRpmMovingAverage(): [Enc] AS5600 read failed

!

[  1640][E][NacelleComms.cpp:175] sendNacelleData(): [NCO] Tx failed

[  1642][E][esp32-hal-i2c-ng.c:275] i2cWrite(): i2c_master_transmit failed: [259] ESP_ERR_INVALID_STATE

[  1642][E][Encoder.cpp:28] getRpmMovingAverage(): [Enc] AS5600 read failed

[  1644][E][esp32-hal-i2c-ng.c:275] i2cWrite(): i2c_master_transmit failed: [259] ESP_ERR_INVALID_STATE

[  1644][E][Encoder.cpp:28] getRpmMovingAverage(): [Enc] AS5600 read failed

E (2052) ESPNOW: esp now not init!

[  1645][E][NacelleComms.cpp:175] sendNacelleData(): [NCO] Tx failed

[  1646][E][esp32-hal-i2c-ng.c:275] i2cWrite(): i2c_master_transmit failed: [259] ESP_ERR_INVALID_STATE

[  1646][E][Encoder.cpp:28] getRpmMovingAverage(): [Enc] AS5600 read failed

[  1648][E][esp32-hal-i2c-ng.c:275] i2cWrite(): i2c_master_transmit failed: [259] ESP_ERR_INVALID_STATE

[  1648][E][Encoder.cpp:28] getRpmMovingAverage(): [Enc] AS5600 read failed

E (2057) ESPNOW: esp now not ini[  1650][E][esp32-hal-i2c-ng.c:275] i2cWrite(): i2c_master_transmit failed: [259] ESP_ERR_INVALID_STATE

[  1650][E][Encoder.cpp:28] getRpmMovingAverage(): [Enc] AS5600 read failed

!

[  1650][E][NacelleComms.cpp:175] sendNacelleData(): [NCO] Tx failed

[  1652][E][esp32-hal-i2c-ng.c:275] i2cWrite(): i2c_master_transmit failed: [259] ESP_ERR_INVALID_STATE

[  1652][E][Encoder.cpp:28] getRpmMovingAverage(): [Enc] AS5600 read failed

[  1654][E][esp32-hal-i2c-ng.c:275] i2cWrite(): i2c_master_transmit failed: [259] ESP_ERR_INVALID_STATE

[  1654][E][Encoder.cpp:28] getRpmMovingAverage(): [Enc] AS5600 read failed

E (2062) ESPNOW: esp now not init!

[  1655][E][NacelleComms.cpp:175] sendNacelleData(): [NCO] Tx failed

[  1656][E][esp32-hal-i2c-ng.c:275] i2cWrite(): i2c_master_transmit failed: [259] ESP_ERR_INVALID_STATE

[  1656][E][Encoder.cpp:28] getRpmMovingAverage(): [Enc] AS5600 read failed

[  1658][E][esp32-hal-i2c-ng.c:275] i2cWrite(): i2c_master_transmit failed: [259] ESP_ERR_INVALID_STATE

[  1658][E][Encoder.cpp:28] getRpmMovingAverage(): [Enc] AS5600 read failed

E (2067) ESPNOW: esp now not ini[  1660][E][esp32-hal-i2c-ng.c:275] i2cWrite(): i2c_master_transmit failed: [259] ESP_ERR_INVALID_STATE

[  1660][E][Encoder.cpp:28] getRpmMovingAverage(): [Enc] AS5600 read failed

!

[  1660][E][NacelleComms.cpp:175] sendNacelleData(): [NCO] Tx failed

[  1662][E][esp32-hal-i2c-ng.c:275] i2cWrite(): i2c_master_transmit failed: [259] ESP_ERR_INVALID_STATE

[  1662][E][Encoder.cpp:28] getRpmMovingAverage(): [Enc] AS5600 read failed

[  1664][E][esp32-hal-i2c-ng.c:275] i2cWrite(): i2c_master_transmit failed: [259] ESP_ERR_INVALID_STATE

[  1664][E][Encoder.cpp:28] getRpmMovingAverage(): [Enc] AS5600 read failed

E (2072) ESPNOW: esp now not init!

[  1665][E][NacelleComms.cpp:175] sendNacelleData(): [NCO] Tx failed

[  1666][E][esp32-hal-i2c-ng.c:275] i2cWrite(): i2c_master_transmit failed: [259] ESP_ERR_INVALID_STATE

[  1666][E][Encoder.cpp:28] getRpmMovingAverage(): [Enc] AS5600 read failed

[  1668][E][esp32-hal-i2c-ng.c:275] i2cWrite(): i2c_master_transmit failed: [259] ESP_ERR_INVALID_STATE

[  1668][E][Encoder.cpp:28] getRpmMovingAverage(): [Enc] AS5600 read failed

E (2077) ESPNOW: esp now not ini[  1670][E][esp32-hal-i2c-ng.c:275] i2cWrite(): i2c_master_transmit failed: [259] ESP_ERR_INVALID_STATE

[  1670][E][Encoder.cpp:28] getRpmMovingAverage(): [Enc] AS5600 read failed

t!

[  1670][E][NacelleComms.cpp:175] sendNacelleData(): [NCO] Tx failed

[  1672][E][esp32-hal-i2c-ng.c:275] i2cWrite(): i2c_master_transmit failed: [259] ESP_ERR_INVALID_STATE

[  1672][E][Encoder.cpp:28] getRpmMovingAverage(): [Enc] AS5600 read failed

[  1674][E][esp32-hal-i2c-ng.c:275] i2cWrite(): i2c_master_transmit failed: [259] ESP_ERR_INVALID_STATE

[  1674][E][Encoder.cpp:28] getRpmMovingAverage(): [Enc] AS5600 read failed

E (2082) ESPNOW: esp now not init!

[  1675][E][NacelleComms.cpp:175] sendNacelleData(): [NCO] Tx failed

[  1676][E][esp32-hal-i2c-ng.c:275] i2cWrite(): i2c_master_transmit failed: [259] ESP_ERR_INVALID_STATE

[  1676][E][Encoder.cpp:28] getRpmMovingAverage(): [Enc] AS5600 read failed

[  1678][E][esp32-hal-i2c-ng.c:275] i2cWrite(): i2c_master_transmit failed: [259] ESP_ERR_INVALID_STATE

[  1678][E][Encoder.cpp:28] getRpmMovingAverage(): [Enc] AS5600 read failed

E (2087) ESPNOW: esp now not in[  1680][E][esp32-hal-i2c-ng.c:275] i2cWrite(): i2c_master_transmit failed: [259] ESP_ERR_INVALID_STATE

[  1680][E][Encoder.cpp:28] getRpmMovingAverage(): [Enc] AS5600 read failed

it!

[  1680][E][NacelleComms.cpp:175] sendNacelleData(): [NCO] Tx failed

[  1682][E][esp32-hal-i2c-ng.c:275] i2cWrite(): i2c_master_transmit failed: [259] ESP_ERR_INVALID_STATE

[  1682][E][Encoder.cpp:28] getRpmMovingAverage(): [Enc] AS5600 read failed

[  1684][E][esp32-hal-i2c-ng.c:275] i2cWrite(): i2c_master_transmit failed: [259] ESP_ERR_INVALID_STATE

[  1684][E][Encoder.cpp:28] getRpmMovingAverage(): [Enc] AS5600 read failed

E (2092) ESPNOW: esp now not init!

[  1685][E][NacelleComms.cpp:175] sendNacelleData(): [NCO] Tx failed

[  1686][E][esp32-hal-i2c-ng.c:275] i2cWrite(): i2c_master_transmit failed: [259] ESP_ERR_INVALID_STATE

[  1686][E][Encoder.cpp:28] getRpmMovingAverage(): [Enc] AS5600 read failed

[  1688][E][esp32-hal-i2c-ng.c:275] i2cWrite(): i2c_master_transmit failed: [259] ESP_ERR_INVALID_STATE

[  1688][E][Encoder.cpp:28] getRpmMovingAverage(): [Enc] AS5600 read failed

E (2097) ESPNOW: esp now not ini[  1690][E][esp32-hal-i2c-ng.c:275] i2cWrite(): i2c_master_transmit failed: [259] ESP_ERR_INVALID_STATE

[  1690][E][Encoder.cpp:28] getRpmMovingAverage(): [Enc] AS5600 read failed

!

[  1690][E][NacelleComms.cpp:175] sendNacelleData(): [NCO] Tx failed

[  1692][E][esp32-hal-i2c-ng.c:275] i2cWrite(): i2c_master_transmit failed: [259] ESP_ERR_INVALID_STATE

[  1692][E][Encoder.cpp:28] getRpmMovingAverage(): [Enc] AS5600 read failed

[  1694][E][esp32-hal-i2c-ng.c:275] i2cWrite(): i2c_master_transmit failed: [259] ESP_ERR_INVALID_STATE

[  1694][E][Encoder.cpp:28] getRpmMovingAverage(): [Enc] AS5600 read failed

E (2102) ESPNOW: esp now not init!

[  1695][E][NacelleComms.cpp:175] sendNacelleData(): [NCO] Tx failed

[  1696][E][esp32-hal-i2c-ng.c:275] i2cWrite(): i2c_master_transmit failed: [259] ESP_ERR_INVALID_STATE

[  1696][E][Encoder.cpp:28] getRpmMovingAverage(): [Enc] AS5600 read failed

[  1698][E][esp32-hal-i2c-ng.c:275] i2cWrite(): i2c_master_transmit failed: [259] ESP_ERR_INVALID_STATE

[  1698][E][Encoder.cpp:28] getRpmMovingAverage(): [Enc] AS5600 read failed

E (2107) ESPNOW: esp now not ini[  1700][E][esp32-hal-i2c-ng.c:275] i2cWrite(): i2c_master_transmit failed: [259] ESP_ERR_INVALID_STATE

[  1700][E][Encoder.cpp:28] getRpmMovingAverage(): [Enc] AS5600 read failed



[  1700][E][NacelleComms.cpp:175] sendNacelleData(): [NCO] Tx failed

[  1702][E][esp32-hal-i2c-ng.c:275] i2cWrite(): i2c_master_transmit failed: [259] ESP_ERR_INVALID_STATE

[  1702][E][Encoder.cpp:28] getRpmMovingAverage(): [Enc] AS5600 read failed

[  1704][E][esp32-hal-i2c-ng.c:275] i2cWrite(): i2c_master_transmit failed: [259] ESP_ERR_INVALID_STATE

[  1704][E][Encoder.cpp:28] getRpmMovingAverage(): [Enc] AS5600 read failed

E (2112) ESPNOW: esp now not init!

[  1705][E][NacelleComms.cpp:175] sendNacelleData(): [NCO] Tx failed

[  1706][E][esp32-hal-i2c-ng.c:275] i2cWrite(): i2c_master_transmit failed: [259] ESP_ERR_INVALID_STATE

[  1706][E][Encoder.cpp:28] getRpmMovingAverage(): [Enc] AS5600 read failed

[  1708][E][esp32-hal-i2c-ng.c:275] i2cWrite(): i2c_master_transmit failed: [259] ESP_ERR_INVALID_STATE

[  1708][E][Encoder.cpp:28] getRpmMovingAverage(): [Enc] AS5600 read failed

E (2117) ESPNOW: esp now not ini[  1710][E][esp32-hal-i2c-ng.c:275] i2cWrite(): i2c_master_transmit failed: [259] ESP_ERR_INVALID_STATE

[  1710][E][Encoder.cpp:28] getRpmMovingAverage(): [Enc] AS5600 read failed

t!

[  1711][E][NacelleComms.cpp:175] sendNacelleData(): [NCO] Tx failed

[  1712][E][esp32-hal-i2c-ng.c:275] i2cWrite(): i2c_master_transmit failed: [259] ESP_ERR_INVALID_STATE

[  1712][E][Encoder.cpp:28] getRpmMovingAverage(): [Enc] AS5600 read failed

[  1714][E][esp32-hal-i2c-ng.c:275] i2cWrite(): i2c_master_transmit failed: [259] ESP_ERR_INVALID_STATE

[  1714][E][Encoder.cpp:28] getRpmMovingAverage(): [Enc] AS5600 read failed

E (2122) ESPNOW: esp now not init!

[  1715][E][NacelleComms.cpp:175] sendNacelleData(): [NCO] Tx failed

[  1716][E][esp32-hal-i2c-ng.c:275] i2cWrite(): i2c_master_transmit failed: [259] ESP_ERR_INVALID_STATE

[  1716][E][Encoder.cpp:28] getRpmMovingAverage(): [Enc] AS5600 read failed

[  1718][E][esp32-hal-i2c-ng.c:275] i2cWrite(): i2c_master_transmit failed: [259] ESP_ERR_INVALID_STATE

[  1718][E][Encoder.cpp:28] getRpmMovingAverage(): [Enc] AS5600 read failed

E (2127) ESPNOW: esp now not ini[  1720][E][esp32-hal-i2c-ng.c:275] i2cWrite(): i2c_master_transmit failed: [259] ESP_ERR_INVALID_STATE

[  1720][E][Encoder.cpp:28] getRpmMovingAverage(): [Enc] AS5600 read failed

!

[  1720][E][NacelleComms.cpp:175] sendNacelleData(): [NCO] Tx failed

[  1722][E][esp32-hal-i2c-ng.c:275] i2cWrite(): i2c_master_transmit failed: [259] ESP_ERR_INVALID_STATE

[  1722][E][Encoder.cpp:28] getRpmMovingAverage(): [Enc] AS5600 read failed

[  1724][E][esp32-hal-i2c-ng.c:275] i2cWrite(): i2c_master_transmit failed: [259] ESP_ERR_INVALID_STATE

[  1724][E][Encoder.cpp:28] getRpmMovingAverage(): [Enc] AS5600 read failed

E (2132) ESPNOW: esp now not init!

[  1725][E][NacelleComms.cpp:175] sendNacelleData(): [NCO] Tx failed

[  1726][E][esp32-hal-i2c-ng.c:275] i2cWrite(): i2c_master_transmit failed: [259] ESP_ERR_INVALID_STATE

[  1726][E][Encoder.cpp:28] getRpmMovingAverage(): [Enc] AS5600 read failed

[  1728][E][esp32-hal-i2c-ng.c:275] i2cWrite(): i2c_master_transmit failed: [259] ESP_ERR_INVALID_STATE

[  1728][E][Encoder.cpp:28] getRpmMovingAverage(): [Enc] AS5600 read failed

E (2137) ESPNOW: esp now not ini[  1730][E][esp32-hal-i2c-ng.c:275] i2cWrite(): i2c_master_transmit failed: [259] ESP_ERR_INVALID_STATE

[  1730][E][Encoder.cpp:28] getRpmMovingAverage(): [Enc] AS5600 read failed

t!

[  1730][E][NacelleComms.cpp:175] sendNacelleData(): [NCO] Tx failed

[  1732][E][esp32-hal-i2c-ng.c:275] i2cWrite(): i2c_master_transmit failed: [259] ESP_ERR_INVALID_STATE

[  1732][E][Encoder.cpp:28] getRpmMovingAverage(): [Enc] AS5600 read failed

[  1734][E][esp32-hal-i2c-ng.c:275] i2cWrite(): i2c_master_transmit failed: [259] ESP_ERR_INVALID_STATE

[  1734][E][Encoder.cpp:28] getRpmMovingAverage(): [Enc] AS5600 read failed

E (2142) ESPNOW: esp now not init!

[  1735][E][NacelleComms.cpp:175] sendNacelleData(): [NCO] Tx failed

[  1736][E][esp32-hal-i2c-ng.c:275] i2cWrite(): i2c_master_transmit failed: [259] ESP_ERR_INVALID_STATE

[  1736][E][Encoder.cpp:28] getRpmMovingAverage(): [Enc] AS5600 read failed

[  1738][E][esp32-hal-i2c-ng.c:275] i2cWrite(): i2c_master_transmit failed: [259] ESP_ERR_INVALID_STATE

[  1738][E][Encoder.cpp:28] getRpmMovingAverage(): [Enc] AS5600 read failed

E (2147) ESPNOW: esp now not ini[  1740][E][esp32-hal-i2c-ng.c:275] i2cWrite(): i2c_master_transmit failed: [259] ESP_ERR_INVALID_STATE

[  1740][E][Encoder.cpp:28] getRpmMovingAverage(): [Enc] AS5600 read failed

t!

[  1740][E][NacelleComms.cpp:175] sendNacelleData(): [NCO] Tx failed

[  1742][E][esp32-hal-i2c-ng.c:275] i2cWrite(): i2c_master_transmit failed: [259] ESP_ERR_INVALID_STATE

[  1742][E][Encoder.cpp:28] getRpmMovingAverage(): [Enc] AS5600 read failed

[  1744][E][esp32-hal-i2c-ng.c:275] i2cWrite(): i2c_master_transmit failed: [259] ESP_ERR_INVALID_STATE

[  1744][E][Encoder.cpp:28] getRpmMovingAverage(): [Enc] AS5600 read failed

E (2152) ESPNOW: esp now not init!

[  1745][E][NacelleComms.cpp:175] sendNacelleData(): [NCO] Tx failed

[  1746][E][esp32-hal-i2c-ng.c:275] i2cWrite(): i2c_master_transmit failed: [259] ESP_ERR_INVALID_STATE

[  1746][E][Encoder.cpp:28] getRpmMovingAverage(): [Enc] AS5600 read failed

[  1748][E][esp32-hal-i2c-ng.c:275] i2cWrite(): i2c_master_transmit failed: [259] ESP_ERR_INVALID_STATE

[  1748][E][Encoder.cpp:28] getRpmMovingAverage(): [Enc] AS5600 read failed

E (2157) ESPNOW: esp now not ini[  1750][E][esp32-hal-i2c-ng.c:275] i2cWrite(): i2c_master_transmit failed: [259] ESP_ERR_INVALID_STATE

[  1750][E][Encoder.cpp:28] getRpmMovingAverage(): [Enc] AS5600 read failed

t!

[  1750][E][NacelleComms.cpp:175] sendNacelleData(): [NCO] Tx failed

[  1752][E][esp32-hal-i2c-ng.c:275] i2cWrite(): i2c_master_transmit failed: [259] ESP_ERR_INVALID_STATE

[  1752][E][Encoder.cpp:28] getRpmMovingAverage(): [Enc] AS5600 read failed

[  1754][E][esp32-hal-i2c-ng.c:275] i2cWrite(): i2c_master_transmit failed: [259] ESP_ERR_INVALID_STATE

[  1754][E][Encoder.cpp:28] getRpmMovingAverage(): [Enc] AS5600 read failed

E (2162) ESPNOW: esp now not init!

[  1755][E][NacelleComms.cpp:175] sendNacelleData(): [NCO] Tx failed

[  1756][E][esp32-hal-i2c-ng.c:275] i2cWrite(): i2c_master_transmit failed: [259] ESP_ERR_INVALID_STATE

[  1756][E][Encoder.cpp:28] getRpmMovingAverage(): [Enc] AS5600 read failed

[  1758][E][esp32-hal-i2c-ng.c:275] i2cWrite(): i2c_master_transmit failed: [259] ESP_ERR_INVALID_STATE

[  1758][E][Encoder.cpp:28] getRpmMovingAverage(): [Enc] AS5600 read failed

E (2167) ESPNOW: esp now not ini[  1760][E][esp32-hal-i2c-ng.c:275] i2cWrite(): i2c_master_transmit failed: [259] ESP_ERR_INVALID_STATE

[  1760][E][Encoder.cpp:28] getRpmMovingAverage(): [Enc] AS5600 read failed

!

[  1760][E][NacelleComms.cpp:175] sendNacelleData(): [NCO] Tx failed

[  1762][E][esp32-hal-i2c-ng.c:275] i2cWrite(): i2c_master_transmit failed: [259] ESP_ERR_INVALID_STATE

[  1762][E][Encoder.cpp:28] getRpmMovingAverage(): [Enc] AS5600 read failed

[  1764][E][esp32-hal-i2c-ng.c:275] i2cWrite(): i2c_master_transmit failed: [259] ESP_ERR_INVALID_STATE

[  1764][E][Encoder.cpp:28] getRpmMovingAverage(): [Enc] AS5600 read failed

E (2172) ESPNOW: esp now not init!

[  1765][E][NacelleComms.cpp:175] sendNacelleData(): [NCO] Tx failed

[  1766][E][esp32-hal-i2c-ng.c:275] i2cWrite(): i2c_master_transmit failed: [259] ESP_ERR_INVALID_STATE

[  1766][E][Encoder.cpp:28] getRpmMovingAverage(): [Enc] AS5600 read failed

[  1768][E][esp32-hal-i2c-ng.c:275] i2cWrite(): i2c_master_transmit failed: [259] ESP_ERR_INVALID_STATE

[  1768][E][Encoder.cpp:28] getRpmMovingAverage(): [Enc] AS5600 read failed

E (2177) ESPNOW: esp now not ini[  1770][E][esp32-hal-i2c-ng.c:275] i2cWrite(): i2c_master_transmit failed: [259] ESP_ERR_INVALID_STATE

[  1770][E][Encoder.cpp:28] getRpmMovingAverage(): [Enc] AS5600 read failed

t!

[  1770][E][NacelleComms.cpp:175] sendNacelleData(): [NCO] Tx failed

[  1772][E][esp32-hal-i2c-ng.c:275] i2cWrite(): i2c_master_transmit failed: [259] ESP_ERR_INVALID_STATE

[  1772][E][Encoder.cpp:28] getRpmMovingAverage(): [Enc] AS5600 read failed

[  1774][E][esp32-hal-i2c-ng.c:275] i2cWrite(): i2c_master_transmit failed: [259] ESP_ERR_INVALID_STATE

[  1774][E][Encoder.cpp:28] getRpmMovingAverage(): [Enc] AS5600 read failed

E (2182) ESPNOW: esp now not init!

[  1775][E][NacelleComms.cpp:175] sendNacelleData(): [NCO] Tx failed

[  1776][E][esp32-hal-i2c-ng.c:275] i2cWrite(): i2c_master_transmit failed: [259] ESP_ERR_INVALID_STATE

[  1776][E][Encoder.cpp:28] getRpmMovingAverage(): [Enc] AS5600 read failed

[  1778][E][esp32-hal-i2c-ng.c:275] i2cWrite(): i2c_master_transmit failed: [259] ESP_ERR_INVALID_STATE

[  1778][E][Encoder.cpp:28] getRpmMovingAverage(): [Enc] AS5600 read failed

E (2187) ESPNOW: esp now not ini[  1780][E][esp32-hal-i2c-ng.c:275] i2cWrite(): i2c_master_transmit failed: [259] ESP_ERR_INVALID_STATE

[  1780][E][Encoder.cpp:28] getRpmMovingAverage(): [Enc] AS5600 read failed

!

[  1780][E][NacelleComms.cpp:175] sendNacelleData(): [NCO] Tx failed

[  1782][E][esp32-hal-i2c-ng.c:275] i2cWrite(): i2c_master_transmit failed: [259] ESP_ERR_INVALID_STATE

[  1782][E][Encoder.cpp:28] getRpmMovingAverage(): [Enc] AS5600 read failed

[  1784][E][esp32-hal-i2c-ng.c:275] i2cWrite(): i2c_master_transmit failed: [259] ESP_ERR_INVALID_STATE

[  1784][E][Encoder.cpp:28] getRpmMovingAverage(): [Enc] AS5600 read failed

E (2192) ESPNOW: esp now not init!

[  1785][E][NacelleComms.cpp:175] sendNacelleData(): [NCO] Tx failed

[  1786][E][esp32-hal-i2c-ng.c:275] i2cWrite(): i2c_master_transmit failed: [259] ESP_ERR_INVALID_STATE

[  1786][E][Encoder.cpp:28] getRpmMovingAverage(): [Enc] AS5600 read failed

[  1788][E][esp32-hal-i2c-ng.c:275] i2cWrite(): i2c_master_transmit failed: [259] ESP_ERR_INVALID_STATE

[  1788][E][Encoder.cpp:28] getRpmMovingAverage(): [Enc] AS5600 read failed

E (2197) ESPNOW: esp now not ini[  1790][E][esp32-hal-i2c-ng.c:275] i2cWrite(): i2c_master_transmit failed: [259] ESP_ERR_INVALID_STATE

[  1790][E][Encoder.cpp:28] getRpmMovingAverage(): [Enc] AS5600 read failed

!

[  1790][E][NacelleComms.cpp:175] sendNacelleData(): [NCO] Tx failed

[  1792][E][esp32-hal-i2c-ng.c:275] i2cWrite(): i2c_master_transmit failed: [259] ESP_ERR_INVALID_STATE

[  1792][E][Encoder.cpp:28] getRpmMovingAverage(): [Enc] AS5600 read failed

[  1794][E][esp32-hal-i2c-ng.c:275] i2cWrite(): i2c_master_transmit failed: [259] ESP_ERR_INVALID_STATE

[  1794][E][Encoder.cpp:28] getRpmMovingAverage(): [Enc] AS5600 read failed

E (2202) ESPNOW: esp now not init!

[  1795][E][NacelleComms.cpp:175] sendNacelleData(): [NCO] Tx failed

[  1796][E][esp32-hal-i2c-ng.c:275] i2cWrite(): i2c_master_transmit failed: [259] ESP_ERR_INVALID_STATE

[  1796][E][Encoder.cpp:28] getRpmMovingAverage(): [Enc] AS5600 read failed

[  1798][E][esp32-hal-i2c-ng.c:275] i2cWrite(): i2c_master_transmit failed: [259] ESP_ERR_INVALID_STATE

[  1798][E][Encoder.cpp:28] getRpmMovingAverage(): [Enc] AS5600 read failed

E (2207) ESPNOW: esp now not ini[  1800][E][esp32-hal-i2c-ng.c:275] i2cWrite(): i2c_master_transmit failed: [259] ESP_ERR_INVALID_STATE

[  1800][E][Encoder.cpp:28] getRpmMovingAverage(): [Enc] AS5600 read failed

t!

[  1800][E][NacelleComms.cpp:175] sendNacelleData(): [NCO] Tx failed

[  1802][E][esp32-hal-i2c-ng.c:275] i2cWrite(): i2c_master_transmit failed: [259] ESP_ERR_INVALID_STATE

[  1802][E][Encoder.cpp:28] getRpmMovingAverage(): [Enc] AS5600 read failed

[  1804][E][esp32-hal-i2c-ng.c:275] i2cWrite(): i2c_master_transmit failed: [259] ESP_ERR_INVALID_STATE

[  1804][E][Encoder.cpp:28] getRpmMovingAverage(): [Enc] AS5600 read failed

E (2212) ESPNOW: esp now not init!

[  1805][E][NacelleComms.cpp:175] sendNacelleData(): [NCO] Tx failed

[  1806][E][esp32-hal-i2c-ng.c:275] i2cWrite(): i2c_master_transmit failed: [259] ESP_ERR_INVALID_STATE

[  1806][E][Encoder.cpp:28] getRpmMovingAverage(): [Enc] AS5600 read failed

[  1808][E][esp32-hal-i2c-ng.c:275] i2cWrite(): i2c_master_transmit failed: [259] ESP_ERR_INVALID_STATE

[  1808][E][Encoder.cpp:28] getRpmMovingAverage(): [Enc] AS5600 read failed

E (2217) ESPNOW: esp now not ini[  1810][E][esp32-hal-i2c-ng.c:275] i2cWrite(): i2c_master_transmit failed: [259] ESP_ERR_INVALID_STATE

[  1810][E][Encoder.cpp:28] getRpmMovingAverage(): [Enc] AS5600 read failed

t!

[  1810][E][NacelleComms.cpp:175] sendNacelleData(): [NCO] Tx failed

[  1812][E][esp32-hal-i2c-ng.c:275] i2cWrite(): i2c_master_transmit failed: [259] ESP_ERR_INVALID_STATE

[  1812][E][Encoder.cpp:28] getRpmMovingAverage(): [Enc] AS5600 read failed

[  1814][E][esp32-hal-i2c-ng.c:275] i2cWrite(): i2c_master_transmit failed: [259] ESP_ERR_INVALID_STATE

[  1814][E][Encoder.cpp:28] getRpmMovingAverage(): [Enc] AS5600 read failed

E (2222) ESPNOW: esp now not init!

[  1815][E][NacelleComms.cpp:175] sendNacelleData(): [NCO] Tx failed

[  1816][E][esp32-hal-i2c-ng.c:275] i2cWrite(): i2c_master_transmit failed: [259] ESP_ERR_INVALID_STATE

[  1816][E][Encoder.cpp:28] getRpmMovingAverage(): [Enc] AS5600 read failed

[  1818][E][esp32-hal-i2c-ng.c:275] i2cWrite(): i2c_master_transmit failed: [259] ESP_ERR_INVALID_STATE

[  1818][E][Encoder.cpp:28] getRpmMovingAverage(): [Enc] AS5600 read failed

E (2227) ESPNOW: esp now not ini[  1820][E][esp32-hal-i2c-ng.c:275] i2cWrite(): i2c_master_transmit failed: [259] ESP_ERR_INVALID_STATE

[  1820][E][Encoder.cpp:28] getRpmMovingAverage(): [Enc] AS5600 read failed

!

[  1820][E][NacelleComms.cpp:175] sendNacelleData(): [NCO] Tx failed

[  1822][E][esp32-hal-i2c-ng.c:275] i2cWrite(): i2c_master_transmit failed: [259] ESP_ERR_INVALID_STATE

[  1822][E][Encoder.cpp:28] getRpmMovingAverage(): [Enc] AS5600 read failed

[  1824][E][esp32-hal-i2c-ng.c:275] i2cWrite(): i2c_master_transmit failed: [259] ESP_ERR_INVALID_STATE

[  1824][E][Encoder.cpp:28] getRpmMovingAverage(): [Enc] AS5600 read failed

E (2232) ESPNOW: esp now not init!

[  1825][E][NacelleComms.cpp:175] sendNacelleData(): [NCO] Tx failed

[  1826][E][esp32-hal-i2c-ng.c:275] i2cWrite(): i2c_master_transmit failed: [259] ESP_ERR_INVALID_STATE

[  1826][E][Encoder.cpp:28] getRpmMovingAverage(): [Enc] AS5600 read failed

[  1828][E][esp32-hal-i2c-ng.c:275] i2cWrite(): i2c_master_transmit failed: [259] ESP_ERR_INVALID_STATE

[  1828][E][Encoder.cpp:28] getRpmMovingAverage(): [Enc] AS5600 read failed

[  1829][I][main.cpp:542] vTaskLogData(): [NaMa] T: FSM, U: 340, F: 172

[  1829][I][main.cpp:542] vTaskLogData(): [NaMa] T: Poll, U: 1820, F: 228

[  1829][I][main.cpp:542] vTaskLogData(): [NaMa] T: Ptch, U: 1544, F: 2552

E (2237) ESPNOW: esp now not in[  1830][E][esp32-hal-i2c-ng.c:275] i2cWrite(): i2c_master_transmit failed: [259] ESP_ERR_INVALID_STATE

[  1830][E][Encoder.cpp:28] getRpmMovingAverage(): [Enc] AS5600 read failed

t!

[  1830][E][NacelleComms.cpp:175] sendNacelleData(): [NCO] Tx failed

[  1830][I][main.cpp:542] vTaskLogData(): [NaMa] T: Recv, U: 276, F: 1772

[  1831][I][main.cpp:542] vTaskLogData(): [NaMa] T: Send, U: 1888, F: 160

[  1831][I][main.cpp:542] vTaskLogData(): [NaMa] T: Cfg, U: 256, F: 256

[  1831][I][main.cpp:542] vTaskLogData(): [NaMa] T: LED, U: 268, F: 244

[  1832][I][main.cpp:542[  1832][E][esp32-hal-i2c-ng.c:275] i2cWrite(): i2c_master_transmit failed: [259] ESP_ERR_INVALID_STATE

[  1832][E][Encoder.cpp:28] getRpmMovingAverage(): [Enc] AS5600 read failed

] vTaskLogData(): [NaMa] T: Log, U: 2504, F: 1592

[  1834][E][esp32-hal-i2c-ng.c:275] i2cWrite(): i2c_master_transmit failed: [259] ESP_ERR_INVALID_STATE

[  1834][E][Encoder.cpp:28] getRpmMovingAverage(): [Enc] AS5600 read failed

E (2242) ESPNOW: esp now not init!

[  1835][E][NacelleComms.cpp:175] sendNacelleData(): [NCO] Tx failed

[  1836][E][esp32-hal-i2c-ng.c:275] i2cWrite(): i2c_master_transmit failed: [259] ESP_ERR_INVALID_STATE

[  1836][E][Encoder.cpp:28] getRpmMovingAverage(): [Enc] AS5600 read failed

[  1838][E][esp32-hal-i2c-ng.c:275] i2cWrite(): i2c_master_transmit failed: [259] ESP_ERR_INVALID_STATE

[  1838][E][Encoder.cpp:28] getRpmMovingAverage(): [Enc] AS5600 read failed

E (2247) ESPNOW: esp now not ini[  1840][E][esp32-hal-i2c-ng.c:275] i2cWrite(): i2c_master_transmit failed: [259] ESP_ERR_INVALID_STATE

[  1840][E][Encoder.cpp:28] getRpmMovingAverage(): [Enc] AS5600 read failed

!

[  1840][E][NacelleComms.cpp:175] sendNacelleData(): [NCO] Tx failed

[  1842][E][esp32-hal-i2c-ng.c:275] i2cWrite(): i2c_master_transmit failed: [259] ESP_ERR_INVALID_STATE

[  1842][E][Encoder.cpp:28] getRpmMovingAverage(): [Enc] AS5600 read failed

[  1844][E][esp32-hal-i2c-ng.c:275] i2cWrite(): i2c_master_transmit failed: [259] ESP_ERR_INVALID_STATE

[  1844][E][Encoder.cpp:28] getRpmMovingAverage(): [Enc] AS5600 read failed

E (2252) ESPNOW: esp now not init!

[  1845][E][NacelleComms.cpp:175] sendNacelleData(): [NCO] Tx failed

[  1846][E][esp32-hal-i2c-ng.c:275] i2cWrite(): i2c_master_transmit failed: [259] ESP_ERR_INVALID_STATE

[  1846][E][Encoder.cpp:28] getRpmMovingAverage(): [Enc] AS5600 read failed

[  1848][E][esp32-hal-i2c-ng.c:275] i2cWrite(): i2c_master_transmit failed: [259] ESP_ERR_INVALID_STATE

[  1848][E][Encoder.cpp:28] getRpmMovingAverage(): [Enc] AS5600 read failed

E (2257) ESPNOW: esp now not ini[  1850][E][esp32-hal-i2c-ng.c:275] i2cWrite(): i2c_master_transmit failed: [259] ESP_ERR_INVALID_STATE

[  1850][E][Encoder.cpp:28] getRpmMovingAverage(): [Enc] AS5600 read failed

!

[  1850][E][NacelleComms.cpp:175] sendNacelleData(): [NCO] Tx failed

[  1852][E][esp32-hal-i2c-ng.c:275] i2cWrite(): i2c_master_transmit failed: [259] ESP_ERR_INVALID_STATE

[  1852][E][Encoder.cpp:28] getRpmMovingAverage(): [Enc] AS5600 read failed

[  1854][E][esp32-hal-i2c-ng.c:275] i2cWrite(): i2c_master_transmit failed: [259] ESP_ERR_INVALID_STATE

[  1854][E][Encoder.cpp:28] getRpmMovingAverage(): [Enc] AS5600 read failed

E (2262) ESPNOW: esp now not init!

[  1855][E][NacelleComms.cpp:175] sendNacelleData(): [NCO] Tx failed

[  1856][E][esp32-hal-i2c-ng.c:275] i2cWrite(): i2c_master_transmit failed: [259] ESP_ERR_INVALID_STATE

[  1856][E][Encoder.cpp:28] getRpmMovingAverage(): [Enc] AS5600 read failed

[  1858][E][esp32-hal-i2c-ng.c:275] i2cWrite(): i2c_master_transmit failed: [259] ESP_ERR_INVALID_STATE

[  1858][E][Encoder.cpp:28] getRpmMovingAverage(): [Enc] AS5600 read failed

E (2267) ESPNOW: esp now not ini[  1860][E][esp32-hal-i2c-ng.c:275] i2cWrite(): i2c_master_transmit failed: [259] ESP_ERR_INVALID_STATE

[  1860][E][Encoder.cpp:28] getRpmMovingAverage(): [Enc] AS5600 read failed

!

[  1860][E][NacelleComms.cpp:175] sendNacelleData(): [NCO] Tx failed

[  1862][E][esp32-hal-i2c-ng.c:275] i2cWrite(): i2c_master_transmit failed: [259] ESP_ERR_INVALID_STATE

[  1862][E][Encoder.cpp:28] getRpmMovingAverage(): [Enc] AS5600 read failed

[  1864][E][esp32-hal-i2c-ng.c:275] i2cWrite(): i2c_master_transmit failed: [259] ESP_ERR_INVALID_STATE

[  1864][E][Encoder.cpp:28] getRpmMovingAverage(): [Enc] AS5600 read failed

E (2272) ESPNOW: esp now not init!

[  1865][E][NacelleComms.cpp:175] sendNacelleData(): [NCO] Tx failed

[  1866][E][esp32-hal-i2c-ng.c:275] i2cWrite(): i2c_master_transmit failed: [259] ESP_ERR_INVALID_STATE

[  1866][E][Encoder.cpp:28] getRpmMovingAverage(): [Enc] AS5600 read failed

[  1868][E][esp32-hal-i2c-ng.c:275] i2cWrite(): i2c_master_transmit failed: [259] ESP_ERR_INVALID_STATE

[  1868][E][Encoder.cpp:28] getRpmMovingAverage(): [Enc] AS5600 read failed

E (2277) ESPNOW: esp now not ini[  1870][E][esp32-hal-i2c-ng.c:275] i2cWrite(): i2c_master_transmit failed: [259] ESP_ERR_INVALID_STATE

[  1870][E][Encoder.cpp:28] getRpmMovingAverage(): [Enc] AS5600 read failed

t!

[  1870][E][NacelleComms.cpp:175] sendNacelleData(): [NCO] Tx failed

[  1872][E][esp32-hal-i2c-ng.c:275] i2cWrite(): i2c_master_transmit failed: [259] ESP_ERR_INVALID_STATE

[  1872][E][Encoder.cpp:28] getRpmMovingAverage(): [Enc] AS5600 read failed

[  1874][E][esp32-hal-i2c-ng.c:275] i2cWrite(): i2c_master_transmit failed: [259] ESP_ERR_INVALID_STATE

[  1874][E][Encoder.cpp:28] getRpmMovingAverage(): [Enc] AS5600 read failed

E (2282) ESPNOW: esp now not init!

[  1875][E][NacelleComms.cpp:175] sendNacelleData(): [NCO] Tx failed

[  1876][E][esp32-hal-i2c-ng.c:275] i2cWrite(): i2c_master_transmit failed: [259] ESP_ERR_INVALID_STATE

[  1876][E][Encoder.cpp:28] getRpmMovingAverage(): [Enc] AS5600 read failed

[  1878][E][esp32-hal-i2c-ng.c:275] i2cWrite(): i2c_master_transmit failed: [259] ESP_ERR_INVALID_STATE

[  1878][E][Encoder.cpp:28] getRpmMovingAverage(): [Enc] AS5600 read failed

E (2287) ESPNOW: esp now not ini[  1880][E][esp32-hal-i2c-ng.c:275] i2cWrite(): i2c_master_transmit failed: [259] ESP_ERR_INVALID_STATE

[  1880][E][Encoder.cpp:28] getRpmMovingAverage(): [Enc] AS5600 read failed

!

[  1880][E][NacelleComms.cpp:175] sendNacelleData(): [NCO] Tx failed

[  1882][E][esp32-hal-i2c-ng.c:275] i2cWrite(): i2c_master_transmit failed: [259] ESP_ERR_INVALID_STATE

[  1882][E][Encoder.cpp:28] getRpmMovingAverage(): [Enc] AS5600 read failed

[  1884][E][esp32-hal-i2c-ng.c:275] i2cWrite(): i2c_master_transmit failed: [259] ESP_ERR_INVALID_STATE

[  1884][E][Encoder.cpp:28] getRpmMovingAverage(): [Enc] AS5600 read failed

E (2292) ESPNOW: esp now not init!

[  1885][E][NacelleComms.cpp:175] sendNacelleData(): [NCO] Tx failed

[  1886][E][esp32-hal-i2c-ng.c:275] i2cWrite(): i2c_master_transmit failed: [259] ESP_ERR_INVALID_STATE

[  1886][E][Encoder.cpp:28] getRpmMovingAverage(): [Enc] AS5600 read failed

[  1888][E][esp32-hal-i2c-ng.c:275] i2cWrite(): i2c_master_transmit failed: [259] ESP_ERR_INVALID_STATE

[  1888][E][Encoder.cpp:28] getRpmMovingAverage(): [Enc] AS5600 read failed

E (2297) ESPNOW: esp now not ini[  1890][E][esp32-hal-i2c-ng.c:275] i2cWrite(): i2c_master_transmit failed: [259] ESP_ERR_INVALID_STATE

[  1890][E][Encoder.cpp:28] getRpmMovingAverage(): [Enc] AS5600 read failed

!

[  1890][E][NacelleComms.cpp:175] sendNacelleData(): [NCO] Tx failed

[  1892][E][esp32-hal-i2c-ng.c:275] i2cWrite(): i2c_master_transmit failed: [259] ESP_ERR_INVALID_STATE

[  1892][E][Encoder.cpp:28] getRpmMovingAverage(): [Enc] AS5600 read failed

[  1894][E][esp32-hal-i2c-ng.c:275] i2cWrite(): i2c_master_transmit failed: [259] ESP_ERR_INVALID_STATE

[  1894][E][Encoder.cpp:28] getRpmMovingAverage(): [Enc] AS5600 read failed

E (2302) ESPNOW: esp now not init!

[  1895][E][NacelleComms.cpp:175] sendNacelleData(): [NCO] Tx failed

[  1896][E][esp32-hal-i2c-ng.c:275] i2cWrite(): i2c_master_transmit failed: [259] ESP_ERR_INVALID_STATE

[  1896][E][Encoder.cpp:28] getRpmMovingAverage(): [Enc] AS5600 read failed

[  1898][E][esp32-hal-i2c-ng.c:275] i2cWrite(): i2c_master_transmit failed: [259] ESP_ERR_INVALID_STATE

[  1898][E][Encoder.cpp:28] getRpmMovingAverage(): [Enc] AS5600 read failed

E (2307) ESPNOW: esp now not ini[  1900][E][esp32-hal-i2c-ng.c:275] i2cWrite(): i2c_master_transmit failed: [259] ESP_ERR_INVALID_STATE

[  1900][E][Encoder.cpp:28] getRpmMovingAverage(): [Enc] AS5600 read failed

t!

[  1900][E][NacelleComms.cpp:175] sendNacelleData(): [NCO] Tx failed

[  1902][E][esp32-hal-i2c-ng.c:275] i2cWrite(): i2c_master_transmit failed: [259] ESP_ERR_INVALID_STATE

[  1902][E][Encoder.cpp:28] getRpmMovingAverage(): [Enc] AS5600 read failed

[  1904][E][esp32-hal-i2c-ng.c:275] i2cWrite(): i2c_master_transmit failed: [259] ESP_ERR_INVALID_STATE

[  1904][E][Encoder.cpp:28] getRpmMovingAverage(): [Enc] AS5600 read failed

E (2312) ESPNOW: esp now not init!

[  1905][E][NacelleComms.cpp:175] sendNacelleData(): [NCO] Tx failed

[  1906][E][esp32-hal-i2c-ng.c:275] i2cWrite(): i2c_master_transmit failed: [259] ESP_ERR_INVALID_STATE

[  1906][E][Encoder.cpp:28] getRpmMovingAverage(): [Enc] AS5600 read failed

[  1908][E][esp32-hal-i2c-ng.c:275] i2cWrite(): i2c_master_transmit failed: [259] ESP_ERR_INVALID_STATE

[  1908][E][Encoder.cpp:28] getRpmMovingAverage(): [Enc] AS5600 read failed

E (2317) ESPNOW: esp now not in[  1910][E][esp32-hal-i2c-ng.c:275] i2cWrite(): i2c_master_transmit failed: [259] ESP_ERR_INVALID_STATE

[  1910][E][Encoder.cpp:28] getRpmMovingAverage(): [Enc] AS5600 read failed

t!

[  1910][E][NacelleComms.cpp:175] sendNacelleData(): [NCO] Tx failed

[  1912][E][esp32-hal-i2c-ng.c:275] i2cWrite(): i2c_master_transmit failed: [259] ESP_ERR_INVALID_STATE

[  1912][E][Encoder.cpp:28] getRpmMovingAverage(): [Enc] AS5600 read failed

[  1914][E][esp32-hal-i2c-ng.c:275] i2cWrite(): i2c_master_transmit failed: [259] ESP_ERR_INVALID_STATE

[  1914][E][Encoder.cpp:28] getRpmMovingAverage(): [Enc] AS5600 read failed

E (2322) ESPNOW: esp now not init!

[  1915][E][NacelleComms.cpp:175] sendNacelleData(): [NCO] Tx failed

[  1916][E][esp32-hal-i2c-ng.c:275] i2cWrite(): i2c_master_transmit failed: [259] ESP_ERR_INVALID_STATE

[  1916][E][Encoder.cpp:28] getRpmMovingAverage(): [Enc] AS5600 read failed

[  1918][E][esp32-hal-i2c-ng.c:275] i2cWrite(): i2c_master_transmit failed: [259] ESP_ERR_INVALID_STATE

[  1918][E][Encoder.cpp:28] getRpmMovingAverage(): [Enc] AS5600 read failed

E (2327) ESPNOW: esp now not ini[  1920][E][esp32-hal-i2c-ng.c:275] i2cWrite(): i2c_master_transmit failed: [259] ESP_ERR_INVALID_STATE

[  1920][E][Encoder.cpp:28] getRpmMovingAverage(): [Enc] AS5600 read failed

t!

[  1920][E][NacelleComms.cpp:175] sendNacelleData(): [NCO] Tx failed

[  1922][E][esp32-hal-i2c-ng.c:275] i2cWrite(): i2c_master_transmit failed: [259] ESP_ERR_INVALID_STATE

[  1922][E][Encoder.cpp:28] getRpmMovingAverage(): [Enc] AS5600 read failed

[  1924][E][esp32-hal-i2c-ng.c:275] i2cWrite(): i2c_master_transmit failed: [259] ESP_ERR_INVALID_STATE

[  1924][E][Encoder.cpp:28] getRpmMovingAverage(): [Enc] AS5600 read failed

E (2332) ESPNOW: esp now not init!

[  1925][E][NacelleComms.cpp:175] sendNacelleData(): [NCO] Tx failed

[  1926][E][esp32-hal-i2c-ng.c:275] i2cWrite(): i2c_master_transmit failed: [259] ESP_ERR_INVALID_STATE

[  1926][E][Encoder.cpp:28] getRpmMovingAverage(): [Enc] AS5600 read failed

[  1928][E][esp32-hal-i2c-ng.c:275] i2cWrite(): i2c_master_transmit failed: [259] ESP_ERR_INVALID_STATE

[  1928][E][Encoder.cpp:28] getRpmMovingAverage(): [Enc] AS5600 read failed

E (2337) ESPNOW: esp now not ini[  1930][E][esp32-hal-i2c-ng.c:275] i2cWrite(): i2c_master_transmit failed: [259] ESP_ERR_INVALID_STATE

[  1930][E][Encoder.cpp:28] getRpmMovingAverage(): [Enc] AS5600 read failed

!

[  1931][E][NacelleComms.cpp:175] sendNacelleData(): [NCO] Tx failed

[  1932][E][esp32-hal-i2c-ng.c:275] i2cWrite(): i2c_master_transmit failed: [259] ESP_ERR_INVALID_STATE

[  1932][E][Encoder.cpp:28] getRpmMovingAverage(): [Enc] AS5600 read failed

[  1934][E][esp32-hal-i2c-ng.c:275] i2cWrite(): i2c_master_transmit failed: [259] ESP_ERR_INVALID_STATE

[  1934][E][Encoder.cpp:28] getRpmMovingAverage(): [Enc] AS5600 read failed

E (2342) ESPNOW: esp now not init!

[  1935][E][NacelleComms.cpp:175] sendNacelleData(): [NCO] Tx failed

[  1936][E][esp32-hal-i2c-ng.c:275] i2cWrite(): i2c_master_transmit failed: [259] ESP_ERR_INVALID_STATE

[  1936][E][Encoder.cpp:28] getRpmMovingAverage(): [Enc] AS5600 read failed

[  1938][E][esp32-hal-i2c-ng.c:275] i2cWrite(): i2c_master_transmit failed: [259] ESP_ERR_INVALID_STATE

[  1938][E][Encoder.cpp:28] getRpmMovingAverage(): [Enc] AS5600 read failed

E (2347) ESPNOW: esp now not ini[  1940][E][esp32-hal-i2c-ng.c:275] i2cWrite(): i2c_master_transmit failed: [259] ESP_ERR_INVALID_STATE

[  1940][E][Encoder.cpp:28] getRpmMovingAverage(): [Enc] AS5600 read failed

t!

[  1940][E][NacelleComms.cpp:175] sendNacelleData(): [NCO] Tx failed

[  1942][E][esp32-hal-i2c-ng.c:275] i2cWrite(): i2c_master_transmit failed: [259] ESP_ERR_INVALID_STATE

[  1942][E][Encoder.cpp:28] getRpmMovingAverage(): [Enc] AS5600 read failed

[  1944][E][esp32-hal-i2c-ng.c:275] i2cWrite(): i2c_master_transmit failed: [259] ESP_ERR_INVALID_STATE

[  1944][E][Encoder.cpp:28] getRpmMovingAverage(): [Enc] AS5600 read failed

E (2352) ESPNOW: esp now not init!

[  1945][E][NacelleComms.cpp:175] sendNacelleData(): [NCO] Tx failed

[  1946][E][esp32-hal-i2c-ng.c:275] i2cWrite(): i2c_master_transmit failed: [259] ESP_ERR_INVALID_STATE

[  1946][E][Encoder.cpp:28] getRpmMovingAverage(): [Enc] AS5600 read failed

[  1948][E][esp32-hal-i2c-ng.c:275] i2cWrite(): i2c_master_transmit failed: [259] ESP_ERR_INVALID_STATE

[  1948][E][Encoder.cpp:28] getRpmMovingAverage(): [Enc] AS5600 read failed

E (2357) ESPNOW: esp now not init[  1950][E][esp32-hal-i2c-ng.c:275] i2cWrite(): i2c_master_transmit failed: [259] ESP_ERR_INVALID_STATE

[  1950][E][Encoder.cpp:28] getRpmMovingAverage(): [Enc] AS5600 read failed

!

[  1950][E][NacelleComms.cpp:175] sendNacelleData(): [NCO] Tx failed

[  1952][E][esp32-hal-i2c-ng.c:275] i2cWrite(): i2c_master_transmit failed: [259] ESP_ERR_INVALID_STATE

[  1952][E][Encoder.cpp:28] getRpmMovingAverage(): [Enc] AS5600 read failed

[  1954][E][esp32-hal-i2c-ng.c:275] i2cWrite(): i2c_master_transmit failed: [259] ESP_ERR_INVALID_STATE

[  1954][E][Encoder.cpp:28] getRpmMovingAverage(): [Enc] AS5600 read failed

E (2362) ESPNOW: esp now not init!

[  1955][E][NacelleComms.cpp:175] sendNacelleData(): [NCO] Tx failed

[  1956][E][esp32-hal-i2c-ng.c:275] i2cWrite(): i2c_master_transmit failed: [259] ESP_ERR_INVALID_STATE

[  1956][E][Encoder.cpp:28] getRpmMovingAverage(): [Enc] AS5600 read failed

[  1958][E][esp32-hal-i2c-ng.c:275] i2cWrite(): i2c_master_transmit failed: [259] ESP_ERR_INVALID_STATE

[  1958][E][Encoder.cpp:28] getRpmMovingAverage(): [Enc] AS5600 read failed

E (2367) ESPNOW: esp now not ini[  1960][E][esp32-hal-i2c-ng.c:275] i2cWrite(): i2c_master_transmit failed: [259] ESP_ERR_INVALID_STATE

[  1960][E][Encoder.cpp:28] getRpmMovingAverage(): [Enc] AS5600 read failed

t!

[  1960][E][NacelleComms.cpp:175] sendNacelleData(): [NCO] Tx failed

[  1962][E][esp32-hal-i2c-ng.c:275] i2cWrite(): i2c_master_transmit failed: [259] ESP_ERR_INVALID_STATE

[  1962][E][Encoder.cpp:28] getRpmMovingAverage(): [Enc] AS5600 read failed

[  1964][E][esp32-hal-i2c-ng.c:275] i2cWrite(): i2c_master_transmit failed: [259] ESP_ERR_INVALID_STATE

[  1964][E][Encoder.cpp:28] getRpmMovingAverage(): [Enc] AS5600 read failed

E (2372) ESPNOW: esp now not init!

[  1965][E][NacelleComms.cpp:175] sendNacelleData(): [NCO] Tx failed

[  1966][E][esp32-hal-i2c-ng.c:275] i2cWrite(): i2c_master_transmit failed: [259] ESP_ERR_INVALID_STATE

[  1966][E][Encoder.cpp:28] getRpmMovingAverage(): [Enc] AS5600 read failed

[  1968][E][esp32-hal-i2c-ng.c:275] i2cWrite(): i2c_master_transmit failed: [259] ESP_ERR_INVALID_STATE

[  1968][E][Encoder.cpp:28] getRpmMovingAverage(): [Enc] AS5600 read failed

E (2377) ESPNOW: esp now not ini[  1970][E][esp32-hal-i2c-ng.c:275] i2cWrite(): i2c_master_transmit failed: [259] ESP_ERR_INVALID_STATE

[  1970][E][Encoder.cpp:28] getRpmMovingAverage(): [Enc] AS5600 read failed

!

[  1971][E][NacelleComms.cpp:175] sendNacelleData(): [NCO] Tx failed

[  1972][E][esp32-hal-i2c-ng.c:275] i2cWrite(): i2c_master_transmit failed: [259] ESP_ERR_INVALID_STATE

[  1972][E][Encoder.cpp:28] getRpmMovingAverage(): [Enc] AS5600 read failed

[  1974][E][esp32-hal-i2c-ng.c:275] i2cWrite(): i2c_master_transmit failed: [259] ESP_ERR_INVALID_STATE

[  1974][E][Encoder.cpp:28] getRpmMovingAverage(): [Enc] AS5600 read failed

E (2382) ESPNOW: esp now not init!

[  1975][E][NacelleComms.cpp:175] sendNacelleData(): [NCO] Tx failed

[  1976][E][esp32-hal-i2c-ng.c:275] i2cWrite(): i2c_master_transmit failed: [259] ESP_ERR_INVALID_STATE

[  1976][E][Encoder.cpp:28] getRpmMovingAverage(): [Enc] AS5600 read failed

[  1978][E][esp32-hal-i2c-ng.c:275] i2cWrite(): i2c_master_transmit failed: [259] ESP_ERR_INVALID_STATE

[  1978][E][Encoder.cpp:28] getRpmMovingAverage(): [Enc] AS5600 read failed

E (2387) ESPNOW: esp now not init[  1980][E][esp32-hal-i2c-ng.c:275] i2cWrite(): i2c_master_transmit failed: [259] ESP_ERR_INVALID_STATE

[  1980][E][Encoder.cpp:28] getRpmMovingAverage(): [Enc] AS5600 read failed



[  1981][E][NacelleComms.cpp:175] sendNacelleData(): [NCO] Tx failed

[  1982][E][esp32-hal-i2c-ng.c:275] i2cWrite(): i2c_master_transmit failed: [259] ESP_ERR_INVALID_STATE

[  1982][E][Encoder.cpp:28] getRpmMovingAverage(): [Enc] AS5600 read failed

[  1984][E][esp32-hal-i2c-ng.c:275] i2cWrite(): i2c_master_transmit failed: [259] ESP_ERR_INVALID_STATE

[  1984][E][Encoder.cpp:28] getRpmMovingAverage(): [Enc] AS5600 read failed

E (2392) ESPNOW: esp now not init!

[  1985][E][NacelleComms.cpp:175] sendNacelleData(): [NCO] Tx failed

[  1986][E][esp32-hal-i2c-ng.c:275] i2cWrite(): i2c_master_transmit failed: [259] ESP_ERR_INVALID_STATE

[  1986][E][Encoder.cpp:28] getRpmMovingAverage(): [Enc] AS5600 read failed

[  1988][E][esp32-hal-i2c-ng.c:275] i2cWrite(): i2c_master_transmit failed: [259] ESP_ERR_INVALID_STATE

[  1988][E][Encoder.cpp:28] getRpmMovingAverage(): [Enc] AS5600 read failed

E (2397) ESPNOW: esp now not ini[  1990][E][esp32-hal-i2c-ng.c:275] i2cWrite(): i2c_master_transmit failed: [259] ESP_ERR_INVALID_STATE

[  1990][E][Encoder.cpp:28] getRpmMovingAverage(): [Enc] AS5600 read failed

!

[  1990][E][NacelleComms.cpp:175] sendNacelleData(): [NCO] Tx failed

[  1992][E][esp32-hal-i2c-ng.c:275] i2cWrite(): i2c_master_transmit failed: [259] ESP_ERR_INVALID_STATE

[  1992][E][Encoder.cpp:28] getRpmMovingAverage(): [Enc] AS5600 read failed

[  1994][E][esp32-hal-i2c-ng.c:275] i2cWrite(): i2c_master_transmit failed: [259] ESP_ERR_INVALID_STATE

[  1994][E][Encoder.cpp:28] getRpmMovingAverage(): [Enc] AS5600 read failed

E (2402) ESPNOW: esp now not init!

[  1995][E][NacelleComms.cpp:175] sendNacelleData(): [NCO] Tx failed

[  1996][E][esp32-hal-i2c-ng.c:275] i2cWrite(): i2c_master_transmit failed: [259] ESP_ERR_INVALID_STATE

[  1996][E][Encoder.cpp:28] getRpmMovingAverage(): [Enc] AS5600 read failed

[  1998][E][esp32-hal-i2c-ng.c:275] i2cWrite(): i2c_master_transmit failed: [259] ESP_ERR_INVALID_STATE

[  1998][E][Encoder.cpp:28] getRpmMovingAverage(): [Enc] AS5600 read failed

E (2407) ESPNOW: esp now not init[  2000][E][esp32-hal-i2c-ng.c:275] i2cWrite(): i2c_master_transmit failed: [259] ESP_ERR_INVALID_STATE

[  2000][E][Encoder.cpp:28] getRpmMovingAverage(): [Enc] AS5600 read failed

!

[  2000][E][NacelleComms.cpp:175] sendNacelleData(): [NCO] Tx failed

[  2002][E][esp32-hal-i2c-ng.c:275] i2cWrite(): i2c_master_transmit failed: [259] ESP_ERR_INVALID_STATE

[  2002][E][Encoder.cpp:28] getRpmMovingAverage(): [Enc] AS5600 read failed

[  2004][E][esp32-hal-i2c-ng.c:275] i2cWrite(): i2c_master_transmit failed: [259] ESP_ERR_INVALID_STATE

[  2004][E][Encoder.cpp:28] getRpmMovingAverage(): [Enc] AS5600 read failed

E (2412) ESPNOW: esp now not init!

[  2005][E][NacelleComms.cpp:175] sendNacelleData(): [NCO] Tx failed

[  2006][E][esp32-hal-i2c-ng.c:275] i2cWrite(): i2c_master_transmit failed: [259] ESP_ERR_INVALID_STATE

[  2006][E][Encoder.cpp:28] getRpmMovingAverage(): [Enc] AS5600 read failed

[  2008][E][esp32-hal-i2c-ng.c:275] i2cWrite(): i2c_master_transmit failed: [259] ESP_ERR_INVALID_STATE

[  2008][E][Encoder.cpp:28] getRpmMovingAverage(): [Enc] AS5600 read failed

E (2417) ESPNOW: esp now not ini[  2010][E][esp32-hal-i2c-ng.c:275] i2cWrite(): i2c_master_transmit failed: [259] ESP_ERR_INVALID_STATE

[  2010][E][Encoder.cpp:28] getRpmMovingAverage(): [Enc] AS5600 read failed

!

[  2010][E][NacelleComms.cpp:175] sendNacelleData(): [NCO] Tx failed

[  2012][E][esp32-hal-i2c-ng.c:275] i2cWrite(): i2c_master_transmit failed: [259] ESP_ERR_INVALID_STATE

[  2012][E][Encoder.cpp:28] getRpmMovingAverage(): [Enc] AS5600 read failed

[  2014][E][esp32-hal-i2c-ng.c:275] i2cWrite(): i2c_master_transmit failed: [259] ESP_ERR_INVALID_STATE

[  2014][E][Encoder.cpp:28] getRpmMovingAverage(): [Enc] AS5600 read failed

E (2422) ESPNOW: esp now not init!

[  2015][E][NacelleComms.cpp:175] sendNacelleData(): [NCO] Tx failed

[  2016][E][esp32-hal-i2c-ng.c:275] i2cWrite(): i2c_master_transmit failed: [259] ESP_ERR_INVALID_STATE

[  2016][E][Encoder.cpp:28] getRpmMovingAverage(): [Enc] AS5600 read failed

[  2018][E][esp32-hal-i2c-ng.c:275] i2cWrite(): i2c_master_transmit failed: [259] ESP_ERR_INVALID_STATE

[  2018][E][Encoder.cpp:28] getRpmMovingAverage(): [Enc] AS5600 read failed

E (2427) ESPNOW: esp now not ini[  2020][E][esp32-hal-i2c-ng.c:275] i2cWrite(): i2c_master_transmit failed: [259] ESP_ERR_INVALID_STATE

[  2020][E][Encoder.cpp:28] getRpmMovingAverage(): [Enc] AS5600 read failed

t!

[  2020][E][NacelleComms.cpp:175] sendNacelleData(): [NCO] Tx failed

[  2022][E][esp32-hal-i2c-ng.c:275] i2cWrite(): i2c_master_transmit failed: [259] ESP_ERR_INVALID_STATE

[  2022][E][Encoder.cpp:28] getRpmMovingAverage(): [Enc] AS5600 read failed

[  2024][E][esp32-hal-i2c-ng.c:275] i2cWrite(): i2c_master_transmit failed: [259] ESP_ERR_INVALID_STATE

[  2024][E][Encoder.cpp:28] getRpmMovingAverage(): [Enc] AS5600 read failed

E (2432) ESPNOW: esp now not init!

[  2025][E][NacelleComms.cpp:175] sendNacelleData(): [NCO] Tx failed

[  2026][E][esp32-hal-i2c-ng.c:275] i2cWrite(): i2c_master_transmit failed: [259] ESP_ERR_INVALID_STATE

[  2026][E][Encoder.cpp:28] getRpmMovingAverage(): [Enc] AS5600 read failed

[  2028][E][esp32-hal-i2c-ng.c:275] i2cWrite(): i2c_master_transmit failed: [259] ESP_ERR_INVALID_STATE

[  2028][E][Encoder.cpp:28] getRpmMovingAverage(): [Enc] AS5600 read failed

E (2437) ESPNOW: esp now not ini[  2030][E][esp32-hal-i2c-ng.c:275] i2cWrite(): i2c_master_transmit failed: [259] ESP_ERR_INVALID_STATE

[  2030][E][Encoder.cpp:28] getRpmMovingAverage(): [Enc] AS5600 read failed

t!

[  2030][E][NacelleComms.cpp:175] sendNacelleData(): [NCO] Tx failed

[  2032][E][esp32-hal-i2c-ng.c:275] i2cWrite(): i2c_master_transmit failed: [259] ESP_ERR_INVALID_STATE

[  2032][E][Encoder.cpp:28] getRpmMovingAverage(): [Enc] AS5600 read failed

[  2034][E][esp32-hal-i2c-ng.c:275] i2cWrite(): i2c_master_transmit failed: [259] ESP_ERR_INVALID_STATE

[  2034][E][Encoder.cpp:28] getRpmMovingAverage(): [Enc] AS5600 read failed

E (2442) ESPNOW: esp now not init!

[  2035][E][NacelleComms.cpp:175] sendNacelleData(): [NCO] Tx failed

[  2036][E][esp32-hal-i2c-ng.c:275] i2cWrite(): i2c_master_transmit failed: [259] ESP_ERR_INVALID_STATE

[  2036][E][Encoder.cpp:28] getRpmMovingAverage(): [Enc] AS5600 read failed

[  2038][E][esp32-hal-i2c-ng.c:275] i2cWrite(): i2c_master_transmit failed: [259] ESP_ERR_INVALID_STATE

[  2038][E][Encoder.cpp:28] getRpmMovingAverage(): [Enc] AS5600 read failed

E (2447) ESPNOW: esp now not ini[  2040][E][esp32-hal-i2c-ng.c:275] i2cWrite(): i2c_master_transmit failed: [259] ESP_ERR_INVALID_STATE

[  2040][E][Encoder.cpp:28] getRpmMovingAverage(): [Enc] AS5600 read failed

!

[  2040][E][NacelleComms.cpp:175] sendNacelleData(): [NCO] Tx failed

[  2042][E][esp32-hal-i2c-ng.c:275] i2cWrite(): i2c_master_transmit failed: [259] ESP_ERR_INVALID_STATE

[  2042][E][Encoder.cpp:28] getRpmMovingAverage(): [Enc] AS5600 read failed

[  2044][E][esp32-hal-i2c-ng.c:275] i2cWrite(): i2c_master_transmit failed: [259] ESP_ERR_INVALID_STATE

[  2044][E][Encoder.cpp:28] getRpmMovingAverage(): [Enc] AS5600 read failed

E (2452) ESPNOW: esp now not init!

[  2045][E][NacelleComms.cpp:175] sendNacelleData(): [NCO] Tx failed

[  2046][E][esp32-hal-i2c-ng.c:275] i2cWrite(): i2c_master_transmit failed: [259] ESP_ERR_INVALID_STATE

[  2046][E][Encoder.cpp:28] getRpmMovingAverage(): [Enc] AS5600 read failed

[  2048][E][esp32-hal-i2c-ng.c:275] i2cWrite(): i2c_master_transmit failed: [259] ESP_ERR_INVALID_STATE

[  2048][E][Encoder.cpp:28] getRpmMovingAverage(): [Enc] AS5600 read failed

E (2457) ESPNOW: esp now not ini[  2050][E][esp32-hal-i2c-ng.c:275] i2cWrite(): i2c_master_transmit failed: [259] ESP_ERR_INVALID_STATE

[  2050][E][Encoder.cpp:28] getRpmMovingAverage(): [Enc] AS5600 read failed

t!

[  2050][E][NacelleComms.cpp:175] sendNacelleData(): [NCO] Tx failed

[  2052][E][esp32-hal-i2c-ng.c:275] i2cWrite(): i2c_master_transmit failed: [259] ESP_ERR_INVALID_STATE

[  2052][E][Encoder.cpp:28] getRpmMovingAverage(): [Enc] AS5600 read failed

[  2054][E][esp32-hal-i2c-ng.c:275] i2cWrite(): i2c_master_transmit failed: [259] ESP_ERR_INVALID_STATE

[  2054][E][Encoder.cpp:28] getRpmMovingAverage(): [Enc] AS5600 read failed

E (2462) ESPNOW: esp now not init!

[  2055][E][NacelleComms.cpp:175] sendNacelleData(): [NCO] Tx failed

[  2056][E][esp32-hal-i2c-ng.c:275] i2cWrite(): i2c_master_transmit failed: [259] ESP_ERR_INVALID_STATE

[  2056][E][Encoder.cpp:28] getRpmMovingAverage(): [Enc] AS5600 read failed

[  2058][E][esp32-hal-i2c-ng.c:275] i2cWrite(): i2c_master_transmit failed: [259] ESP_ERR_INVALID_STATE

[  2058][E][Encoder.cpp:28] getRpmMovingAverage(): [Enc] AS5600 read failed

E (2467) ESPNOW: esp now not ini[  2060][E][esp32-hal-i2c-ng.c:275] i2cWrite(): i2c_master_transmit failed: [259] ESP_ERR_INVALID_STATE

[  2060][E][Encoder.cpp:28] getRpmMovingAverage(): [Enc] AS5600 read failed

!

[  2060][E][NacelleComms.cpp:175] sendNacelleData(): [NCO] Tx failed

[  2062][E][esp32-hal-i2c-ng.c:275] i2cWrite(): i2c_master_transmit failed: [259] ESP_ERR_INVALID_STATE

[  2062][E][Encoder.cpp:28] getRpmMovingAverage(): [Enc] AS5600 read failed

[  2064][E][esp32-hal-i2c-ng.c:275] i2cWrite(): i2c_master_transmit failed: [259] ESP_ERR_INVALID_STATE

[  2064][E][Encoder.cpp:28] getRpmMovingAverage(): [Enc] AS5600 read failed

E (2472) ESPNOW: esp now not init!

[  2065][E][NacelleComms.cpp:175] sendNacelleData(): [NCO] Tx failed

[  2066][E][esp32-hal-i2c-ng.c:275] i2cWrite(): i2c_master_transmit failed: [259] ESP_ERR_INVALID_STATE

[  2066][E][Encoder.cpp:28] getRpmMovingAverage(): [Enc] AS5600 read failed

[  2068][E][esp32-hal-i2c-ng.c:275] i2cWrite(): i2c_master_transmit failed: [259] ESP_ERR_INVALID_STATE

[  2068][E][Encoder.cpp:28] getRpmMovingAverage(): [Enc] AS5600 read failed

E (2477) ESPNOW: esp now not ini[  2070][E][esp32-hal-i2c-ng.c:275] i2cWrite(): i2c_master_transmit failed: [259] ESP_ERR_INVALID_STATE

[  2070][E][Encoder.cpp:28] getRpmMovingAverage(): [Enc] AS5600 read failed



[  2070][E][NacelleComms.cpp:175] sendNacelleData(): [NCO] Tx failed

[  2072][E][esp32-hal-i2c-ng.c:275] i2cWrite(): i2c_master_transmit failed: [259] ESP_ERR_INVALID_STATE

[  2072][E][Encoder.cpp:28] getRpmMovingAverage(): [Enc] AS5600 read failed

[  2074][E][esp32-hal-i2c-ng.c:275] i2cWrite(): i2c_master_transmit failed: [259] ESP_ERR_INVALID_STATE

[  2074][E][Encoder.cpp:28] getRpmMovingAverage(): [Enc] AS5600 read failed

E (2482) ESPNOW: esp now not init!

[  2075][E][NacelleComms.cpp:175] sendNacelleData(): [NCO] Tx failed

[  2076][E][esp32-hal-i2c-ng.c:275] i2cWrite(): i2c_master_transmit failed: [259] ESP_ERR_INVALID_STATE

[  2076][E][Encoder.cpp:28] getRpmMovingAverage(): [Enc] AS5600 read failed

[  2078][E][esp32-hal-i2c-ng.c:275] i2cWrite(): i2c_master_transmit failed: [259] ESP_ERR_INVALID_STATE

[  2078][E][Encoder.cpp:28] getRpmMovingAverage(): [Enc] AS5600 read failed

E (2487) ESPNOW: esp now not in[  2080][E][esp32-hal-i2c-ng.c:275] i2cWrite(): i2c_master_transmit failed: [259] ESP_ERR_INVALID_STATE

[  2080][E][Encoder.cpp:28] getRpmMovingAverage(): [Enc] AS5600 read failed

it!

[  2080][E][NacelleComms.cpp:175] sendNacelleData(): [NCO] Tx failed

[  2082][E][esp32-hal-i2c-ng.c:275] i2cWrite(): i2c_master_transmit failed: [259] ESP_ERR_INVALID_STATE

[  2082][E][Encoder.cpp:28] getRpmMovingAverage(): [Enc] AS5600 read failed

[  2084][E][esp32-hal-i2c-ng.c:275] i2cWrite(): i2c_master_transmit failed: [259] ESP_ERR_INVALID_STATE

[  2084][E][Encoder.cpp:28] getRpmMovingAverage(): [Enc] AS5600 read failed

E (2492) ESPNOW: esp now not init!

[  2085][E][NacelleComms.cpp:175] sendNacelleData(): [NCO] Tx failed

[  2086][E][esp32-hal-i2c-ng.c:275] i2cWrite(): i2c_master_transmit failed: [259] ESP_ERR_INVALID_STATE

[  2086][E][Encoder.cpp:28] getRpmMovingAverage(): [Enc] AS5600 read failed

[  2088][E][esp32-hal-i2c-ng.c:275] i2cWrite(): i2c_master_transmit failed: [259] ESP_ERR_INVALID_STATE

[  2088][E][Encoder.cpp:28] getRpmMovingAverage(): [Enc] AS5600 read failed

E (2497) ESPNOW: esp now not ini[  2090][E][esp32-hal-i2c-ng.c:275] i2cWrite(): i2c_master_transmit failed: [259] ESP_ERR_INVALID_STATE

[  2090][E][Encoder.cpp:28] getRpmMovingAverage(): [Enc] AS5600 read failed

!

[  2090][E][NacelleComms.cpp:175] sendNacelleData(): [NCO] Tx failed

[  2092][E][esp32-hal-i2c-ng.c:275] i2cWrite(): i2c_master_transmit failed: [259] ESP_ERR_INVALID_STATE

[  2092][E][Encoder.cpp:28] getRpmMovingAverage(): [Enc] AS5600 read failed

[  2094][E][esp32-hal-i2c-ng.c:275] i2cWrite(): i2c_master_transmit failed: [259] ESP_ERR_INVALID_STATE

[  2094][E][Encoder.cpp:28] getRpmMovingAverage(): [Enc] AS5600 read failed

E (2502) ESPNOW: esp now not init!

[  2095][E][NacelleComms.cpp:175] sendNacelleData(): [NCO] Tx failed

[  2096][E][esp32-hal-i2c-ng.c:275] i2cWrite(): i2c_master_transmit failed: [259] ESP_ERR_INVALID_STATE

[  2096][E][Encoder.cpp:28] getRpmMovingAverage(): [Enc] AS5600 read failed

[  2098][E][esp32-hal-i2c-ng.c:275] i2cWrite(): i2c_master_transmit failed: [259] ESP_ERR_INVALID_STATE

[  2098][E][Encoder.cpp:28] getRpmMovingAverage(): [Enc] AS5600 read failed

E (2507) ESPNOW: esp now not ini[  2100][E][esp32-hal-i2c-ng.c:275] i2cWrite(): i2c_master_transmit failed: [259] ESP_ERR_INVALID_STATE

[  2100][E][Encoder.cpp:28] getRpmMovingAverage(): [Enc] AS5600 read failed

!

[  2100][E][NacelleComms.cpp:175] sendNacelleData(): [NCO] Tx failed

[  2102][E][esp32-hal-i2c-ng.c:275] i2cWrite(): i2c_master_transmit failed: [259] ESP_ERR_INVALID_STATE

[  2102][E][Encoder.cpp:28] getRpmMovingAverage(): [Enc] AS5600 read failed

[  2104][E][esp32-hal-i2c-ng.c:275] i2cWrite(): i2c_master_transmit failed: [259] ESP_ERR_INVALID_STATE

[  2104][E][Encoder.cpp:28] getRpmMovingAverage(): [Enc] AS5600 read failed

E (2512) ESPNOW: esp now not init!

[  2105][E][NacelleComms.cpp:175] sendNacelleData(): [NCO] Tx failed

[  2106][E][esp32-hal-i2c-ng.c:275] i2cWrite(): i2c_master_transmit failed: [259] ESP_ERR_INVALID_STATE

[  2106][E][Encoder.cpp:28] getRpmMovingAverage(): [Enc] AS5600 read failed

[  2108][E][esp32-hal-i2c-ng.c:275] i2cWrite(): i2c_master_transmit failed: [259] ESP_ERR_INVALID_STATE

[  2108][E][Encoder.cpp:28] getRpmMovingAverage(): [Enc] AS5600 read failed

E (2517) ESPNOW: esp now not ini[  2110][E][esp32-hal-i2c-ng.c:275] i2cWrite(): i2c_master_transmit failed: [259] ESP_ERR_INVALID_STATE

[  2110][E][Encoder.cpp:28] getRpmMovingAverage(): [Enc] AS5600 read failed

t!

[  2111][E][NacelleComms.cpp:175] sendNacelleData(): [NCO] Tx failed

[  2112][E][esp32-hal-i2c-ng.c:275] i2cWrite(): i2c_master_transmit failed: [259] ESP_ERR_INVALID_STATE

[  2112][E][Encoder.cpp:28] getRpmMovingAverage(): [Enc] AS5600 read failed

[  2114][E][esp32-hal-i2c-ng.c:275] i2cWrite(): i2c_master_transmit failed: [259] ESP_ERR_INVALID_STATE

[  2114][E][Encoder.cpp:28] getRpmMovingAverage(): [Enc] AS5600 read failed

E (2522) ESPNOW: esp now not init!

[  2115][E][NacelleComms.cpp:175] sendNacelleData(): [NCO] Tx failed

[  2116][E][esp32-hal-i2c-ng.c:275] i2cWrite(): i2c_master_transmit failed: [259] ESP_ERR_INVALID_STATE

[  2116][E][Encoder.cpp:28] getRpmMovingAverage(): [Enc] AS5600 read failed

[  2118][E][esp32-hal-i2c-ng.c:275] i2cWrite(): i2c_master_transmit failed: [259] ESP_ERR_INVALID_STATE

[  2118][E][Encoder.cpp:28] getRpmMovingAverage(): [Enc] AS5600 read failed

E (2527) ESPNOW: esp now not ini[  2120][E][esp32-hal-i2c-ng.c:275] i2cWrite(): i2c_master_transmit failed: [259] ESP_ERR_INVALID_STATE

[  2120][E][Encoder.cpp:28] getRpmMovingAverage(): [Enc] AS5600 read failed

t!

[  2120][E][NacelleComms.cpp:175] sendNacelleData(): [NCO] Tx failed

[  2122][E][esp32-hal-i2c-ng.c:275] i2cWrite(): i2c_master_transmit failed: [259] ESP_ERR_INVALID_STATE

[  2122][E][Encoder.cpp:28] getRpmMovingAverage(): [Enc] AS5600 read failed

[  2124][E][esp32-hal-i2c-ng.c:275] i2cWrite(): i2c_master_transmit failed: [259] ESP_ERR_INVALID_STATE

[  2124][E][Encoder.cpp:28] getRpmMovingAverage(): [Enc] AS5600 read failed

E (2532) ESPNOW: esp now not init!

[  2125][E][NacelleComms.cpp:175] sendNacelleData(): [NCO] Tx failed

[  2126][E][esp32-hal-i2c-ng.c:275] i2cWrite(): i2c_master_transmit failed: [259] ESP_ERR_INVALID_STATE

[  2126][E][Encoder.cpp:28] getRpmMovingAverage(): [Enc] AS5600 read failed

[  2128][E][esp32-hal-i2c-ng.c:275] i2cWrite(): i2c_master_transmit failed: [259] ESP_ERR_INVALID_STATE

[  2128][E][Encoder.cpp:28] getRpmMovingAverage(): [Enc] AS5600 read failed

E (2537) ESPNOW: esp now not ini[  2130][E][esp32-hal-i2c-ng.c:275] i2cWrite(): i2c_master_transmit failed: [259] ESP_ERR_INVALID_STATE

[  2130][E][Encoder.cpp:28] getRpmMovingAverage(): [Enc] AS5600 read failed

!

[  2130][E][NacelleComms.cpp:175] sendNacelleData(): [NCO] Tx failed

[  2132][E][esp32-hal-i2c-ng.c:275] i2cWrite(): i2c_master_transmit failed: [259] ESP_ERR_INVALID_STATE

[  2132][E][Encoder.cpp:28] getRpmMovingAverage(): [Enc] AS5600 read failed

[  2134][E][esp32-hal-i2c-ng.c:275] i2cWrite(): i2c_master_transmit failed: [259] ESP_ERR_INVALID_STATE

[  2134][E][Encoder.cpp:28] getRpmMovingAverage(): [Enc] AS5600 read failed

E (2542) ESPNOW: esp now not init!

[  2135][E][NacelleComms.cpp:175] sendNacelleData(): [NCO] Tx failed

[  2136][E][esp32-hal-i2c-ng.c:275] i2cWrite(): i2c_master_transmit failed: [259] ESP_ERR_INVALID_STATE

[  2136][E][Encoder.cpp:28] getRpmMovingAverage(): [Enc] AS5600 read failed

[  2138][E][esp32-hal-i2c-ng.c:275] i2cWrite(): i2c_master_transmit failed: [259] ESP_ERR_INVALID_STATE

[  2138][E][Encoder.cpp:28] getRpmMovingAverage(): [Enc] AS5600 read failed

E (2547) ESPNOW: esp now not init[  2140][E][esp32-hal-i2c-ng.c:275] i2cWrite(): i2c_master_transmit failed: [259] ESP_ERR_INVALID_STATE

[  2140][E][Encoder.cpp:28] getRpmMovingAverage(): [Enc] AS5600 read failed



[  2140][E][NacelleComms.cpp:175] sendNacelleData(): [NCO] Tx failed

[  2142][E][esp32-hal-i2c-ng.c:275] i2cWrite(): i2c_master_transmit failed: [259] ESP_ERR_INVALID_STATE

[  2142][E][Encoder.cpp:28] getRpmMovingAverage(): [Enc] AS5600 read failed

[  2144][E][esp32-hal-i2c-ng.c:275] i2cWrite(): i2c_master_transmit failed: [259] ESP_ERR_INVALID_STATE

[  2144][E][Encoder.cpp:28] getRpmMovingAverage(): [Enc] AS5600 read failed

E (2552) ESPNOW: esp now not init!

[  2145][E][NacelleComms.cpp:175] sendNacelleData(): [NCO] Tx failed

[  2146][E][esp32-hal-i2c-ng.c:275] i2cWrite(): i2c_master_transmit failed: [259] ESP_ERR_INVALID_STATE

[  2146][E][Encoder.cpp:28] getRpmMovingAverage(): [Enc] AS5600 read failed

[  2148][E][esp32-hal-i2c-ng.c:275] i2cWrite(): i2c_master_transmit failed: [259] ESP_ERR_INVALID_STATE

[  2148][E][Encoder.cpp:28] getRpmMovingAverage(): [Enc] AS5600 read failed

E (2557) ESPNOW: esp now not ini[  2150][E][esp32-hal-i2c-ng.c:275] i2cWrite(): i2c_master_transmit failed: [259] ESP_ERR_INVALID_STATE

[  2150][E][Encoder.cpp:28] getRpmMovingAverage(): [Enc] AS5600 read failed

!

[  2150][E][NacelleComms.cpp:175] sendNacelleData(): [NCO] Tx failed

[  2152][E][esp32-hal-i2c-ng.c:275] i2cWrite(): i2c_master_transmit failed: [259] ESP_ERR_INVALID_STATE

[  2152][E][Encoder.cpp:28] getRpmMovingAverage(): [Enc] AS5600 read failed

[  2154][E][esp32-hal-i2c-ng.c:275] i2cWrite(): i2c_master_transmit failed: [259] ESP_ERR_INVALID_STATE

[  2154][E][Encoder.cpp:28] getRpmMovingAverage(): [Enc] AS5600 read failed

E (2562) ESPNOW: esp now not init!

[  2155][E][NacelleComms.cpp:175] sendNacelleData(): [NCO] Tx failed

[  2156][E][esp32-hal-i2c-ng.c:275] i2cWrite(): i2c_master_transmit failed: [259] ESP_ERR_INVALID_STATE

[  2156][E][Encoder.cpp:28] getRpmMovingAverage(): [Enc] AS5600 read failed

[  2158][E][esp32-hal-i2c-ng.c:275] i2cWrite(): i2c_master_transmit failed: [259] ESP_ERR_INVALID_STATE

[  2158][E][Encoder.cpp:28] getRpmMovingAverage(): [Enc] AS5600 read failed

E (2567) ESPNOW: esp now not ini[  2160][E][esp32-hal-i2c-ng.c:275] i2cWrite(): i2c_master_transmit failed: [259] ESP_ERR_INVALID_STATE

[  2160][E][Encoder.cpp:28] getRpmMovingAverage(): [Enc] AS5600 read failed

!

[  2161][E][NacelleComms.cpp:175] sendNacelleData(): [NCO] Tx failed

[  2162][E][esp32-hal-i2c-ng.c:275] i2cWrite(): i2c_master_transmit failed: [259] ESP_ERR_INVALID_STATE

[  2162][E][Encoder.cpp:28] getRpmMovingAverage(): [Enc] AS5600 read failed

[  2164][E][esp32-hal-i2c-ng.c:275] i2cWrite(): i2c_master_transmit failed: [259] ESP_ERR_INVALID_STATE

[  2164][E][Encoder.cpp:28] getRpmMovingAverage(): [Enc] AS5600 read failed

E (2572) ESPNOW: esp now not init!

[  2165][E][NacelleComms.cpp:175] sendNacelleData(): [NCO] Tx failed

[  2166][E][esp32-hal-i2c-ng.c:275] i2cWrite(): i2c_master_transmit failed: [259] ESP_ERR_INVALID_STATE

[  2166][E][Encoder.cpp:28] getRpmMovingAverage(): [Enc] AS5600 read failed

[  2168][E][esp32-hal-i2c-ng.c:275] i2cWrite(): i2c_master_transmit failed: [259] ESP_ERR_INVALID_STATE

[  2168][E][Encoder.cpp:28] getRpmMovingAverage(): [Enc] AS5600 read failed

E (2577) ESPNOW: esp now not init[  2170][E][esp32-hal-i2c-ng.c:275] i2cWrite(): i2c_master_transmit failed: [259] ESP_ERR_INVALID_STATE

[  2170][E][Encoder.cpp:28] getRpmMovingAverage(): [Enc] AS5600 read failed

!

[  2170][E][NacelleComms.cpp:175] sendNacelleData(): [NCO] Tx failed

[  2172][E][esp32-hal-i2c-ng.c:275] i2cWrite(): i2c_master_transmit failed: [259] ESP_ERR_INVALID_STATE

[  2172][E][Encoder.cpp:28] getRpmMovingAverage(): [Enc] AS5600 read failed

[  2174][E][esp32-hal-i2c-ng.c:275] i2cWrite(): i2c_master_transmit failed: [259] ESP_ERR_INVALID_STATE

[  2174][E][Encoder.cpp:28] getRpmMovingAverage(): [Enc] AS5600 read failed

E (2582) ESPNOW: esp now not init!

[  2175][E][NacelleComms.cpp:175] sendNacelleData(): [NCO] Tx failed

[  2176][E][esp32-hal-i2c-ng.c:275] i2cWrite(): i2c_master_transmit failed: [259] ESP_ERR_INVALID_STATE

[  2176][E][Encoder.cpp:28] getRpmMovingAverage(): [Enc] AS5600 read failed

[  2178][E][esp32-hal-i2c-ng.c:275] i2cWrite(): i2c_master_transmit failed: [259] ESP_ERR_INVALID_STATE

[  2178][E][Encoder.cpp:28] getRpmMovingAverage(): [Enc] AS5600 read failed

E (2587) ESPNOW: esp now not in[  2180][E][esp32-hal-i2c-ng.c:275] i2cWrite(): i2c_master_transmit failed: [259] ESP_ERR_INVALID_STATE

[  2180][E][Encoder.cpp:28] getRpmMovingAverage(): [Enc] AS5600 read failed

it!

[  2180][E][NacelleComms.cpp:175] sendNacelleData(): [NCO] Tx failed

[  2182][E][esp32-hal-i2c-ng.c:275] i2cWrite(): i2c_master_transmit failed: [259] ESP_ERR_INVALID_STATE

[  2182][E][Encoder.cpp:28] getRpmMovingAverage(): [Enc] AS5600 read failed

[  2184][E][esp32-hal-i2c-ng.c:275] i2cWrite(): i2c_master_transmit failed: [259] ESP_ERR_INVALID_STATE

[  2184][E][Encoder.cpp:28] getRpmMovingAverage(): [Enc] AS5600 read failed

E (2592) ESPNOW: esp now not init!

[  2185][E][NacelleComms.cpp:175] sendNacelleData(): [NCO] Tx failed

[  2186][E][esp32-hal-i2c-ng.c:275] i2cWrite(): i2c_master_transmit failed: [259] ESP_ERR_INVALID_STATE

[  2186][E][Encoder.cpp:28] getRpmMovingAverage(): [Enc] AS5600 read failed

[  2188][E][esp32-hal-i2c-ng.c:275] i2cWrite(): i2c_master_transmit failed: [259] ESP_ERR_INVALID_STATE

[  2188][E][Encoder.cpp:28] getRpmMovingAverage(): [Enc] AS5600 read failed

E (2597) ESPNOW: esp now not ini[  2190][E][esp32-hal-i2c-ng.c:275] i2cWrite(): i2c_master_transmit failed: [259] ESP_ERR_INVALID_STATE

[  2190][E][Encoder.cpp:28] getRpmMovingAverage(): [Enc] AS5600 read failed

!

[  2190][E][NacelleComms.cpp:175] sendNacelleData(): [NCO] Tx failed

[  2192][E][esp32-hal-i2c-ng.c:275] i2cWrite(): i2c_master_transmit failed: [259] ESP_ERR_INVALID_STATE

[  2192][E][Encoder.cpp:28] getRpmMovingAverage(): [Enc] AS5600 read failed

[  2194][E][esp32-hal-i2c-ng.c:275] i2cWrite(): i2c_master_transmit failed: [259] ESP_ERR_INVALID_STATE

[  2194][E][Encoder.cpp:28] getRpmMovingAverage(): [Enc] AS5600 read failed

E (2602) ESPNOW: esp now not init!

[  2195][E][NacelleComms.cpp:175] sendNacelleData(): [NCO] Tx failed

[  2196][E][esp32-hal-i2c-ng.c:275] i2cWrite(): i2c_master_transmit failed: [259] ESP_ERR_INVALID_STATE

[  2196][E][Encoder.cpp:28] getRpmMovingAverage(): [Enc] AS5600 read failed

[  2198][E][esp32-hal-i2c-ng.c:275] i2cWrite(): i2c_master_transmit failed: [259] ESP_ERR_INVALID_STATE

[  2198][E][Encoder.cpp:28] getRpmMovingAverage(): [Enc] AS5600 read failed

E (2607) ESPNOW: esp now not ini[  2200][E][esp32-hal-i2c-ng.c:275] i2cWrite(): i2c_master_transmit failed: [259] ESP_ERR_INVALID_STATE

[  2200][E][Encoder.cpp:28] getRpmMovingAverage(): [Enc] AS5600 read failed

t!

[  2200][E][NacelleComms.cpp:175] sendNacelleData(): [NCO] Tx failed

[  2202][E][esp32-hal-i2c-ng.c:275] i2cWrite(): i2c_master_transmit failed: [259] ESP_ERR_INVALID_STATE

[  2202][E][Encoder.cpp:28] getRpmMovingAverage(): [Enc] AS5600 read failed

[  2204][E][esp32-hal-i2c-ng.c:275] i2cWrite(): i2c_master_transmit failed: [259] ESP_ERR_INVALID_STATE

[  2204][E][Encoder.cpp:28] getRpmMovingAverage(): [Enc] AS5600 read failed

E (2612) ESPNOW: esp now not init!

[  2205][E][NacelleComms.cpp:175] sendNacelleData(): [NCO] Tx failed

[  2206][E][esp32-hal-i2c-ng.c:275] i2cWrite(): i2c_master_transmit failed: [259] ESP_ERR_INVALID_STATE

[  2206][E][Encoder.cpp:28] getRpmMovingAverage(): [Enc] AS5600 read failed

[  2208][E][esp32-hal-i2c-ng.c:275] i2cWrite(): i2c_master_transmit failed: [259] ESP_ERR_INVALID_STATE

[  2208][E][Encoder.cpp:28] getRpmMovingAverage(): [Enc] AS5600 read failed

E (2617) ESPNOW: esp now not ini[  2210][E][esp32-hal-i2c-ng.c:275] i2cWrite(): i2c_master_transmit failed: [259] ESP_ERR_INVALID_STATE

[  2210][E][Encoder.cpp:28] getRpmMovingAverage(): [Enc] AS5600 read failed

!

[  2210][E][NacelleComms.cpp:175] sendNacelleData(): [NCO] Tx failed

[  2212][E][esp32-hal-i2c-ng.c:275] i2cWrite(): i2c_master_transmit failed: [259] ESP_ERR_INVALID_STATE

[  2212][E][Encoder.cpp:28] getRpmMovingAverage(): [Enc] AS5600 read failed

[  2214][E][esp32-hal-i2c-ng.c:275] i2cWrite(): i2c_master_transmit failed: [259] ESP_ERR_INVALID_STATE

[  2214][E][Encoder.cpp:28] getRpmMovingAverage(): [Enc] AS5600 read failed

E (2622) ESPNOW: esp now not init!

[  2215][E][NacelleComms.cpp:175] sendNacelleData(): [NCO] Tx failed

[  2216][E][esp32-hal-i2c-ng.c:275] i2cWrite(): i2c_master_transmit failed: [259] ESP_ERR_INVALID_STATE

[  2216][E][Encoder.cpp:28] getRpmMovingAverage(): [Enc] AS5600 read failed

[  2218][E][esp32-hal-i2c-ng.c:275] i2cWrite(): i2c_master_transmit failed: [259] ESP_ERR_INVALID_STATE

[  2218][E][Encoder.cpp:28] getRpmMovingAverage(): [Enc] AS5600 read failed

E (2627) ESPNOW: esp now not ini[  2220][E][esp32-hal-i2c-ng.c:275] i2cWrite(): i2c_master_transmit failed: [259] ESP_ERR_INVALID_STATE

[  2220][E][Encoder.cpp:28] getRpmMovingAverage(): [Enc] AS5600 read failed

t!

[  2221][E][NacelleComms.cpp:175] sendNacelleData(): [NCO] Tx failed

[  2222][E][esp32-hal-i2c-ng.c:275] i2cWrite(): i2c_master_transmit failed: [259] ESP_ERR_INVALID_STATE

[  2222][E][Encoder.cpp:28] getRpmMovingAverage(): [Enc] AS5600 read failed

[  2224][E][esp32-hal-i2c-ng.c:275] i2cWrite(): i2c_master_transmit failed: [259] ESP_ERR_INVALID_STATE

[  2224][E][Encoder.cpp:28] getRpmMovingAverage(): [Enc] AS5600 read failed

E (2632) ESPNOW: esp now not init!

[  2225][E][NacelleComms.cpp:175] sendNacelleData(): [NCO] Tx failed

[  2226][E][esp32-hal-i2c-ng.c:275] i2cWrite(): i2c_master_transmit failed: [259] ESP_ERR_INVALID_STATE

[  2226][E][Encoder.cpp:28] getRpmMovingAverage(): [Enc] AS5600 read failed

[  2228][E][esp32-hal-i2c-ng.c:275] i2cWrite(): i2c_master_transmit failed: [259] ESP_ERR_INVALID_STATE

[  2228][E][Encoder.cpp:28] getRpmMovingAverage(): [Enc] AS5600 read failed

E (2637) ESPNOW: esp now not ini[  2230][E][esp32-hal-i2c-ng.c:275] i2cWrite(): i2c_master_transmit failed: [259] ESP_ERR_INVALID_STATE

[  2230][E][Encoder.cpp:28] getRpmMovingAverage(): [Enc] AS5600 read failed

!

[  2230][E][NacelleComms.cpp:175] sendNacelleData(): [NCO] Tx failed

[  2232][E][esp32-hal-i2c-ng.c:275] i2cWrite(): i2c_master_transmit failed: [259] ESP_ERR_INVALID_STATE

[  2232][E][Encoder.cpp:28] getRpmMovingAverage(): [Enc] AS5600 read failed

[  2234][E][esp32-hal-i2c-ng.c:275] i2cWrite(): i2c_master_transmit failed: [259] ESP_ERR_INVALID_STATE

[  2234][E][Encoder.cpp:28] getRpmMovingAverage(): [Enc] AS5600 read failed

E (2642) ESPNOW: esp now not init!

[  2235][E][NacelleComms.cpp:175] sendNacelleData(): [NCO] Tx failed

[  2236][E][esp32-hal-i2c-ng.c:275] i2cWrite(): i2c_master_transmit failed: [259] ESP_ERR_INVALID_STATE

[  2236][E][Encoder.cpp:28] getRpmMovingAverage(): [Enc] AS5600 read failed

[  2238][E][esp32-hal-i2c-ng.c:275] i2cWrite(): i2c_master_transmit failed: [259] ESP_ERR_INVALID_STATE

[  2238][E][Encoder.cpp:28] getRpmMovingAverage(): [Enc] AS5600 read failed

E (2647) ESPNOW: esp now not ini[  2240][E][esp32-hal-i2c-ng.c:275] i2cWrite(): i2c_master_transmit failed: [259] ESP_ERR_INVALID_STATE

[  2240][E][Encoder.cpp:28] getRpmMovingAverage(): [Enc] AS5600 read failed

t!

[  2241][E][NacelleComms.cpp:175] sendNacelleData(): [NCO] Tx failed

[  2242][E][esp32-hal-i2c-ng.c:275] i2cWrite(): i2c_master_transmit failed: [259] ESP_ERR_INVALID_STATE

[  2242][E][Encoder.cpp:28] getRpmMovingAverage(): [Enc] AS5600 read failed

[  2244][E][esp32-hal-i2c-ng.c:275] i2cWrite(): i2c_master_transmit failed: [259] ESP_ERR_INVALID_STATE

[  2244][E][Encoder.cpp:28] getRpmMovingAverage(): [Enc] AS5600 read failed

E (2652) ESPNOW: esp now not init!

[  2245][E][NacelleComms.cpp:175] sendNacelleData(): [NCO] Tx failed

[  2246][E][esp32-hal-i2c-ng.c:275] i2cWrite(): i2c_master_transmit failed: [259] ESP_ERR_INVALID_STATE

[  2246][E][Encoder.cpp:28] getRpmMovingAverage(): [Enc] AS5600 read failed

[  2248][E][esp32-hal-i2c-ng.c:275] i2cWrite(): i2c_master_transmit failed: [259] ESP_ERR_INVALID_STATE

[  2248][E][Encoder.cpp:28] getRpmMovingAverage(): [Enc] AS5600 read failed

E (2657) ESPNOW: esp now not ini[  2250][E][esp32-hal-i2c-ng.c:275] i2cWrite(): i2c_master_transmit failed: [259] ESP_ERR_INVALID_STATE

[  2250][E][Encoder.cpp:28] getRpmMovingAverage(): [Enc] AS5600 read failed

!

[  2250][E][NacelleComms.cpp:175] sendNacelleData(): [NCO] Tx failed

[  2252][E][esp32-hal-i2c-ng.c:275] i2cWrite(): i2c_master_transmit failed: [259] ESP_ERR_INVALID_STATE

[  2252][E][Encoder.cpp:28] getRpmMovingAverage(): [Enc] AS5600 read failed

[  2254][E][esp32-hal-i2c-ng.c:275] i2cWrite(): i2c_master_transmit failed: [259] ESP_ERR_INVALID_STATE

[  2254][E][Encoder.cpp:28] getRpmMovingAverage(): [Enc] AS5600 read failed

E (2662) ESPNOW: esp now not init!

[  2255][E][NacelleComms.cpp:175] sendNacelleData(): [NCO] Tx failed

[  2256][E][esp32-hal-i2c-ng.c:275] i2cWrite(): i2c_master_transmit failed: [259] ESP_ERR_INVALID_STATE

[  2256][E][Encoder.cpp:28] getRpmMovingAverage(): [Enc] AS5600 read failed

[  2258][E][esp32-hal-i2c-ng.c:275] i2cWrite(): i2c_master_transmit failed: [259] ESP_ERR_INVALID_STATE

[  2258][E][Encoder.cpp:28] getRpmMovingAverage(): [Enc] AS5600 read failed

E (2667) ESPNOW: esp now not ini[  2260][E][esp32-hal-i2c-ng.c:275] i2cWrite(): i2c_master_transmit failed: [259] ESP_ERR_INVALID_STATE

[  2260][E][Encoder.cpp:28] getRpmMovingAverage(): [Enc] AS5600 read failed



[  2260][E][NacelleComms.cpp:175] sendNacelleData(): [NCO] Tx failed

[  2262][E][esp32-hal-i2c-ng.c:275] i2cWrite(): i2c_master_transmit failed: [259] ESP_ERR_INVALID_STATE

[  2262][E][Encoder.cpp:28] getRpmMovingAverage(): [Enc] AS5600 read failed

[  2264][E][esp32-hal-i2c-ng.c:275] i2cWrite(): i2c_master_transmit failed: [259] ESP_ERR_INVALID_STATE

[  2264][E][Encoder.cpp:28] getRpmMovingAverage(): [Enc] AS5600 read failed

E (2672) ESPNOW: esp now not init!

[  2265][E][NacelleComms.cpp:175] sendNacelleData(): [NCO] Tx failed

[  2266][E][esp32-hal-i2c-ng.c:275] i2cWrite(): i2c_master_transmit failed: [259] ESP_ERR_INVALID_STATE

[  2266][E][Encoder.cpp:28] getRpmMovingAverage(): [Enc] AS5600 read failed

[  2268][E][esp32-hal-i2c-ng.c:275] i2cWrite(): i2c_master_transmit failed: [259] ESP_ERR_INVALID_STATE

[  2268][E][Encoder.cpp:28] getRpmMovingAverage(): [Enc] AS5600 read failed

E (2677) ESPNOW: esp now not ini[  2270][E][esp32-hal-i2c-ng.c:275] i2cWrite(): i2c_master_transmit failed: [259] ESP_ERR_INVALID_STATE

[  2270][E][Encoder.cpp:28] getRpmMovingAverage(): [Enc] AS5600 read failed

t!

[  2270][E][NacelleComms.cpp:175] sendNacelleData(): [NCO] Tx failed

[  2272][E][esp32-hal-i2c-ng.c:275] i2cWrite(): i2c_master_transmit failed: [259] ESP_ERR_INVALID_STATE

[  2272][E][Encoder.cpp:28] getRpmMovingAverage(): [Enc] AS5600 read failed

[  2274][E][esp32-hal-i2c-ng.c:275] i2cWrite(): i2c_master_transmit failed: [259] ESP_ERR_INVALID_STATE

[  2274][E][Encoder.cpp:28] getRpmMovingAverage(): [Enc] AS5600 read failed

E (2682) ESPNOW: esp now not init!

[  2275][E][NacelleComms.cpp:175] sendNacelleData(): [NCO] Tx failed

[  2276][E][esp32-hal-i2c-ng.c:275] i2cWrite(): i2c_master_transmit failed: [259] ESP_ERR_INVALID_STATE

[  2276][E][Encoder.cpp:28] getRpmMovingAverage(): [Enc] AS5600 read failed

[  2278][E][esp32-hal-i2c-ng.c:275] i2cWrite(): i2c_master_transmit failed: [259] ESP_ERR_INVALID_STATE

[  2278][E][Encoder.cpp:28] getRpmMovingAverage(): [Enc] AS5600 read failed

E (2687) ESPNOW: esp now not ini[  2280][E][esp32-hal-i2c-ng.c:275] i2cWrite(): i2c_master_transmit failed: [259] ESP_ERR_INVALID_STATE

[  2280][E][Encoder.cpp:28] getRpmMovingAverage(): [Enc] AS5600 read failed

t!

[  2280][E][NacelleComms.cpp:175] sendNacelleData(): [NCO] Tx failed

[  2282][E][esp32-hal-i2c-ng.c:275] i2cWrite(): i2c_master_transmit failed: [259] ESP_ERR_INVALID_STATE

[  2282][E][Encoder.cpp:28] getRpmMovingAverage(): [Enc] AS5600 read failed

[  2284][E][esp32-hal-i2c-ng.c:275] i2cWrite(): i2c_master_transmit failed: [259] ESP_ERR_INVALID_STATE

[  2284][E][Encoder.cpp:28] getRpmMovingAverage(): [Enc] AS5600 read failed

E (2692) ESPNOW: esp now not init!

[  2285][E][NacelleComms.cpp:175] sendNacelleData(): [NCO] Tx failed

[  2286][E][esp32-hal-i2c-ng.c:275] i2cWrite(): i2c_master_transmit failed: [259] ESP_ERR_INVALID_STATE

[  2286][E][Encoder.cpp:28] getRpmMovingAverage(): [Enc] AS5600 read failed

[  2288][E][esp32-hal-i2c-ng.c:275] i2cWrite(): i2c_master_transmit failed: [259] ESP_ERR_INVALID_STATE

[  2288][E][Encoder.cpp:28] getRpmMovingAverage(): [Enc] AS5600 read failed

E (2697) ESPNOW: esp now not ini[  2290][E][esp32-hal-i2c-ng.c:275] i2cWrite(): i2c_master_transmit failed: [259] ESP_ERR_INVALID_STATE

[  2290][E][Encoder.cpp:28] getRpmMovingAverage(): [Enc] AS5600 read failed

!

[  2290][E][NacelleComms.cpp:175] sendNacelleData(): [NCO] Tx failed

[  2292][E][esp32-hal-i2c-ng.c:275] i2cWrite(): i2c_master_transmit failed: [259] ESP_ERR_INVALID_STATE

[  2292][E][Encoder.cpp:28] getRpmMovingAverage(): [Enc] AS5600 read failed

[  2294][E][esp32-hal-i2c-ng.c:275] i2cWrite(): i2c_master_transmit failed: [259] ESP_ERR_INVALID_STATE

[  2294][E][Encoder.cpp:28] getRpmMovingAverage(): [Enc] AS5600 read failed

E (2702) ESPNOW: esp now not init!

[  2295][E][NacelleComms.cpp:175] sendNacelleData(): [NCO] Tx failed

[  2296][E][esp32-hal-i2c-ng.c:275] i2cWrite(): i2c_master_transmit failed: [259] ESP_ERR_INVALID_STATE

[  2296][E][Encoder.cpp:28] getRpmMovingAverage(): [Enc] AS5600 read failed

[  2298][E][esp32-hal-i2c-ng.c:275] i2cWrite(): i2c_master_transmit failed: [259] ESP_ERR_INVALID_STATE

[  2298][E][Encoder.cpp:28] getRpmMovingAverage(): [Enc] AS5600 read failed

E (2707) ESPNOW: esp now not ini[  2300][E][esp32-hal-i2c-ng.c:275] i2cWrite(): i2c_master_transmit failed: [259] ESP_ERR_INVALID_STATE

[  2300][E][Encoder.cpp:28] getRpmMovingAverage(): [Enc] AS5600 read failed



[  2300][E][NacelleComms.cpp:175] sendNacelleData(): [NCO] Tx failed

[  2302][E][esp32-hal-i2c-ng.c:275] i2cWrite(): i2c_master_transmit failed: [259] ESP_ERR_INVALID_STATE

[  2302][E][Encoder.cpp:28] getRpmMovingAverage(): [Enc] AS5600 read failed

[  2304][E][esp32-hal-i2c-ng.c:275] i2cWrite(): i2c_master_transmit failed: [259] ESP_ERR_INVALID_STATE

[  2304][E][Encoder.cpp:28] getRpmMovingAverage(): [Enc] AS5600 read failed

E (2712) ESPNOW: esp now not init!

[  2305][E][NacelleComms.cpp:175] sendNacelleData(): [NCO] Tx failed

[  2306][E][esp32-hal-i2c-ng.c:275] i2cWrite(): i2c_master_transmit failed: [259] ESP_ERR_INVALID_STATE

[  2306][E][Encoder.cpp:28] getRpmMovingAverage(): [Enc] AS5600 read failed

[  2308][E][esp32-hal-i2c-ng.c:275] i2cWrite(): i2c_master_transmit failed: [259] ESP_ERR_INVALID_STATE

[  2308][E][Encoder.cpp:28] getRpmMovingAverage(): [Enc] AS5600 read failed

E (2717) ESPNOW: esp now not ini[  2310][E][esp32-hal-i2c-ng.c:275] i2cWrite(): i2c_master_transmit failed: [259] ESP_ERR_INVALID_STATE

[  2310][E][Encoder.cpp:28] getRpmMovingAverage(): [Enc] AS5600 read failed

t!

[  2310][E][NacelleComms.cpp:175] sendNacelleData(): [NCO] Tx failed

[  2312][E][esp32-hal-i2c-ng.c:275] i2cWrite(): i2c_master_transmit failed: [259] ESP_ERR_INVALID_STATE

[  2312][E][Encoder.cpp:28] getRpmMovingAverage(): [Enc] AS5600 read failed

[  2314][E][esp32-hal-i2c-ng.c:275] i2cWrite(): i2c_master_transmit failed: [259] ESP_ERR_INVALID_STATE

[  2314][E][Encoder.cpp:28] getRpmMovingAverage(): [Enc] AS5600 read failed

E (2722) ESPNOW: esp now not init!

[  2315][E][NacelleComms.cpp:175] sendNacelleData(): [NCO] Tx failed

[  2316][E][esp32-hal-i2c-ng.c:275] i2cWrite(): i2c_master_transmit failed: [259] ESP_ERR_INVALID_STATE

[  2316][E][Encoder.cpp:28] getRpmMovingAverage(): [Enc] AS5600 read failed

[  2318][E][esp32-hal-i2c-ng.c:275] i2cWrite(): i2c_master_transmit failed: [259] ESP_ERR_INVALID_STATE

[  2318][E][Encoder.cpp:28] getRpmMovingAverage(): [Enc] AS5600 read failed

E (2727) ESPNOW: esp now not ini[  2320][E][esp32-hal-i2c-ng.c:275] i2cWrite(): i2c_master_transmit failed: [259] ESP_ERR_INVALID_STATE

[  2320][E][Encoder.cpp:28] getRpmMovingAverage(): [Enc] AS5600 read failed

!

[  2320][E][NacelleComms.cpp:175] sendNacelleData(): [NCO] Tx failed

[  2322][E][esp32-hal-i2c-ng.c:275] i2cWrite(): i2c_master_transmit failed: [259] ESP_ERR_INVALID_STATE

[  2322][E][Encoder.cpp:28] getRpmMovingAverage(): [Enc] AS5600 read failed

[  2324][E][esp32-hal-i2c-ng.c:275] i2cWrite(): i2c_master_transmit failed: [259] ESP_ERR_INVALID_STATE

[  2324][E][Encoder.cpp:28] getRpmMovingAverage(): [Enc] AS5600 read failed

E (2732) ESPNOW: esp now not init!

[  2325][E][NacelleComms.cpp:175] sendNacelleData(): [NCO] Tx failed

[  2326][E][esp32-hal-i2c-ng.c:275] i2cWrite(): i2c_master_transmit failed: [259] ESP_ERR_INVALID_STATE

[  2326][E][Encoder.cpp:28] getRpmMovingAverage(): [Enc] AS5600 read failed

[  2328][E][esp32-hal-i2c-ng.c:275] i2cWrite(): i2c_master_transmit failed: [259] ESP_ERR_INVALID_STATE

[  2328][E][Encoder.cpp:28] getRpmMovingAverage(): [Enc] AS5600 read failed

E (2737) ESPNOW: esp now not ini[  2330][E][esp32-hal-i2c-ng.c:275] i2cWrite(): i2c_master_transmit failed: [259] ESP_ERR_INVALID_STATE

[  2330][E][Encoder.cpp:28] getRpmMovingAverage(): [Enc] AS5600 read failed

t!

[  2330][E][NacelleComms.cpp:175] sendNacelleData(): [NCO] Tx failed

[  2332][E][esp32-hal-i2c-ng.c:275] i2cWrite(): i2c_master_transmit failed: [259] ESP_ERR_INVALID_STATE

[  2332][E][Encoder.cpp:28] getRpmMovingAverage(): [Enc] AS5600 read failed

[  2334][E][esp32-hal-i2c-ng.c:275] i2cWrite(): i2c_master_transmit failed: [259] ESP_ERR_INVALID_STATE

[  2334][E][Encoder.cpp:28] getRpmMovingAverage(): [Enc] AS5600 read failed

E (2742) ESPNOW: esp now not init!

[  2335][E][NacelleComms.cpp:175] sendNacelleData(): [NCO] Tx failed

[  2336][E][esp32-hal-i2c-ng.c:275] i2cWrite(): i2c_master_transmit failed: [259] ESP_ERR_INVALID_STATE

[  2336][E][Encoder.cpp:28] getRpmMovingAverage(): [Enc] AS5600 read failed

[  2338][E][esp32-hal-i2c-ng.c:275] i2cWrite(): i2c_master_transmit failed: [259] ESP_ERR_INVALID_STATE

[  2338][E][Encoder.cpp:28] getRpmMovingAverage(): [Enc] AS5600 read failed

E (2747) ESPNOW: esp now not ini[  2340][E][esp32-hal-i2c-ng.c:275] i2cWrite(): i2c_master_transmit failed: [259] ESP_ERR_INVALID_STATE

[  2340][E][Encoder.cpp:28] getRpmMovingAverage(): [Enc] AS5600 read failed

t!

[  2340][E][NacelleComms.cpp:175] sendNacelleData(): [NCO] Tx failed

[  2342][E][esp32-hal-i2c-ng.c:275] i2cWrite(): i2c_master_transmit failed: [259] ESP_ERR_INVALID_STATE

[  2342][E][Encoder.cpp:28] getRpmMovingAverage(): [Enc] AS5600 read failed

[  2344][E][esp32-hal-i2c-ng.c:275] i2cWrite(): i2c_master_transmit failed: [259] ESP_ERR_INVALID_STATE

[  2344][E][Encoder.cpp:28] getRpmMovingAverage(): [Enc] AS5600 read failed

E (2752) ESPNOW: esp now not init!

[  2345][E][NacelleComms.cpp:175] sendNacelleData(): [NCO] Tx failed

[  2346][E][esp32-hal-i2c-ng.c:275] i2cWrite(): i2c_master_transmit failed: [259] ESP_ERR_INVALID_STATE

[  2346][E][Encoder.cpp:28] getRpmMovingAverage(): [Enc] AS5600 read failed

[  2348][E][esp32-hal-i2c-ng.c:275] i2cWrite(): i2c_master_transmit failed: [259] ESP_ERR_INVALID_STATE

[  2348][E][Encoder.cpp:28] getRpmMovingAverage(): [Enc] AS5600 read failed

E (2757) ESPNOW: esp now not ini[  2350][E][esp32-hal-i2c-ng.c:275] i2cWrite(): i2c_master_transmit failed: [259] ESP_ERR_INVALID_STATE

[  2350][E][Encoder.cpp:28] getRpmMovingAverage(): [Enc] AS5600 read failed

t!

[  2350][E][NacelleComms.cpp:175] sendNacelleData(): [NCO] Tx failed

[  2352][E][esp32-hal-i2c-ng.c:275] i2cWrite(): i2c_master_transmit failed: [259] ESP_ERR_INVALID_STATE

[  2352][E][Encoder.cpp:28] getRpmMovingAverage(): [Enc] AS5600 read failed

[  2354][E][esp32-hal-i2c-ng.c:275] i2cWrite(): i2c_master_transmit failed: [259] ESP_ERR_INVALID_STATE

[  2354][E][Encoder.cpp:28] getRpmMovingAverage(): [Enc] AS5600 read failed

E (2762) ESPNOW: esp now not init!

[  2355][E][NacelleComms.cpp:175] sendNacelleData(): [NCO] Tx failed

[  2356][E][esp32-hal-i2c-ng.c:275] i2cWrite(): i2c_master_transmit failed: [259] ESP_ERR_INVALID_STATE

[  2356][E][Encoder.cpp:28] getRpmMovingAverage(): [Enc] AS5600 read failed

[  2358][E][esp32-hal-i2c-ng.c:275] i2cWrite(): i2c_master_transmit failed: [259] ESP_ERR_INVALID_STATE

[  2358][E][Encoder.cpp:28] getRpmMovingAverage(): [Enc] AS5600 read failed

E (2767) ESPNOW: esp now not ini[  2360][E][esp32-hal-i2c-ng.c:275] i2cWrite(): i2c_master_transmit failed: [259] ESP_ERR_INVALID_STATE

[  2360][E][Encoder.cpp:28] getRpmMovingAverage(): [Enc] AS5600 read failed

t!

[  2360][E][NacelleComms.cpp:175] sendNacelleData(): [NCO] Tx failed

[  2362][E][esp32-hal-i2c-ng.c:275] i2cWrite(): i2c_master_transmit failed: [259] ESP_ERR_INVALID_STATE

[  2362][E][Encoder.cpp:28] getRpmMovingAverage(): [Enc] AS5600 read failed

[  2364][E][esp32-hal-i2c-ng.c:275] i2cWrite(): i2c_master_transmit failed: [259] ESP_ERR_INVALID_STATE

[  2364][E][Encoder.cpp:28] getRpmMovingAverage(): [Enc] AS5600 read failed

E (2772) ESPNOW: esp now not init!

[  2365][E][NacelleComms.cpp:175] sendNacelleData(): [NCO] Tx failed

[  2366][E][esp32-hal-i2c-ng.c:275] i2cWrite(): i2c_master_transmit failed: [259] ESP_ERR_INVALID_STATE

[  2366][E][Encoder.cpp:28] getRpmMovingAverage(): [Enc] AS5600 read failed

[  2368][E][esp32-hal-i2c-ng.c:275] i2cWrite(): i2c_master_transmit failed: [259] ESP_ERR_INVALID_STATE

[  2368][E][Encoder.cpp:28] getRpmMovingAverage(): [Enc] AS5600 read failed

E (2777) ESPNOW: esp now not ini[  2370][E][esp32-hal-i2c-ng.c:275] i2cWrite(): i2c_master_transmit failed: [259] ESP_ERR_INVALID_STATE

[  2370][E][Encoder.cpp:28] getRpmMovingAverage(): [Enc] AS5600 read failed

t!

[  2370][E][NacelleComms.cpp:175] sendNacelleData(): [NCO] Tx failed

[  2372][E][esp32-hal-i2c-ng.c:275] i2cWrite(): i2c_master_transmit failed: [259] ESP_ERR_INVALID_STATE

[  2372][E][Encoder.cpp:28] getRpmMovingAverage(): [Enc] AS5600 read failed

[  2374][E][esp32-hal-i2c-ng.c:275] i2cWrite(): i2c_master_transmit failed: [259] ESP_ERR_INVALID_STATE

[  2374][E][Encoder.cpp:28] getRpmMovingAverage(): [Enc] AS5600 read failed

E (2782) ESPNOW: esp now not init!

[  2375][E][NacelleComms.cpp:175] sendNacelleData(): [NCO] Tx failed

[  2376][E][esp32-hal-i2c-ng.c:275] i2cWrite(): i2c_master_transmit failed: [259] ESP_ERR_INVALID_STATE

[  2376][E][Encoder.cpp:28] getRpmMovingAverage(): [Enc] AS5600 read failed

[  2378][E][esp32-hal-i2c-ng.c:275] i2cWrite(): i2c_master_transmit failed: [259] ESP_ERR_INVALID_STATE

[  2378][E][Encoder.cpp:28] getRpmMovingAverage(): [Enc] AS5600 read failed

E (2787) ESPNOW: esp now not ini[  2380][E][esp32-hal-i2c-ng.c:275] i2cWrite(): i2c_master_transmit failed: [259] ESP_ERR_INVALID_STATE

[  2380][E][Encoder.cpp:28] getRpmMovingAverage(): [Enc] AS5600 read failed

t!

[  2380][E][NacelleComms.cpp:175] sendNacelleData(): [NCO] Tx failed

[  2382][E][esp32-hal-i2c-ng.c:275] i2cWrite(): i2c_master_transmit failed: [259] ESP_ERR_INVALID_STATE

[  2382][E][Encoder.cpp:28] getRpmMovingAverage(): [Enc] AS5600 read failed

[  2384][E][esp32-hal-i2c-ng.c:275] i2cWrite(): i2c_master_transmit failed: [259] ESP_ERR_INVALID_STATE

[  2384][E][Encoder.cpp:28] getRpmMovingAverage(): [Enc] AS5600 read failed

E (2792) ESPNOW: esp now not init!

[  2385][E][NacelleComms.cpp:175] sendNacelleData(): [NCO] Tx failed

[  2386][E][esp32-hal-i2c-ng.c:275] i2cWrite(): i2c_master_transmit failed: [259] ESP_ERR_INVALID_STATE

[  2386][E][Encoder.cpp:28] getRpmMovingAverage(): [Enc] AS5600 read failed

[  2388][E][esp32-hal-i2c-ng.c:275] i2cWrite(): i2c_master_transmit failed: [259] ESP_ERR_INVALID_STATE

[  2388][E][Encoder.cpp:28] getRpmMovingAverage(): [Enc] AS5600 read failed

E (2797) ESPNOW: esp now not ini[  2390][E][esp32-hal-i2c-ng.c:275] i2cWrite(): i2c_master_transmit failed: [259] ESP_ERR_INVALID_STATE

[  2390][E][Encoder.cpp:28] getRpmMovingAverage(): [Enc] AS5600 read failed

t!

[  2390][E][NacelleComms.cpp:175] sendNacelleData(): [NCO] Tx failed

[  2392][E][esp32-hal-i2c-ng.c:275] i2cWrite(): i2c_master_transmit failed: [259] ESP_ERR_INVALID_STATE

[  2392][E][Encoder.cpp:28] getRpmMovingAverage(): [Enc] AS5600 read failed

[  2394][E][esp32-hal-i2c-ng.c:275] i2cWrite(): i2c_master_transmit failed: [259] ESP_ERR_INVALID_STATE

[  2394][E][Encoder.cpp:28] getRpmMovingAverage(): [Enc] AS5600 read failed

E (2802) ESPNOW: esp now not init!

[  2395][E][NacelleComms.cpp:175] sendNacelleData(): [NCO] Tx failed

[  2396][E][esp32-hal-i2c-ng.c:275] i2cWrite(): i2c_master_transmit failed: [259] ESP_ERR_INVALID_STATE

[  2396][E][Encoder.cpp:28] getRpmMovingAverage(): [Enc] AS5600 read failed

[  2398][E][esp32-hal-i2c-ng.c:275] i2cWrite(): i2c_master_transmit failed: [259] ESP_ERR_INVALID_STATE

[  2398][E][Encoder.cpp:28] getRpmMovingAverage(): [Enc] AS5600 read failed

E (2807) ESPNOW: esp now not ini[  2400][E][esp32-hal-i2c-ng.c:275] i2cWrite(): i2c_master_transmit failed: [259] ESP_ERR_INVALID_STATE

[  2400][E][Encoder.cpp:28] getRpmMovingAverage(): [Enc] AS5600 read failed

t!

[  2400][E][NacelleComms.cpp:175] sendNacelleData(): [NCO] Tx failed

[  2402][E][esp32-hal-i2c-ng.c:275] i2cWrite(): i2c_master_transmit failed: [259] ESP_ERR_INVALID_STATE

[  2402][E][Encoder.cpp:28] getRpmMovingAverage(): [Enc] AS5600 read failed

[  2404][E][esp32-hal-i2c-ng.c:275] i2cWrite(): i2c_master_transmit failed: [259] ESP_ERR_INVALID_STATE

[  2404][E][Encoder.cpp:28] getRpmMovingAverage(): [Enc] AS5600 read failed

E (2812) ESPNOW: esp now not init!

[  2405][E][NacelleComms.cpp:175] sendNacelleData(): [NCO] Tx failed

[  2406][E][esp32-hal-i2c-ng.c:275] i2cWrite(): i2c_master_transmit failed: [259] ESP_ERR_INVALID_STATE

[  2406][E][Encoder.cpp:28] getRpmMovingAverage(): [Enc] AS5600 read failed

[  2408][E][esp32-hal-i2c-ng.c:275] i2cWrite(): i2c_master_transmit failed: [259] ESP_ERR_INVALID_STATE

[  2408][E][Encoder.cpp:28] getRpmMovingAverage(): [Enc] AS5600 read failed

E (2817) ESPNOW: esp now not ini[  2410][E][esp32-hal-i2c-ng.c:275] i2cWrite(): i2c_master_transmit failed: [259] ESP_ERR_INVALID_STATE

[  2410][E][Encoder.cpp:28] getRpmMovingAverage(): [Enc] AS5600 read failed

t!

[  2410][E][NacelleComms.cpp:175] sendNacelleData(): [NCO] Tx failed

[  2412][E][esp32-hal-i2c-ng.c:275] i2cWrite(): i2c_master_transmit failed: [259] ESP_ERR_INVALID_STATE

[  2412][E][Encoder.cpp:28] getRpmMovingAverage(): [Enc] AS5600 read failed

[  2414][E][esp32-hal-i2c-ng.c:275] i2cWrite(): i2c_master_transmit failed: [259] ESP_ERR_INVALID_STATE

[  2414][E][Encoder.cpp:28] getRpmMovingAverage(): [Enc] AS5600 read failed

E (2822) ESPNOW: esp now not init!

[  2415][E][NacelleComms.cpp:175] sendNacelleData(): [NCO] Tx failed

[  2416][E][esp32-hal-i2c-ng.c:275] i2cWrite(): i2c_master_transmit failed: [259] ESP_ERR_INVALID_STATE

[  2416][E][Encoder.cpp:28] getRpmMovingAverage(): [Enc] AS5600 read failed

[  2418][E][esp32-hal-i2c-ng.c:275] i2cWrite(): i2c_master_transmit failed: [259] ESP_ERR_INVALID_STATE

[  2418][E][Encoder.cpp:28] getRpmMovingAverage(): [Enc] AS5600 read failed

E (2827) ESPNOW: esp now not ini[  2420][E][esp32-hal-i2c-ng.c:275] i2cWrite(): i2c_master_transmit failed: [259] ESP_ERR_INVALID_STATE

[  2420][E][Encoder.cpp:28] getRpmMovingAverage(): [Enc] AS5600 read failed

t!

[  2420][E][NacelleComms.cpp:175] sendNacelleData(): [NCO] Tx failed

[  2422][E][esp32-hal-i2c-ng.c:275] i2cWrite(): i2c_master_transmit failed: [259] ESP_ERR_INVALID_STATE

[  2422][E][Encoder.cpp:28] getRpmMovingAverage(): [Enc] AS5600 read failed

[  2424][E][esp32-hal-i2c-ng.c:275] i2cWrite(): i2c_master_transmit failed: [259] ESP_ERR_INVALID_STATE

[  2424][E][Encoder.cpp:28] getRpmMovingAverage(): [Enc] AS5600 read failed

E (2832) ESPNOW: esp now not init!

[  2425][E][NacelleComms.cpp:175] sendNacelleData(): [NCO] Tx failed

[  2426][E][esp32-hal-i2c-ng.c:275] i2cWrite(): i2c_master_transmit failed: [259] ESP_ERR_INVALID_STATE

[  2426][E][Encoder.cpp:28] getRpmMovingAverage(): [Enc] AS5600 read failed

[  2428][E][esp32-hal-i2c-ng.c:275] i2cWrite(): i2c_master_transmit failed: [259] ESP_ERR_INVALID_STATE

[  2428][E][Encoder.cpp:28] getRpmMovingAverage(): [Enc] AS5600 read failed

E (2837) ESPNOW: esp now not ini[  2430][E][esp32-hal-i2c-ng.c:275] i2cWrite(): i2c_master_transmit failed: [259] ESP_ERR_INVALID_STATE

[  2430][E][Encoder.cpp:28] getRpmMovingAverage(): [Enc] AS5600 read failed

t!

[  2430][E][NacelleComms.cpp:175] sendNacelleData(): [NCO] Tx failed

[  2432][E][esp32-hal-i2c-ng.c:275] i2cWrite(): i2c_master_transmit failed: [259] ESP_ERR_INVALID_STATE

[  2432][E][Encoder.cpp:28] getRpmMovingAverage(): [Enc] AS5600 read failed

[  2434][E][esp32-hal-i2c-ng.c:275] i2cWrite(): i2c_master_transmit failed: [259] ESP_ERR_INVALID_STATE

[  2434][E][Encoder.cpp:28] getRpmMovingAverage(): [Enc] AS5600 read failed

E (2842) ESPNOW: esp now not init!

[  2435][E][NacelleComms.cpp:175] sendNacelleData(): [NCO] Tx failed

[  2436][E][esp32-hal-i2c-ng.c:275] i2cWrite(): i2c_master_transmit failed: [259] ESP_ERR_INVALID_STATE

[  2436][E][Encoder.cpp:28] getRpmMovingAverage(): [Enc] AS5600 read failed

[  2438][E][esp32-hal-i2c-ng.c:275] i2cWrite(): i2c_master_transmit failed: [259] ESP_ERR_INVALID_STATE

[  2438][E][Encoder.cpp:28] getRpmMovingAverage(): [Enc] AS5600 read failed

E (2847) ESPNOW: esp now not ini[  2440][E][esp32-hal-i2c-ng.c:275] i2cWrite(): i2c_master_transmit failed: [259] ESP_ERR_INVALID_STATE

[  2440][E][Encoder.cpp:28] getRpmMovingAverage(): [Enc] AS5600 read failed

t!

[  2440][E][NacelleComms.cpp:175] sendNacelleData(): [NCO] Tx failed

[  2442][E][esp32-hal-i2c-ng.c:275] i2cWrite(): i2c_master_transmit failed: [259] ESP_ERR_INVALID_STATE

[  2442][E][Encoder.cpp:28] getRpmMovingAverage(): [Enc] AS5600 read failed

[  2444][E][esp32-hal-i2c-ng.c:275] i2cWrite(): i2c_master_transmit failed: [259] ESP_ERR_INVALID_STATE

[  2444][E][Encoder.cpp:28] getRpmMovingAverage(): [Enc] AS5600 read failed

E (2852) ESPNOW: esp now not init!

[  2445][E][NacelleComms.cpp:175] sendNacelleData(): [NCO] Tx failed

[  2446][E][esp32-hal-i2c-ng.c:275] i2cWrite(): i2c_master_transmit failed: [259] ESP_ERR_INVALID_STATE

[  2446][E][Encoder.cpp:28] getRpmMovingAverage(): [Enc] AS5600 read failed

[  2448][E][esp32-hal-i2c-ng.c:275] i2cWrite(): i2c_master_transmit failed: [259] ESP_ERR_INVALID_STATE

[  2448][E][Encoder.cpp:28] getRpmMovingAverage(): [Enc] AS5600 read failed

E (2857) ESPNOW: esp now not ini[  2450][E][esp32-hal-i2c-ng.c:275] i2cWrite(): i2c_master_transmit failed: [259] ESP_ERR_INVALID_STATE

[  2450][E][Encoder.cpp:28] getRpmMovingAverage(): [Enc] AS5600 read failed

t!

[  2450][E][NacelleComms.cpp:175] sendNacelleData(): [NCO] Tx failed

[  2452][E][esp32-hal-i2c-ng.c:275] i2cWrite(): i2c_master_transmit failed: [259] ESP_ERR_INVALID_STATE

[  2452][E][Encoder.cpp:28] getRpmMovingAverage(): [Enc] AS5600 read failed

[  2454][E][esp32-hal-i2c-ng.c:275] i2cWrite(): i2c_master_transmit failed: [259] ESP_ERR_INVALID_STATE

[  2454][E][Encoder.cpp:28] getRpmMovingAverage(): [Enc] AS5600 read failed

E (2862) ESPNOW: esp now not init!

[  2455][E][NacelleComms.cpp:175] sendNacelleData(): [NCO] Tx failed

[  2456][E][esp32-hal-i2c-ng.c:275] i2cWrite(): i2c_master_transmit failed: [259] ESP_ERR_INVALID_STATE

[  2456][E][Encoder.cpp:28] getRpmMovingAverage(): [Enc] AS5600 read failed

[  2458][E][esp32-hal-i2c-ng.c:275] i2cWrite(): i2c_master_transmit failed: [259] ESP_ERR_INVALID_STATE

[  2458][E][Encoder.cpp:28] getRpmMovingAverage(): [Enc] AS5600 read failed

E (2867) ESPNOW: esp now not ini[  2460][E][esp32-hal-i2c-ng.c:275] i2cWrite(): i2c_master_transmit failed: [259] ESP_ERR_INVALID_STATE

[  2460][E][Encoder.cpp:28] getRpmMovingAverage(): [Enc] AS5600 read failed

!

[  2461][E][NacelleComms.cpp:175] sendNacelleData(): [NCO] Tx failed

[  2462][E][esp32-hal-i2c-ng.c:275] i2cWrite(): i2c_master_transmit failed: [259] ESP_ERR_INVALID_STATE

[  2462][E][Encoder.cpp:28] getRpmMovingAverage(): [Enc] AS5600 read failed

[  2464][E][esp32-hal-i2c-ng.c:275] i2cWrite(): i2c_master_transmit failed: [259] ESP_ERR_INVALID_STATE

[  2464][E][Encoder.cpp:28] getRpmMovingAverage(): [Enc] AS5600 read failed

E (2872) ESPNOW: esp now not init!

[  2465][E][NacelleComms.cpp:175] sendNacelleData(): [NCO] Tx failed

[  2466][E][esp32-hal-i2c-ng.c:275] i2cWrite(): i2c_master_transmit failed: [259] ESP_ERR_INVALID_STATE

[  2466][E][Encoder.cpp:28] getRpmMovingAverage(): [Enc] AS5600 read failed

[  2468][E][esp32-hal-i2c-ng.c:275] i2cWrite(): i2c_master_transmit failed: [259] ESP_ERR_INVALID_STATE

[  2468][E][Encoder.cpp:28] getRpmMovingAverage(): [Enc] AS5600 read failed

E (2877) ESPNOW: esp now not ini[  2470][E][esp32-hal-i2c-ng.c:275] i2cWrite(): i2c_master_transmit failed: [259] ESP_ERR_INVALID_STATE

[  2470][E][Encoder.cpp:28] getRpmMovingAverage(): [Enc] AS5600 read failed


[  2471][E][NacelleComms.cpp:175] sendNacelleData(): [NCO] Tx failed

[  2472][E][esp32-hal-i2c-ng.c:275] i2cWrite(): i2c_master_transmit failed: [259] ESP_ERR_INVALID_STATE

[  2472][E][Encoder.cpp:28] getRpmMovingAverage(): [Enc] AS5600 read failed

[  2474][E][esp32-hal-i2c-ng.c:275] i2cWrite(): i2c_master_transmit failed: [259] ESP_ERR_INVALID_STATE

[  2474][E][Encoder.cpp:28] getRpmMovingAverage(): [Enc] AS5600 read failed

E (2882) ESPNOW: esp now not init!

[  2475][E][NacelleComms.cpp:175] sendNacelleData(): [NCO] Tx failed

[  2476][E][esp32-hal-i2c-ng.c:275] i2cWrite(): i2c_master_transmit failed: [259] ESP_ERR_INVALID_STATE

[  2476][E][Encoder.cpp:28] getRpmMovingAverage(): [Enc] AS5600 read failed

[  2478][E][esp32-hal-i2c-ng.c:275] i2cWrite(): i2c_master_transmit failed: [259] ESP_ERR_INVALID_STATE

[  2478][E][Encoder.cpp:28] getRpmMovingAverage(): [Enc] AS5600 read failed

